2026-09-30T00:34:14+08:00 Run ID: neutrino_20260930_003414+0800_ca731e
2026-09-30T00:34:14+08:00 Time zone: UTC+8 (+0800 in Run ID, +08:00 in console/evidence timestamps)
2026-09-30T00:34:14+08:00 Planned output: /root/vera-cycle/campaigns/neutrino_20260930_003414+0800_ca731e
2026-09-30T00:34:14+08:00 Selected targets: L105-21R_n1, L105-21R_n2, L105-21R_n3
2026-09-30T00:34:14+08:00 Mode: aux_cycle; channel: inband; loops: unlimited; hours: 8.0
2026-09-30T00:34:14+08:00 Auxiliary AC cycle uses the BMC standby controller for either selected channel.
2026-09-30T00:34:14+08:00 PRE started. Missing standard tools will be installed with apt when available; mst is not installed by this program.
2026-09-30T00:34:35+08:00 L105-21R_n3 | PRE | FAIL
2026-09-30T00:34:35+08:00   Identity: BMC SSH OK | OS SSH OK
2026-09-30T00:34:35+08:00   FAIL BF4: Expected at least 1; detected 0
2026-09-30T00:34:35+08:00   WARN PrMo0CPU0EnfEDP0: 2 rows share this sensor name with differing values; review each row
2026-09-30T00:34:35+08:00   WARN PrMo0CPU1EnfEDP0: 2 rows share this sensor name with differing values; review each row
2026-09-30T00:34:35+08:00 L105-21R_n1 | PRE | FAIL
2026-09-30T00:34:35+08:00   Identity: BMC SSH OK | OS SSH OK
2026-09-30T00:34:35+08:00   FAIL BF4: Expected at least 1; detected 0
2026-09-30T00:34:35+08:00   FAIL 0004:01:00.0: Non-Volatile memory controller: KIOXIA Corporation NVMe SSD Controller XD8 (rev 01) (prog-if 02 [NVM Express]): LnkSta: Speed 32GT/s, Width x2 (downgraded)
2026-09-30T00:34:35+08:00   WARN PrMo0CPU0EnfEDP0: 2 rows share this sensor name with differing values; review each row
2026-09-30T00:34:35+08:00   WARN PrMo0CPU1EnfEDP0: 2 rows share this sensor name with differing values; review each row
2026-09-30T00:34:35+08:00 L105-21R_n2 | PRE | FAIL
2026-09-30T00:34:35+08:00   Identity: BMC SSH OK | OS SSH OK
2026-09-30T00:34:35+08:00   FAIL BF4: Expected at least 1; detected 0
2026-09-30T00:34:35+08:00   WARN PrMo0CPU0EnfEDP0: 2 rows share this sensor name with differing values; review each row
2026-09-30T00:34:35+08:00   WARN PrMo0CPU1EnfEDP0: 2 rows share this sensor name with differing values; review each row
2026-09-30T00:35:41+08:00 Operator decision: START
2026-09-30T00:35:41+08:00 Campaign started. Output: /root/vera-cycle/campaigns/neutrino_20260930_003414+0800_ca731e
2026-09-30T00:35:41+08:00 Stop after the current POST: ./stop_cycle.sh neutrino_20260930_003414+0800_ca731e
2026-09-30T00:35:41+08:00 L105-21R_n1 | log clearing | complete
2026-09-30T00:35:41+08:00 L105-21R_n2 | log clearing | complete
2026-09-30T00:35:41+08:00 L105-21R_n3 | log clearing | complete
2026-09-30T00:35:41+08:00 Loop 1: starting 3 target(s) concurrently
2026-09-30T00:35:43+08:00 Loop 1: L105-21R_n2 | aux cycle sent
2026-09-30T00:35:43+08:00 Loop 1: L105-21R_n2 | waiting OS boot
2026-09-30T00:35:43+08:00 Loop 1: L105-21R_n3 | aux cycle sent
2026-09-30T00:35:43+08:00 Loop 1: L105-21R_n3 | waiting OS boot
2026-09-30T00:35:43+08:00 Loop 1: L105-21R_n1 | aux cycle sent
2026-09-30T00:35:43+08:00 Loop 1: L105-21R_n1 | waiting OS boot
2026-09-30T00:36:11+08:00 Loop 1: still running — L105-21R_n1: waiting OS boot, L105-21R_n2: waiting OS boot, L105-21R_n3: waiting OS boot
2026-09-30T00:36:41+08:00 Loop 1: still running — L105-21R_n1: waiting OS boot, L105-21R_n2: waiting OS boot, L105-21R_n3: waiting OS boot
2026-09-30T00:37:11+08:00 Loop 1: still running — L105-21R_n1: waiting OS boot, L105-21R_n2: waiting OS boot, L105-21R_n3: waiting OS boot
2026-09-30T00:37:41+08:00 Loop 1: still running — L105-21R_n1: waiting OS boot, L105-21R_n2: waiting OS boot, L105-21R_n3: waiting OS boot
2026-09-30T00:38:12+08:00 Loop 1: still running — L105-21R_n1: waiting OS boot, L105-21R_n2: waiting OS boot, L105-21R_n3: waiting OS boot
2026-09-30T00:38:42+08:00 Loop 1: still running — L105-21R_n1: waiting OS boot, L105-21R_n2: waiting OS boot, L105-21R_n3: waiting OS boot
2026-09-30T00:39:12+08:00 Loop 1: still running — L105-21R_n1: waiting OS boot, L105-21R_n2: waiting OS boot, L105-21R_n3: waiting OS boot
2026-09-30T00:39:42+08:00 Loop 1: still running — L105-21R_n1: waiting OS boot, L105-21R_n2: waiting OS boot, L105-21R_n3: waiting OS boot
2026-09-30T00:40:12+08:00 Loop 1: still running — L105-21R_n1: waiting OS boot, L105-21R_n2: waiting OS boot, L105-21R_n3: waiting OS boot
2026-09-30T00:40:18+08:00 Loop 1: L105-21R_n1 | OS up, system check running
2026-09-30T00:40:21+08:00 Loop 1: L105-21R_n2 | OS up, system check running
2026-09-30T00:40:21+08:00 Loop 1: L105-21R_n3 | OS up, system check running
2026-09-30T00:40:40+08:00 Loop 1: L105-21R_n1 | system check done
2026-09-30T00:40:40+08:00 Loop 1: L105-21R_n1 | DONE
2026-09-30T00:40:40+08:00 L105-21R_n1 | LOOP 1 | FAIL
2026-09-30T00:40:40+08:00   FAIL BF4: Expected at least 1; detected 0
2026-09-30T00:40:40+08:00   FAIL 0004:01:00.0: Non-Volatile memory controller: KIOXIA Corporation NVMe SSD Controller XD8 (rev 01) (prog-if 02 [NVM Express]): LnkSta: Speed 32GT/s, Width x2 (downgraded)
2026-09-30T00:40:40+08:00   WARN PrMo0CPU0EnfEDP0: 2 rows share this sensor name with differing values; review each row
2026-09-30T00:40:40+08:00   WARN PrMo0CPU1EnfEDP0: 2 rows share this sensor name with differing values; review each row
2026-09-30T00:40:41+08:00 Loop 1: L105-21R_n2 | system check done
2026-09-30T00:40:41+08:00 Loop 1: L105-21R_n2 | DONE
2026-09-30T00:40:41+08:00 L105-21R_n2 | LOOP 1 | FAIL
2026-09-30T00:40:41+08:00   FAIL BF4: Expected at least 1; detected 0
2026-09-30T00:40:41+08:00   WARN PrMo0CPU0EnfEDP0: 2 rows share this sensor name with differing values; review each row
2026-09-30T00:40:41+08:00   WARN PrMo0CPU1EnfEDP0: 2 rows share this sensor name with differing values; review each row
2026-09-30T00:40:42+08:00 Loop 1: L105-21R_n3 | system check done
2026-09-30T00:40:42+08:00 Loop 1: L105-21R_n3 | DONE
2026-09-30T00:40:42+08:00 L105-21R_n3 | LOOP 1 | FAIL
2026-09-30T00:40:42+08:00   FAIL BF4: Expected at least 1; detected 0
2026-09-30T00:40:42+08:00   WARN PrMo0CPU0EnfEDP0: 2 rows share this sensor name with differing values; review each row
2026-09-30T00:40:42+08:00   WARN PrMo0CPU1EnfEDP0: 2 rows share this sensor name with differing values; review each row
2026-09-30T00:40:42+08:00 Loop 2: starting 3 target(s) concurrently
2026-09-30T00:40:43+08:00 Loop 2: L105-21R_n3 | aux cycle sent
2026-09-30T00:40:43+08:00 Loop 2: L105-21R_n3 | waiting OS boot
2026-09-30T00:40:43+08:00 Loop 2: L105-21R_n2 | aux cycle sent
2026-09-30T00:40:43+08:00 Loop 2: L105-21R_n2 | waiting OS boot
2026-09-30T00:40:43+08:00 Loop 2: L105-21R_n1 | aux cycle sent
2026-09-30T00:40:43+08:00 Loop 2: L105-21R_n1 | waiting OS boot
2026-09-30T00:41:12+08:00 Loop 2: still running — L105-21R_n1: waiting OS boot, L105-21R_n2: waiting OS boot, L105-21R_n3: waiting OS boot
2026-09-30T00:41:42+08:00 Loop 2: still running — L105-21R_n1: waiting OS boot, L105-21R_n2: waiting OS boot, L105-21R_n3: waiting OS boot
2026-09-30T00:42:12+08:00 Loop 2: still running — L105-21R_n1: waiting OS boot, L105-21R_n2: waiting OS boot, L105-21R_n3: waiting OS boot
2026-09-30T00:42:42+08:00 Loop 2: still running — L105-21R_n1: waiting OS boot, L105-21R_n2: waiting OS boot, L105-21R_n3: waiting OS boot
2026-09-30T00:43:12+08:00 Loop 2: still running — L105-21R_n1: waiting OS boot, L105-21R_n2: waiting OS boot, L105-21R_n3: waiting OS boot
2026-09-30T00:43:42+08:00 Loop 2: still running — L105-21R_n1: waiting OS boot, L105-21R_n2: waiting OS boot, L105-21R_n3: waiting OS boot
2026-09-30T00:44:12+08:00 Loop 2: still running — L105-21R_n1: waiting OS boot, L105-21R_n2: waiting OS boot, L105-21R_n3: waiting OS boot
2026-09-30T00:44:42+08:00 Loop 2: still running — L105-21R_n1: waiting OS boot, L105-21R_n2: waiting OS boot, L105-21R_n3: waiting OS boot
2026-09-30T00:45:12+08:00 Loop 2: still running — L105-21R_n1: waiting OS boot, L105-21R_n2: waiting OS boot, L105-21R_n3: waiting OS boot
2026-09-30T00:45:21+08:00 Loop 2: L105-21R_n2 | OS up, system check running
2026-09-30T00:45:21+08:00 Loop 2: L105-21R_n3 | OS up, system check running
2026-09-30T00:45:23+08:00 Loop 2: L105-21R_n1 | OS up, system check running
2026-09-30T00:45:42+08:00 Loop 2: still running — L105-21R_n1: OS up, system check running, L105-21R_n2: OS up, system check running, L105-21R_n3: OS up, system check running
2026-09-30T00:45:42+08:00 Loop 2: L105-21R_n2 | system check done
2026-09-30T00:45:42+08:00 Loop 2: L105-21R_n2 | DONE
2026-09-30T00:45:42+08:00 L105-21R_n2 | LOOP 2 | FAIL
2026-09-30T00:45:42+08:00   FAIL BF4: Expected at least 1; detected 0
2026-09-30T00:45:42+08:00   WARN PrMo0CPU0EnfEDP0: 2 rows share this sensor name with differing values; review each row
2026-09-30T00:45:42+08:00   WARN PrMo0CPU1EnfEDP0: 2 rows share this sensor name with differing values; review each row
2026-09-30T00:45:42+08:00 Loop 2: L105-21R_n3 | system check done
2026-09-30T00:45:42+08:00 Loop 2: L105-21R_n3 | DONE
2026-09-30T00:45:42+08:00 L105-21R_n3 | LOOP 2 | FAIL
2026-09-30T00:45:42+08:00   FAIL BF4: Expected at least 1; detected 0
2026-09-30T00:45:42+08:00   WARN PrMo0CPU0EnfEDP0: 2 rows share this sensor name with differing values; review each row
2026-09-30T00:45:42+08:00   WARN PrMo0CPU1EnfEDP0: 2 rows share this sensor name with differing values; review each row
2026-09-30T00:45:43+08:00 Loop 2: L105-21R_n1 | system check done
2026-09-30T00:45:43+08:00 Loop 2: L105-21R_n1 | DONE
2026-09-30T00:45:43+08:00 L105-21R_n1 | LOOP 2 | FAIL
2026-09-30T00:45:43+08:00   FAIL BF4: Expected at least 1; detected 0
2026-09-30T00:45:43+08:00   FAIL 0004:01:00.0: Non-Volatile memory controller: KIOXIA Corporation NVMe SSD Controller XD8 (rev 01) (prog-if 02 [NVM Express]): LnkSta: Speed 32GT/s, Width x2 (downgraded)
2026-09-30T00:45:43+08:00   WARN PrMo0CPU0EnfEDP0: 2 rows share this sensor name with differing values; review each row
2026-09-30T00:45:43+08:00   WARN PrMo0CPU1EnfEDP0: 2 rows share this sensor name with differing values; review each row
2026-09-30T00:45:43+08:00 Loop 3: starting 3 target(s) concurrently
2026-09-30T00:45:44+08:00 Loop 3: L105-21R_n3 | aux cycle sent
2026-09-30T00:45:44+08:00 Loop 3: L105-21R_n3 | waiting OS boot
2026-09-30T00:45:44+08:00 Loop 3: L105-21R_n1 | aux cycle sent
2026-09-30T00:45:44+08:00 Loop 3: L105-21R_n1 | waiting OS boot
2026-09-30T00:45:44+08:00 Loop 3: L105-21R_n2 | aux cycle sent
2026-09-30T00:45:44+08:00 Loop 3: L105-21R_n2 | waiting OS boot
2026-09-30T00:46:13+08:00 Loop 3: still running — L105-21R_n1: waiting OS boot, L105-21R_n2: waiting OS boot, L105-21R_n3: waiting OS boot
2026-09-30T00:46:43+08:00 Loop 3: still running — L105-21R_n1: waiting OS boot, L105-21R_n2: waiting OS boot, L105-21R_n3: waiting OS boot
2026-09-30T00:47:13+08:00 Loop 3: still running — L105-21R_n1: waiting OS boot, L105-21R_n2: waiting OS boot, L105-21R_n3: waiting OS boot
2026-09-30T00:47:43+08:00 Loop 3: still running — L105-21R_n1: waiting OS boot, L105-21R_n2: waiting OS boot, L105-21R_n3: waiting OS boot
2026-09-30T00:48:13+08:00 Loop 3: still running — L105-21R_n1: waiting OS boot, L105-21R_n2: waiting OS boot, L105-21R_n3: waiting OS boot
2026-09-30T00:48:43+08:00 Loop 3: still running — L105-21R_n1: waiting OS boot, L105-21R_n2: waiting OS boot, L105-21R_n3: waiting OS boot
2026-09-30T00:49:13+08:00 Loop 3: still running — L105-21R_n1: waiting OS boot, L105-21R_n2: waiting OS boot, L105-21R_n3: waiting OS boot
2026-09-30T00:49:43+08:00 Loop 3: still running — L105-21R_n1: waiting OS boot, L105-21R_n2: waiting OS boot, L105-21R_n3: waiting OS boot
2026-09-30T00:50:13+08:00 Loop 3: still running — L105-21R_n1: waiting OS boot, L105-21R_n2: waiting OS boot, L105-21R_n3: waiting OS boot
2026-09-30T00:50:24+08:00 Loop 3: L105-21R_n1 | OS up, system check running
2026-09-30T00:50:24+08:00 Loop 3: L105-21R_n2 | OS up, system check running
2026-09-30T00:50:25+08:00 Loop 3: L105-21R_n3 | OS up, system check running
2026-09-30T00:50:43+08:00 Loop 3: still running — L105-21R_n1: OS up, system check running, L105-21R_n2: OS up, system check running, L105-21R_n3: OS up, system check running
2026-09-30T00:50:44+08:00 Loop 3: L105-21R_n1 | system check done
2026-09-30T00:50:44+08:00 Loop 3: L105-21R_n1 | DONE
2026-09-30T00:50:44+08:00 L105-21R_n1 | LOOP 3 | FAIL
2026-09-30T00:50:44+08:00   FAIL BF4: Expected at least 1; detected 0
2026-09-30T00:50:44+08:00   FAIL 0004:01:00.0: Non-Volatile memory controller: KIOXIA Corporation NVMe SSD Controller XD8 (rev 01) (prog-if 02 [NVM Express]): LnkSta: Speed 32GT/s, Width x2 (downgraded)
2026-09-30T00:50:44+08:00   WARN PrMo0CPU0EnfEDP0: 2 rows share this sensor name with differing values; review each row
2026-09-30T00:50:44+08:00   WARN PrMo0CPU1EnfEDP0: 2 rows share this sensor name with differing values; review each row
2026-09-30T00:50:45+08:00 Loop 3: L105-21R_n2 | system check done
2026-09-30T00:50:45+08:00 Loop 3: L105-21R_n2 | DONE
2026-09-30T00:50:45+08:00 L105-21R_n2 | LOOP 3 | FAIL
2026-09-30T00:50:45+08:00   FAIL BF4: Expected at least 1; detected 0
2026-09-30T00:50:45+08:00   WARN PrMo0CPU0EnfEDP0: 2 rows share this sensor name with differing values; review each row
2026-09-30T00:50:45+08:00   WARN PrMo0CPU1EnfEDP0: 2 rows share this sensor name with differing values; review each row
2026-09-30T00:50:45+08:00 Loop 3: L105-21R_n3 | system check done
2026-09-30T00:50:45+08:00 Loop 3: L105-21R_n3 | DONE
2026-09-30T00:50:45+08:00 L105-21R_n3 | LOOP 3 | FAIL
2026-09-30T00:50:45+08:00   FAIL BF4: Expected at least 1; detected 0
2026-09-30T00:50:45+08:00   WARN PrMo0CPU0EnfEDP0: 2 rows share this sensor name with differing values; review each row
2026-09-30T00:50:45+08:00   WARN PrMo0CPU1EnfEDP0: 2 rows share this sensor name with differing values; review each row
2026-09-30T00:50:45+08:00 Loop 4: starting 3 target(s) concurrently
2026-09-30T00:50:46+08:00 Loop 4: L105-21R_n2 | aux cycle sent
2026-09-30T00:50:46+08:00 Loop 4: L105-21R_n2 | waiting OS boot
2026-09-30T00:50:46+08:00 Loop 4: L105-21R_n1 | aux cycle sent
2026-09-30T00:50:46+08:00 Loop 4: L105-21R_n1 | waiting OS boot
2026-09-30T00:50:46+08:00 Loop 4: L105-21R_n3 | aux cycle sent
2026-09-30T00:50:46+08:00 Loop 4: L105-21R_n3 | waiting OS boot
2026-09-30T00:51:15+08:00 Loop 4: still running — L105-21R_n1: waiting OS boot, L105-21R_n2: waiting OS boot, L105-21R_n3: waiting OS boot
2026-09-30T00:51:45+08:00 Loop 4: still running — L105-21R_n1: waiting OS boot, L105-21R_n2: waiting OS boot, L105-21R_n3: waiting OS boot
2026-09-30T00:52:15+08:00 Loop 4: still running — L105-21R_n1: waiting OS boot, L105-21R_n2: waiting OS boot, L105-21R_n3: waiting OS boot
2026-09-30T00:52:45+08:00 Loop 4: still running — L105-21R_n1: waiting OS boot, L105-21R_n2: waiting OS boot, L105-21R_n3: waiting OS boot
2026-09-30T00:53:15+08:00 Loop 4: still running — L105-21R_n1: waiting OS boot, L105-21R_n2: waiting OS boot, L105-21R_n3: waiting OS boot
2026-09-30T00:53:45+08:00 Loop 4: still running — L105-21R_n1: waiting OS boot, L105-21R_n2: waiting OS boot, L105-21R_n3: waiting OS boot
2026-09-30T00:54:15+08:00 Loop 4: still running — L105-21R_n1: waiting OS boot, L105-21R_n2: waiting OS boot, L105-21R_n3: waiting OS boot
2026-09-30T00:54:45+08:00 Loop 4: still running — L105-21R_n1: waiting OS boot, L105-21R_n2: waiting OS boot, L105-21R_n3: waiting OS boot
2026-09-30T00:55:15+08:00 Loop 4: still running — L105-21R_n1: waiting OS boot, L105-21R_n2: waiting OS boot, L105-21R_n3: waiting OS boot
2026-09-30T00:55:23+08:00 Loop 4: L105-21R_n1 | OS up, system check running
2026-09-30T00:55:26+08:00 Loop 4: L105-21R_n2 | OS up, system check running
2026-09-30T00:55:26+08:00 Loop 4: L105-21R_n3 | OS up, system check running
2026-09-30T00:55:45+08:00 Loop 4: L105-21R_n1 | system check done
2026-09-30T00:55:45+08:00 Loop 4: L105-21R_n1 | DONE
2026-09-30T00:55:45+08:00 L105-21R_n1 | LOOP 4 | FAIL
2026-09-30T00:55:45+08:00   FAIL BF4: Expected at least 1; detected 0
2026-09-30T00:55:45+08:00   FAIL 0004:01:00.0: Non-Volatile memory controller: KIOXIA Corporation NVMe SSD Controller XD8 (rev 01) (prog-if 02 [NVM Express]): LnkSta: Speed 32GT/s, Width x2 (downgraded)
2026-09-30T00:55:45+08:00   WARN PrMo0CPU0EnfEDP0: 2 rows share this sensor name with differing values; review each row
2026-09-30T00:55:45+08:00   WARN PrMo0CPU1EnfEDP0: 2 rows share this sensor name with differing values; review each row
2026-09-30T00:55:47+08:00 Loop 4: L105-21R_n2 | system check done
2026-09-30T00:55:47+08:00 Loop 4: L105-21R_n2 | DONE
2026-09-30T00:55:47+08:00 L105-21R_n2 | LOOP 4 | FAIL
2026-09-30T00:55:47+08:00   FAIL BF4: Expected at least 1; detected 0
2026-09-30T00:55:47+08:00   WARN PrMo0CPU0EnfEDP0: 2 rows share this sensor name with differing values; review each row
2026-09-30T00:55:47+08:00   WARN PrMo0CPU1EnfEDP0: 2 rows share this sensor name with differing values; review each row
2026-09-30T00:55:47+08:00 Loop 4: L105-21R_n3 | system check done
2026-09-30T00:55:47+08:00 Loop 4: L105-21R_n3 | DONE
2026-09-30T00:55:47+08:00 L105-21R_n3 | LOOP 4 | FAIL
2026-09-30T00:55:47+08:00   FAIL BF4: Expected at least 1; detected 0
2026-09-30T00:55:47+08:00   WARN PrMo0CPU0EnfEDP0: 2 rows share this sensor name with differing values; review each row
2026-09-30T00:55:47+08:00   WARN PrMo0CPU1EnfEDP0: 2 rows share this sensor name with differing values; review each row
2026-09-30T00:55:47+08:00 Loop 5: starting 3 target(s) concurrently
2026-09-30T00:55:48+08:00 Loop 5: L105-21R_n2 | aux cycle sent
2026-09-30T00:55:48+08:00 Loop 5: L105-21R_n2 | waiting OS boot
2026-09-30T00:55:48+08:00 Loop 5: L105-21R_n1 | aux cycle sent
2026-09-30T00:55:48+08:00 Loop 5: L105-21R_n1 | waiting OS boot
2026-09-30T00:55:48+08:00 Loop 5: L105-21R_n3 | aux cycle sent
2026-09-30T00:55:48+08:00 Loop 5: L105-21R_n3 | waiting OS boot
2026-09-30T00:56:17+08:00 Loop 5: still running — L105-21R_n1: waiting OS boot, L105-21R_n2: waiting OS boot, L105-21R_n3: waiting OS boot
2026-09-30T00:56:47+08:00 Loop 5: still running — L105-21R_n1: waiting OS boot, L105-21R_n2: waiting OS boot, L105-21R_n3: waiting OS boot
2026-09-30T00:57:17+08:00 Loop 5: still running — L105-21R_n1: waiting OS boot, L105-21R_n2: waiting OS boot, L105-21R_n3: waiting OS boot
2026-09-30T00:57:47+08:00 Loop 5: still running — L105-21R_n1: waiting OS boot, L105-21R_n2: waiting OS boot, L105-21R_n3: waiting OS boot
2026-09-30T00:58:17+08:00 Loop 5: still running — L105-21R_n1: waiting OS boot, L105-21R_n2: waiting OS boot, L105-21R_n3: waiting OS boot
2026-09-30T00:58:47+08:00 Loop 5: still running — L105-21R_n1: waiting OS boot, L105-21R_n2: waiting OS boot, L105-21R_n3: waiting OS boot
2026-09-30T00:59:17+08:00 Loop 5: still running — L105-21R_n1: waiting OS boot, L105-21R_n2: waiting OS boot, L105-21R_n3: waiting OS boot
2026-09-30T00:59:47+08:00 Loop 5: still running — L105-21R_n1: waiting OS boot, L105-21R_n2: waiting OS boot, L105-21R_n3: waiting OS boot
2026-09-30T01:00:17+08:00 Loop 5: still running — L105-21R_n1: waiting OS boot, L105-21R_n2: waiting OS boot, L105-21R_n3: waiting OS boot
2026-09-30T01:00:20+08:00 Loop 5: L105-21R_n1 | OS up, system check running
2026-09-30T01:00:28+08:00 Loop 5: L105-21R_n2 | OS up, system check running
2026-09-30T01:00:28+08:00 Loop 5: L105-21R_n3 | OS up, system check running
2026-09-30T01:00:42+08:00 Loop 5: L105-21R_n1 | system check done
2026-09-30T01:00:42+08:00 Loop 5: L105-21R_n1 | DONE
2026-09-30T01:00:42+08:00 L105-21R_n1 | LOOP 5 | FAIL
2026-09-30T01:00:42+08:00   FAIL BF4: Expected at least 1; detected 0
2026-09-30T01:00:42+08:00   FAIL 0004:01:00.0: Non-Volatile memory controller: KIOXIA Corporation NVMe SSD Controller XD8 (rev 01) (prog-if 02 [NVM Express]): LnkSta: Speed 32GT/s, Width x2 (downgraded)
2026-09-30T01:00:42+08:00   WARN PrMo0CPU0EnfEDP0: 2 rows share this sensor name with differing values; review each row
2026-09-30T01:00:42+08:00   WARN PrMo0CPU1EnfEDP0: 2 rows share this sensor name with differing values; review each row
2026-09-30T01:00:48+08:00 Loop 5: L105-21R_n2 | system check done
2026-09-30T01:00:48+08:00 Loop 5: L105-21R_n2 | DONE
2026-09-30T01:00:48+08:00 L105-21R_n2 | LOOP 5 | FAIL
2026-09-30T01:00:48+08:00   FAIL BF4: Expected at least 1; detected 0
2026-09-30T01:00:48+08:00   WARN PrMo0CPU0EnfEDP0: 2 rows share this sensor name with differing values; review each row
2026-09-30T01:00:48+08:00   WARN PrMo0CPU1EnfEDP0: 2 rows share this sensor name with differing values; review each row
2026-09-30T01:00:49+08:00 Loop 5: L105-21R_n3 | system check done
2026-09-30T01:00:49+08:00 Loop 5: L105-21R_n3 | DONE
2026-09-30T01:00:49+08:00 L105-21R_n3 | LOOP 5 | FAIL
2026-09-30T01:00:49+08:00   FAIL BF4: Expected at least 1; detected 0
2026-09-30T01:00:49+08:00   WARN PrMo0CPU0EnfEDP0: 2 rows share this sensor name with differing values; review each row
2026-09-30T01:00:49+08:00   WARN PrMo0CPU1EnfEDP0: 2 rows share this sensor name with differing values; review each row
2026-09-30T01:00:49+08:00 Loop 6: starting 3 target(s) concurrently
2026-09-30T01:00:51+08:00 Loop 6: L105-21R_n2 | aux cycle sent
2026-09-30T01:00:51+08:00 Loop 6: L105-21R_n2 | waiting OS boot
2026-09-30T01:00:51+08:00 Loop 6: L105-21R_n1 | aux cycle sent
2026-09-30T01:00:51+08:00 Loop 6: L105-21R_n1 | waiting OS boot
2026-09-30T01:00:51+08:00 Loop 6: L105-21R_n3 | aux cycle sent
2026-09-30T01:00:51+08:00 Loop 6: L105-21R_n3 | waiting OS boot
2026-09-30T01:01:19+08:00 Loop 6: still running — L105-21R_n1: waiting OS boot, L105-21R_n2: waiting OS boot, L105-21R_n3: waiting OS boot
2026-09-30T01:01:49+08:00 Loop 6: still running — L105-21R_n1: waiting OS boot, L105-21R_n2: waiting OS boot, L105-21R_n3: waiting OS boot
2026-09-30T01:02:19+08:00 Loop 6: still running — L105-21R_n1: waiting OS boot, L105-21R_n2: waiting OS boot, L105-21R_n3: waiting OS boot
2026-09-30T01:02:49+08:00 Loop 6: still running — L105-21R_n1: waiting OS boot, L105-21R_n2: waiting OS boot, L105-21R_n3: waiting OS boot
2026-09-30T01:03:19+08:00 Loop 6: still running — L105-21R_n1: waiting OS boot, L105-21R_n2: waiting OS boot, L105-21R_n3: waiting OS boot
2026-09-30T01:03:49+08:00 Loop 6: still running — L105-21R_n1: waiting OS boot, L105-21R_n2: waiting OS boot, L105-21R_n3: waiting OS boot
2026-09-30T01:04:19+08:00 Loop 6: still running — L105-21R_n1: waiting OS boot, L105-21R_n2: waiting OS boot, L105-21R_n3: waiting OS boot
2026-09-30T01:04:49+08:00 Loop 6: still running — L105-21R_n1: waiting OS boot, L105-21R_n2: waiting OS boot, L105-21R_n3: waiting OS boot
2026-09-30T01:05:19+08:00 Loop 6: still running — L105-21R_n1: waiting OS boot, L105-21R_n2: waiting OS boot, L105-21R_n3: waiting OS boot
2026-09-30T01:05:28+08:00 Loop 6: L105-21R_n2 | OS up, system check running
2026-09-30T01:05:30+08:00 Loop 6: L105-21R_n3 | OS up, system check running
2026-09-30T01:05:30+08:00 Loop 6: L105-21R_n1 | OS up, system check running
2026-09-30T01:05:49+08:00 Loop 6: still running — L105-21R_n1: OS up, system check running, L105-21R_n2: OS up, system check running, L105-21R_n3: OS up, system check running
2026-09-30T01:05:49+08:00 Loop 6: L105-21R_n2 | system check done
2026-09-30T01:05:49+08:00 Loop 6: L105-21R_n2 | DONE
2026-09-30T01:05:49+08:00 L105-21R_n2 | LOOP 6 | FAIL
2026-09-30T01:05:49+08:00   FAIL BF4: Expected at least 1; detected 0
2026-09-30T01:05:49+08:00   WARN PrMo0CPU0EnfEDP0: 2 rows share this sensor name with differing values; review each row
2026-09-30T01:05:49+08:00   WARN PrMo0CPU1EnfEDP0: 2 rows share this sensor name with differing values; review each row
2026-09-30T01:05:50+08:00 Loop 6: L105-21R_n3 | system check done
2026-09-30T01:05:50+08:00 Loop 6: L105-21R_n3 | DONE
2026-09-30T01:05:50+08:00 L105-21R_n3 | LOOP 6 | FAIL
2026-09-30T01:05:50+08:00   FAIL BF4: Expected at least 1; detected 0
2026-09-30T01:05:50+08:00   WARN PrMo0CPU0EnfEDP0: 2 rows share this sensor name with differing values; review each row
2026-09-30T01:05:50+08:00   WARN PrMo0CPU1EnfEDP0: 2 rows share this sensor name with differing values; review each row
2026-09-30T01:05:51+08:00 Loop 6: L105-21R_n1 | system check done
2026-09-30T01:05:51+08:00 Loop 6: L105-21R_n1 | DONE
2026-09-30T01:05:51+08:00 L105-21R_n1 | LOOP 6 | FAIL
2026-09-30T01:05:51+08:00   FAIL BF4: Expected at least 1; detected 0
2026-09-30T01:05:51+08:00   FAIL 0004:01:00.0: Non-Volatile memory controller: KIOXIA Corporation NVMe SSD Controller XD8 (rev 01) (prog-if 02 [NVM Express]): LnkSta: Speed 32GT/s, Width x2 (downgraded)
2026-09-30T01:05:51+08:00   WARN PrMo0CPU0EnfEDP0: 2 rows share this sensor name with differing values; review each row
2026-09-30T01:05:51+08:00   WARN PrMo0CPU1EnfEDP0: 2 rows share this sensor name with differing values; review each row
2026-09-30T01:05:51+08:00 Loop 7: starting 3 target(s) concurrently
2026-09-30T01:05:52+08:00 Loop 7: L105-21R_n1 | aux cycle sent
2026-09-30T01:05:52+08:00 Loop 7: L105-21R_n1 | waiting OS boot
2026-09-30T01:05:52+08:00 Loop 7: L105-21R_n3 | aux cycle sent
2026-09-30T01:05:52+08:00 Loop 7: L105-21R_n3 | waiting OS boot
2026-09-30T01:05:52+08:00 Loop 7: L105-21R_n2 | aux cycle sent
2026-09-30T01:05:52+08:00 Loop 7: L105-21R_n2 | waiting OS boot
2026-09-30T01:06:21+08:00 Loop 7: still running — L105-21R_n1: waiting OS boot, L105-21R_n2: waiting OS boot, L105-21R_n3: waiting OS boot
2026-09-30T01:06:51+08:00 Loop 7: still running — L105-21R_n1: waiting OS boot, L105-21R_n2: waiting OS boot, L105-21R_n3: waiting OS boot
2026-09-30T01:07:21+08:00 Loop 7: still running — L105-21R_n1: waiting OS boot, L105-21R_n2: waiting OS boot, L105-21R_n3: waiting OS boot
2026-09-30T01:07:51+08:00 Loop 7: still running — L105-21R_n1: waiting OS boot, L105-21R_n2: waiting OS boot, L105-21R_n3: waiting OS boot
2026-09-30T01:08:21+08:00 Loop 7: still running — L105-21R_n1: waiting OS boot, L105-21R_n2: waiting OS boot, L105-21R_n3: waiting OS boot
2026-09-30T01:08:51+08:00 Loop 7: still running — L105-21R_n1: waiting OS boot, L105-21R_n2: waiting OS boot, L105-21R_n3: waiting OS boot
2026-09-30T01:09:21+08:00 Loop 7: still running — L105-21R_n1: waiting OS boot, L105-21R_n2: waiting OS boot, L105-21R_n3: waiting OS boot
2026-09-30T01:09:51+08:00 Loop 7: still running — L105-21R_n1: waiting OS boot, L105-21R_n2: waiting OS boot, L105-21R_n3: waiting OS boot
2026-09-30T01:10:21+08:00 Loop 7: still running — L105-21R_n1: waiting OS boot, L105-21R_n2: waiting OS boot, L105-21R_n3: waiting OS boot
2026-09-30T01:10:30+08:00 Loop 7: L105-21R_n1 | OS up, system check running
2026-09-30T01:10:32+08:00 Loop 7: L105-21R_n2 | OS up, system check running
2026-09-30T01:10:33+08:00 Loop 7: L105-21R_n3 | OS up, system check running
2026-09-30T01:10:51+08:00 Loop 7: L105-21R_n1 | system check done
2026-09-30T01:10:51+08:00 Loop 7: L105-21R_n1 | DONE
2026-09-30T01:10:51+08:00 L105-21R_n1 | LOOP 7 | FAIL
2026-09-30T01:10:51+08:00   FAIL BF4: Expected at least 1; detected 0
2026-09-30T01:10:51+08:00   FAIL 0004:01:00.0: Non-Volatile memory controller: KIOXIA Corporation NVMe SSD Controller XD8 (rev 01) (prog-if 02 [NVM Express]): LnkSta: Speed 32GT/s, Width x2 (downgraded)
2026-09-30T01:10:51+08:00   WARN PrMo0CPU0EnfEDP0: 2 rows share this sensor name with differing values; review each row
2026-09-30T01:10:51+08:00   WARN PrMo0CPU1EnfEDP0: 2 rows share this sensor name with differing values; review each row
2026-09-30T01:10:52+08:00 Loop 7: L105-21R_n2 | system check done
2026-09-30T01:10:52+08:00 Loop 7: L105-21R_n2 | DONE
2026-09-30T01:10:52+08:00 L105-21R_n2 | LOOP 7 | FAIL
2026-09-30T01:10:52+08:00   FAIL BF4: Expected at least 1; detected 0
2026-09-30T01:10:52+08:00   WARN PrMo0CPU0EnfEDP0: 2 rows share this sensor name with differing values; review each row
2026-09-30T01:10:52+08:00   WARN PrMo0CPU1EnfEDP0: 2 rows share this sensor name with differing values; review each row
2026-09-30T01:10:53+08:00 Loop 7: L105-21R_n3 | system check done
2026-09-30T01:10:53+08:00 Loop 7: L105-21R_n3 | DONE
2026-09-30T01:10:53+08:00 L105-21R_n3 | LOOP 7 | FAIL
2026-09-30T01:10:53+08:00   FAIL BF4: Expected at least 1; detected 0
2026-09-30T01:10:53+08:00   WARN PrMo0CPU0EnfEDP0: 2 rows share this sensor name with differing values; review each row
2026-09-30T01:10:53+08:00   WARN PrMo0CPU1EnfEDP0: 2 rows share this sensor name with differing values; review each row
2026-09-30T01:10:53+08:00 Loop 8: starting 3 target(s) concurrently
2026-09-30T01:10:54+08:00 Loop 8: L105-21R_n3 | aux cycle sent
2026-09-30T01:10:54+08:00 Loop 8: L105-21R_n3 | waiting OS boot
2026-09-30T01:10:54+08:00 Loop 8: L105-21R_n2 | aux cycle sent
2026-09-30T01:10:54+08:00 Loop 8: L105-21R_n2 | waiting OS boot
2026-09-30T01:10:54+08:00 Loop 8: L105-21R_n1 | aux cycle sent
2026-09-30T01:10:54+08:00 Loop 8: L105-21R_n1 | waiting OS boot
2026-09-30T01:11:23+08:00 Loop 8: still running — L105-21R_n1: waiting OS boot, L105-21R_n2: waiting OS boot, L105-21R_n3: waiting OS boot
2026-09-30T01:11:53+08:00 Loop 8: still running — L105-21R_n1: waiting OS boot, L105-21R_n2: waiting OS boot, L105-21R_n3: waiting OS boot
2026-09-30T01:12:23+08:00 Loop 8: still running — L105-21R_n1: waiting OS boot, L105-21R_n2: waiting OS boot, L105-21R_n3: waiting OS boot
2026-09-30T01:12:53+08:00 Loop 8: still running — L105-21R_n1: waiting OS boot, L105-21R_n2: waiting OS boot, L105-21R_n3: waiting OS boot
2026-09-30T01:13:23+08:00 Loop 8: still running — L105-21R_n1: waiting OS boot, L105-21R_n2: waiting OS boot, L105-21R_n3: waiting OS boot
2026-09-30T01:13:53+08:00 Loop 8: still running — L105-21R_n1: waiting OS boot, L105-21R_n2: waiting OS boot, L105-21R_n3: waiting OS boot
2026-09-30T01:14:23+08:00 Loop 8: still running — L105-21R_n1: waiting OS boot, L105-21R_n2: waiting OS boot, L105-21R_n3: waiting OS boot
2026-09-30T01:14:53+08:00 Loop 8: still running — L105-21R_n1: waiting OS boot, L105-21R_n2: waiting OS boot, L105-21R_n3: waiting OS boot
2026-09-30T01:15:23+08:00 Loop 8: still running — L105-21R_n1: waiting OS boot, L105-21R_n2: waiting OS boot, L105-21R_n3: waiting OS boot
2026-09-30T01:15:33+08:00 Loop 8: L105-21R_n1 | OS up, system check running
2026-09-30T01:15:34+08:00 Loop 8: L105-21R_n2 | OS up, system check running
2026-09-30T01:15:35+08:00 Loop 8: L105-21R_n3 | OS up, system check running
2026-09-30T01:15:53+08:00 Loop 8: still running — L105-21R_n1: OS up, system check running, L105-21R_n2: OS up, system check running, L105-21R_n3: OS up, system check running
2026-09-30T01:15:54+08:00 Loop 8: L105-21R_n1 | system check done
2026-09-30T01:15:54+08:00 Loop 8: L105-21R_n1 | DONE
2026-09-30T01:15:54+08:00 L105-21R_n1 | LOOP 8 | FAIL
2026-09-30T01:15:54+08:00   FAIL BF4: Expected at least 1; detected 0
2026-09-30T01:15:54+08:00   FAIL 0004:01:00.0: Non-Volatile memory controller: KIOXIA Corporation NVMe SSD Controller XD8 (rev 01) (prog-if 02 [NVM Express]): LnkSta: Speed 32GT/s, Width x2 (downgraded)
2026-09-30T01:15:54+08:00   WARN PrMo0CPU0EnfEDP0: 2 rows share this sensor name with differing values; review each row
2026-09-30T01:15:54+08:00   WARN PrMo0CPU1EnfEDP0: 2 rows share this sensor name with differing values; review each row
2026-09-30T01:15:55+08:00 Loop 8: L105-21R_n2 | system check done
2026-09-30T01:15:55+08:00 Loop 8: L105-21R_n2 | DONE
2026-09-30T01:15:55+08:00 L105-21R_n2 | LOOP 8 | FAIL
2026-09-30T01:15:55+08:00   FAIL BF4: Expected at least 1; detected 0
2026-09-30T01:15:55+08:00   WARN PrMo0CPU0EnfEDP0: 2 rows share this sensor name with differing values; review each row
2026-09-30T01:15:55+08:00   WARN PrMo0CPU1EnfEDP0: 2 rows share this sensor name with differing values; review each row
2026-09-30T01:15:55+08:00 Loop 8: L105-21R_n3 | system check done
2026-09-30T01:15:55+08:00 Loop 8: L105-21R_n3 | DONE
2026-09-30T01:15:55+08:00 L105-21R_n3 | LOOP 8 | FAIL
2026-09-30T01:15:55+08:00   FAIL BF4: Expected at least 1; detected 0
2026-09-30T01:15:55+08:00   WARN PrMo0CPU0EnfEDP0: 2 rows share this sensor name with differing values; review each row
2026-09-30T01:15:55+08:00   WARN PrMo0CPU1EnfEDP0: 2 rows share this sensor name with differing values; review each row
2026-09-30T01:15:55+08:00 Loop 9: starting 3 target(s) concurrently
2026-09-30T01:15:57+08:00 Loop 9: L105-21R_n1 | aux cycle sent
2026-09-30T01:15:57+08:00 Loop 9: L105-21R_n1 | waiting OS boot
2026-09-30T01:15:57+08:00 Loop 9: L105-21R_n3 | aux cycle sent
2026-09-30T01:15:57+08:00 Loop 9: L105-21R_n3 | waiting OS boot
2026-09-30T01:15:57+08:00 Loop 9: L105-21R_n2 | aux cycle sent
2026-09-30T01:15:57+08:00 Loop 9: L105-21R_n2 | waiting OS boot
2026-09-30T01:16:25+08:00 Loop 9: still running — L105-21R_n1: waiting OS boot, L105-21R_n2: waiting OS boot, L105-21R_n3: waiting OS boot
2026-09-30T01:16:55+08:00 Loop 9: still running — L105-21R_n1: waiting OS boot, L105-21R_n2: waiting OS boot, L105-21R_n3: waiting OS boot
2026-09-30T01:17:25+08:00 Loop 9: still running — L105-21R_n1: waiting OS boot, L105-21R_n2: waiting OS boot, L105-21R_n3: waiting OS boot
2026-09-30T01:17:55+08:00 Loop 9: still running — L105-21R_n1: waiting OS boot, L105-21R_n2: waiting OS boot, L105-21R_n3: waiting OS boot
2026-09-30T01:18:25+08:00 Loop 9: still running — L105-21R_n1: waiting OS boot, L105-21R_n2: waiting OS boot, L105-21R_n3: waiting OS boot
2026-09-30T01:18:55+08:00 Loop 9: still running — L105-21R_n1: waiting OS boot, L105-21R_n2: waiting OS boot, L105-21R_n3: waiting OS boot
2026-09-30T01:19:25+08:00 Loop 9: still running — L105-21R_n1: waiting OS boot, L105-21R_n2: waiting OS boot, L105-21R_n3: waiting OS boot
2026-09-30T01:19:55+08:00 Loop 9: still running — L105-21R_n1: waiting OS boot, L105-21R_n2: waiting OS boot, L105-21R_n3: waiting OS boot
2026-09-30T01:20:25+08:00 Loop 9: still running — L105-21R_n1: waiting OS boot, L105-21R_n2: waiting OS boot, L105-21R_n3: waiting OS boot
2026-09-30T01:20:35+08:00 Loop 9: L105-21R_n2 | OS up, system check running
2026-09-30T01:20:36+08:00 Loop 9: L105-21R_n3 | OS up, system check running
2026-09-30T01:20:38+08:00 Loop 9: L105-21R_n1 | OS up, system check running
2026-09-30T01:20:55+08:00 Loop 9: L105-21R_n2 | system check done
2026-09-30T01:20:55+08:00 Loop 9: L105-21R_n2 | DONE
2026-09-30T01:20:55+08:00 L105-21R_n2 | LOOP 9 | FAIL
2026-09-30T01:20:55+08:00   FAIL BF4: Expected at least 1; detected 0
2026-09-30T01:20:55+08:00   WARN PrMo0CPU0EnfEDP0: 2 rows share this sensor name with differing values; review each row
2026-09-30T01:20:55+08:00   WARN PrMo0CPU1EnfEDP0: 2 rows share this sensor name with differing values; review each row
2026-09-30T01:20:56+08:00 Loop 9: L105-21R_n3 | system check done
2026-09-30T01:20:56+08:00 Loop 9: L105-21R_n3 | DONE
2026-09-30T01:20:56+08:00 L105-21R_n3 | LOOP 9 | FAIL
2026-09-30T01:20:56+08:00   FAIL BF4: Expected at least 1; detected 0
2026-09-30T01:20:56+08:00   WARN PrMo0CPU0EnfEDP0: 2 rows share this sensor name with differing values; review each row
2026-09-30T01:20:56+08:00   WARN PrMo0CPU1EnfEDP0: 2 rows share this sensor name with differing values; review each row
2026-09-30T01:20:59+08:00 Loop 9: L105-21R_n1 | system check done
2026-09-30T01:20:59+08:00 Loop 9: L105-21R_n1 | DONE
2026-09-30T01:20:59+08:00 L105-21R_n1 | LOOP 9 | FAIL
2026-09-30T01:20:59+08:00   FAIL BF4: Expected at least 1; detected 0
2026-09-30T01:20:59+08:00   FAIL 0004:01:00.0: Non-Volatile memory controller: KIOXIA Corporation NVMe SSD Controller XD8 (rev 01) (prog-if 02 [NVM Express]): LnkSta: Speed 32GT/s, Width x2 (downgraded)
2026-09-30T01:20:59+08:00   WARN PrMo0CPU0EnfEDP0: 2 rows share this sensor name with differing values; review each row
2026-09-30T01:20:59+08:00   WARN PrMo0CPU1EnfEDP0: 2 rows share this sensor name with differing values; review each row
2026-09-30T01:20:59+08:00 Loop 10: starting 3 target(s) concurrently
2026-09-30T01:21:00+08:00 Loop 10: L105-21R_n1 | aux cycle sent
2026-09-30T01:21:00+08:00 Loop 10: L105-21R_n1 | waiting OS boot
2026-09-30T01:21:00+08:00 Loop 10: L105-21R_n3 | aux cycle sent
2026-09-30T01:21:00+08:00 Loop 10: L105-21R_n3 | waiting OS boot
2026-09-30T01:21:00+08:00 Loop 10: L105-21R_n2 | aux cycle sent
2026-09-30T01:21:00+08:00 Loop 10: L105-21R_n2 | waiting OS boot
2026-09-30T01:21:29+08:00 Loop 10: still running — L105-21R_n1: waiting OS boot, L105-21R_n2: waiting OS boot, L105-21R_n3: waiting OS boot
2026-09-30T01:21:59+08:00 Loop 10: still running — L105-21R_n1: waiting OS boot, L105-21R_n2: waiting OS boot, L105-21R_n3: waiting OS boot
2026-09-30T01:22:29+08:00 Loop 10: still running — L105-21R_n1: waiting OS boot, L105-21R_n2: waiting OS boot, L105-21R_n3: waiting OS boot
2026-09-30T01:22:59+08:00 Loop 10: still running — L105-21R_n1: waiting OS boot, L105-21R_n2: waiting OS boot, L105-21R_n3: waiting OS boot
2026-09-30T01:23:29+08:00 Loop 10: still running — L105-21R_n1: waiting OS boot, L105-21R_n2: waiting OS boot, L105-21R_n3: waiting OS boot
2026-09-30T01:23:59+08:00 Loop 10: still running — L105-21R_n1: waiting OS boot, L105-21R_n2: waiting OS boot, L105-21R_n3: waiting OS boot
2026-09-30T01:24:29+08:00 Loop 10: still running — L105-21R_n1: waiting OS boot, L105-21R_n2: waiting OS boot, L105-21R_n3: waiting OS boot
2026-09-30T01:24:59+08:00 Loop 10: still running — L105-21R_n1: waiting OS boot, L105-21R_n2: waiting OS boot, L105-21R_n3: waiting OS boot
2026-09-30T01:25:29+08:00 Loop 10: still running — L105-21R_n1: waiting OS boot, L105-21R_n2: waiting OS boot, L105-21R_n3: waiting OS boot
2026-09-30T01:25:37+08:00 Loop 10: L105-21R_n1 | OS up, system check running
2026-09-30T01:25:40+08:00 Loop 10: L105-21R_n2 | OS up, system check running
2026-09-30T01:25:41+08:00 Loop 10: L105-21R_n3 | OS up, system check running
2026-09-30T01:25:58+08:00 Loop 10: L105-21R_n1 | system check done
2026-09-30T01:25:58+08:00 Loop 10: L105-21R_n1 | DONE
2026-09-30T01:25:58+08:00 L105-21R_n1 | LOOP 10 | FAIL
2026-09-30T01:25:58+08:00   FAIL BF4: Expected at least 1; detected 0
2026-09-30T01:25:58+08:00   FAIL 0004:01:00.0: Non-Volatile memory controller: KIOXIA Corporation NVMe SSD Controller XD8 (rev 01) (prog-if 02 [NVM Express]): LnkSta: Speed 32GT/s, Width x2 (downgraded)
2026-09-30T01:25:58+08:00   WARN PrMo0CPU0EnfEDP0: 2 rows share this sensor name with differing values; review each row
2026-09-30T01:25:58+08:00   WARN PrMo0CPU1EnfEDP0: 2 rows share this sensor name with differing values; review each row
2026-09-30T01:26:01+08:00 Loop 10: L105-21R_n2 | system check done
2026-09-30T01:26:01+08:00 Loop 10: L105-21R_n2 | DONE
2026-09-30T01:26:01+08:00 L105-21R_n2 | LOOP 10 | FAIL
2026-09-30T01:26:01+08:00   FAIL BF4: Expected at least 1; detected 0
2026-09-30T01:26:01+08:00   WARN PrMo0CPU0EnfEDP0: 2 rows share this sensor name with differing values; review each row
2026-09-30T01:26:01+08:00   WARN PrMo0CPU1EnfEDP0: 2 rows share this sensor name with differing values; review each row
2026-09-30T01:26:02+08:00 Loop 10: L105-21R_n3 | system check done
2026-09-30T01:26:02+08:00 Loop 10: L105-21R_n3 | DONE
2026-09-30T01:26:02+08:00 L105-21R_n3 | LOOP 10 | FAIL
2026-09-30T01:26:02+08:00   FAIL BF4: Expected at least 1; detected 0
2026-09-30T01:26:02+08:00   WARN PrMo0CPU0EnfEDP0: 2 rows share this sensor name with differing values; review each row
2026-09-30T01:26:02+08:00   WARN PrMo0CPU1EnfEDP0: 2 rows share this sensor name with differing values; review each row
2026-09-30T01:26:02+08:00 Loop 11: starting 3 target(s) concurrently
2026-09-30T01:26:03+08:00 Loop 11: L105-21R_n1 | aux cycle sent
2026-09-30T01:26:03+08:00 Loop 11: L105-21R_n1 | waiting OS boot
2026-09-30T01:26:03+08:00 Loop 11: L105-21R_n3 | aux cycle sent
2026-09-30T01:26:03+08:00 Loop 11: L105-21R_n3 | waiting OS boot
2026-09-30T01:26:03+08:00 Loop 11: L105-21R_n2 | aux cycle sent
2026-09-30T01:26:03+08:00 Loop 11: L105-21R_n2 | waiting OS boot
2026-09-30T01:26:32+08:00 Loop 11: still running — L105-21R_n1: waiting OS boot, L105-21R_n2: waiting OS boot, L105-21R_n3: waiting OS boot
2026-09-30T01:27:02+08:00 Loop 11: still running — L105-21R_n1: waiting OS boot, L105-21R_n2: waiting OS boot, L105-21R_n3: waiting OS boot
2026-09-30T01:27:32+08:00 Loop 11: still running — L105-21R_n1: waiting OS boot, L105-21R_n2: waiting OS boot, L105-21R_n3: waiting OS boot
2026-09-30T01:28:02+08:00 Loop 11: still running — L105-21R_n1: waiting OS boot, L105-21R_n2: waiting OS boot, L105-21R_n3: waiting OS boot
2026-09-30T01:28:32+08:00 Loop 11: still running — L105-21R_n1: waiting OS boot, L105-21R_n2: waiting OS boot, L105-21R_n3: waiting OS boot
2026-09-30T01:29:02+08:00 Loop 11: still running — L105-21R_n1: waiting OS boot, L105-21R_n2: waiting OS boot, L105-21R_n3: waiting OS boot
2026-09-30T01:29:32+08:00 Loop 11: still running — L105-21R_n1: waiting OS boot, L105-21R_n2: waiting OS boot, L105-21R_n3: waiting OS boot
2026-09-30T01:30:02+08:00 Loop 11: still running — L105-21R_n1: waiting OS boot, L105-21R_n2: waiting OS boot, L105-21R_n3: waiting OS boot
2026-09-30T01:30:32+08:00 Loop 11: still running — L105-21R_n1: waiting OS boot, L105-21R_n2: waiting OS boot, L105-21R_n3: waiting OS boot
2026-09-30T01:30:36+08:00 Loop 11: L105-21R_n1 | OS up, system check running
2026-09-30T01:30:41+08:00 Loop 11: L105-21R_n2 | OS up, system check running
2026-09-30T01:30:42+08:00 Loop 11: L105-21R_n3 | OS up, system check running
2026-09-30T01:30:58+08:00 Loop 11: L105-21R_n1 | system check done
2026-09-30T01:30:58+08:00 Loop 11: L105-21R_n1 | DONE
2026-09-30T01:30:58+08:00 L105-21R_n1 | LOOP 11 | FAIL
2026-09-30T01:30:58+08:00   FAIL BF4: Expected at least 1; detected 0
2026-09-30T01:30:58+08:00   FAIL 0004:01:00.0: Non-Volatile memory controller: KIOXIA Corporation NVMe SSD Controller XD8 (rev 01) (prog-if 02 [NVM Express]): LnkSta: Speed 32GT/s, Width x2 (downgraded)
2026-09-30T01:30:58+08:00   WARN PrMo0CPU0EnfEDP0: 2 rows share this sensor name with differing values; review each row
2026-09-30T01:30:58+08:00   WARN PrMo0CPU1EnfEDP0: 2 rows share this sensor name with differing values; review each row
2026-09-30T01:31:01+08:00 Loop 11: L105-21R_n2 | system check done
2026-09-30T01:31:01+08:00 Loop 11: L105-21R_n2 | DONE
2026-09-30T01:31:01+08:00 L105-21R_n2 | LOOP 11 | FAIL
2026-09-30T01:31:01+08:00   FAIL BF4: Expected at least 1; detected 0
2026-09-30T01:31:01+08:00   WARN PrMo0CPU0EnfEDP0: 2 rows share this sensor name with differing values; review each row
2026-09-30T01:31:01+08:00   WARN PrMo0CPU1EnfEDP0: 2 rows share this sensor name with differing values; review each row
2026-09-30T01:31:02+08:00 Loop 11: L105-21R_n3 | system check done
2026-09-30T01:31:02+08:00 Loop 11: L105-21R_n3 | DONE
2026-09-30T01:31:02+08:00 L105-21R_n3 | LOOP 11 | FAIL
2026-09-30T01:31:02+08:00   FAIL BF4: Expected at least 1; detected 0
2026-09-30T01:31:02+08:00   WARN PrMo0CPU0EnfEDP0: 2 rows share this sensor name with differing values; review each row
2026-09-30T01:31:02+08:00   WARN PrMo0CPU1EnfEDP0: 2 rows share this sensor name with differing values; review each row
2026-09-30T01:31:02+08:00 Loop 12: starting 3 target(s) concurrently
2026-09-30T01:31:04+08:00 Loop 12: L105-21R_n2 | aux cycle sent
2026-09-30T01:31:04+08:00 Loop 12: L105-21R_n2 | waiting OS boot
2026-09-30T01:31:04+08:00 Loop 12: L105-21R_n1 | aux cycle sent
2026-09-30T01:31:04+08:00 Loop 12: L105-21R_n1 | waiting OS boot
2026-09-30T01:31:04+08:00 Loop 12: L105-21R_n3 | aux cycle sent
2026-09-30T01:31:04+08:00 Loop 12: L105-21R_n3 | waiting OS boot
2026-09-30T01:31:32+08:00 Loop 12: still running — L105-21R_n1: waiting OS boot, L105-21R_n2: waiting OS boot, L105-21R_n3: waiting OS boot
2026-09-30T01:32:02+08:00 Loop 12: still running — L105-21R_n1: waiting OS boot, L105-21R_n2: waiting OS boot, L105-21R_n3: waiting OS boot
2026-09-30T01:32:32+08:00 Loop 12: still running — L105-21R_n1: waiting OS boot, L105-21R_n2: waiting OS boot, L105-21R_n3: waiting OS boot
2026-09-30T01:33:02+08:00 Loop 12: still running — L105-21R_n1: waiting OS boot, L105-21R_n2: waiting OS boot, L105-21R_n3: waiting OS boot
2026-09-30T01:33:32+08:00 Loop 12: still running — L105-21R_n1: waiting OS boot, L105-21R_n2: waiting OS boot, L105-21R_n3: waiting OS boot
2026-09-30T01:34:02+08:00 Loop 12: still running — L105-21R_n1: waiting OS boot, L105-21R_n2: waiting OS boot, L105-21R_n3: waiting OS boot
2026-09-30T01:34:32+08:00 Loop 12: still running — L105-21R_n1: waiting OS boot, L105-21R_n2: waiting OS boot, L105-21R_n3: waiting OS boot
2026-09-30T01:35:02+08:00 Loop 12: still running — L105-21R_n1: waiting OS boot, L105-21R_n2: waiting OS boot, L105-21R_n3: waiting OS boot
2026-09-30T01:35:32+08:00 Loop 12: still running — L105-21R_n1: waiting OS boot, L105-21R_n2: waiting OS boot, L105-21R_n3: waiting OS boot
2026-09-30T01:35:41+08:00 Loop 12: L105-21R_n1 | OS up, system check running
2026-09-30T01:35:43+08:00 Loop 12: L105-21R_n3 | OS up, system check running
2026-09-30T01:35:43+08:00 Loop 12: L105-21R_n2 | OS up, system check running
2026-09-30T01:36:02+08:00 Loop 12: still running — L105-21R_n1: OS up, system check running, L105-21R_n2: OS up, system check running, L105-21R_n3: OS up, system check running
2026-09-30T01:36:03+08:00 Loop 12: L105-21R_n1 | system check done
2026-09-30T01:36:03+08:00 Loop 12: L105-21R_n1 | DONE
2026-09-30T01:36:03+08:00 L105-21R_n1 | LOOP 12 | FAIL
2026-09-30T01:36:03+08:00   FAIL BF4: Expected at least 1; detected 0
2026-09-30T01:36:03+08:00   FAIL 0004:01:00.0: Non-Volatile memory controller: KIOXIA Corporation NVMe SSD Controller XD8 (rev 01) (prog-if 02 [NVM Express]): LnkSta: Speed 32GT/s, Width x2 (downgraded)
2026-09-30T01:36:03+08:00   WARN PrMo0CPU0EnfEDP0: 2 rows share this sensor name with differing values; review each row
2026-09-30T01:36:03+08:00   WARN PrMo0CPU1EnfEDP0: 2 rows share this sensor name with differing values; review each row
2026-09-30T01:36:04+08:00 Loop 12: L105-21R_n2 | system check done
2026-09-30T01:36:04+08:00 Loop 12: L105-21R_n2 | DONE
2026-09-30T01:36:04+08:00 L105-21R_n2 | LOOP 12 | FAIL
2026-09-30T01:36:04+08:00   FAIL BF4: Expected at least 1; detected 0
2026-09-30T01:36:04+08:00   WARN PrMo0CPU0EnfEDP0: 2 rows share this sensor name with differing values; review each row
2026-09-30T01:36:04+08:00   WARN PrMo0CPU1EnfEDP0: 2 rows share this sensor name with differing values; review each row
2026-09-30T01:36:04+08:00 Loop 12: L105-21R_n3 | system check done
2026-09-30T01:36:04+08:00 Loop 12: L105-21R_n3 | DONE
2026-09-30T01:36:04+08:00 L105-21R_n3 | LOOP 12 | FAIL
2026-09-30T01:36:04+08:00   FAIL BF4: Expected at least 1; detected 0
2026-09-30T01:36:04+08:00   WARN PrMo0CPU0EnfEDP0: 2 rows share this sensor name with differing values; review each row
2026-09-30T01:36:04+08:00   WARN PrMo0CPU1EnfEDP0: 2 rows share this sensor name with differing values; review each row
2026-09-30T01:36:04+08:00 Loop 13: starting 3 target(s) concurrently
2026-09-30T01:36:06+08:00 Loop 13: L105-21R_n1 | aux cycle sent
2026-09-30T01:36:06+08:00 Loop 13: L105-21R_n1 | waiting OS boot
2026-09-30T01:36:06+08:00 Loop 13: L105-21R_n2 | aux cycle sent
2026-09-30T01:36:06+08:00 Loop 13: L105-21R_n2 | waiting OS boot
2026-09-30T01:36:06+08:00 Loop 13: L105-21R_n3 | aux cycle sent
2026-09-30T01:36:06+08:00 Loop 13: L105-21R_n3 | waiting OS boot
2026-09-30T01:36:34+08:00 Loop 13: still running — L105-21R_n1: waiting OS boot, L105-21R_n2: waiting OS boot, L105-21R_n3: waiting OS boot
2026-09-30T01:37:04+08:00 Loop 13: still running — L105-21R_n1: waiting OS boot, L105-21R_n2: waiting OS boot, L105-21R_n3: waiting OS boot
2026-09-30T01:37:34+08:00 Loop 13: still running — L105-21R_n1: waiting OS boot, L105-21R_n2: waiting OS boot, L105-21R_n3: waiting OS boot
2026-09-30T01:38:04+08:00 Loop 13: still running — L105-21R_n1: waiting OS boot, L105-21R_n2: waiting OS boot, L105-21R_n3: waiting OS boot
2026-09-30T01:38:34+08:00 Loop 13: still running — L105-21R_n1: waiting OS boot, L105-21R_n2: waiting OS boot, L105-21R_n3: waiting OS boot
2026-09-30T01:39:04+08:00 Loop 13: still running — L105-21R_n1: waiting OS boot, L105-21R_n2: waiting OS boot, L105-21R_n3: waiting OS boot
2026-09-30T01:39:34+08:00 Loop 13: still running — L105-21R_n1: waiting OS boot, L105-21R_n2: waiting OS boot, L105-21R_n3: waiting OS boot
2026-09-30T01:40:04+08:00 Loop 13: still running — L105-21R_n1: waiting OS boot, L105-21R_n2: waiting OS boot, L105-21R_n3: waiting OS boot
2026-09-30T01:40:34+08:00 Loop 13: still running — L105-21R_n1: waiting OS boot, L105-21R_n2: waiting OS boot, L105-21R_n3: waiting OS boot
2026-09-30T01:40:41+08:00 Loop 13: L105-21R_n1 | OS up, system check running
2026-09-30T01:40:46+08:00 Loop 13: L105-21R_n2 | OS up, system check running
2026-09-30T01:40:46+08:00 Loop 13: L105-21R_n3 | OS up, system check running
2026-09-30T01:41:02+08:00 Loop 13: L105-21R_n1 | system check done
2026-09-30T01:41:02+08:00 Loop 13: L105-21R_n1 | DONE
2026-09-30T01:41:02+08:00 L105-21R_n1 | LOOP 13 | FAIL
2026-09-30T01:41:02+08:00   FAIL BF4: Expected at least 1; detected 0
2026-09-30T01:41:02+08:00   FAIL 0004:01:00.0: Non-Volatile memory controller: KIOXIA Corporation NVMe SSD Controller XD8 (rev 01) (prog-if 02 [NVM Express]): LnkSta: Speed 32GT/s, Width x2 (downgraded)
2026-09-30T01:41:02+08:00   WARN PrMo0CPU0EnfEDP0: 2 rows share this sensor name with differing values; review each row
2026-09-30T01:41:02+08:00   WARN PrMo0CPU1EnfEDP0: 2 rows share this sensor name with differing values; review each row
2026-09-30T01:41:06+08:00 Loop 13: L105-21R_n2 | system check done
2026-09-30T01:41:06+08:00 Loop 13: L105-21R_n2 | DONE
2026-09-30T01:41:06+08:00 L105-21R_n2 | LOOP 13 | FAIL
2026-09-30T01:41:06+08:00   FAIL BF4: Expected at least 1; detected 0
2026-09-30T01:41:06+08:00   WARN PrMo0CPU0EnfEDP0: 2 rows share this sensor name with differing values; review each row
2026-09-30T01:41:06+08:00   WARN PrMo0CPU1EnfEDP0: 2 rows share this sensor name with differing values; review each row
2026-09-30T01:41:07+08:00 Loop 13: L105-21R_n3 | system check done
2026-09-30T01:41:07+08:00 Loop 13: L105-21R_n3 | DONE
2026-09-30T01:41:07+08:00 L105-21R_n3 | LOOP 13 | FAIL
2026-09-30T01:41:07+08:00   FAIL BF4: Expected at least 1; detected 0
2026-09-30T01:41:07+08:00   WARN PrMo0CPU0EnfEDP0: 2 rows share this sensor name with differing values; review each row
2026-09-30T01:41:07+08:00   WARN PrMo0CPU1EnfEDP0: 2 rows share this sensor name with differing values; review each row
2026-09-30T01:41:07+08:00 Loop 14: starting 3 target(s) concurrently
2026-09-30T01:41:09+08:00 Loop 14: L105-21R_n3 | aux cycle sent
2026-09-30T01:41:09+08:00 Loop 14: L105-21R_n3 | waiting OS boot
2026-09-30T01:41:09+08:00 Loop 14: L105-21R_n1 | aux cycle sent
2026-09-30T01:41:09+08:00 Loop 14: L105-21R_n1 | waiting OS boot
2026-09-30T01:41:09+08:00 Loop 14: L105-21R_n2 | aux cycle sent
2026-09-30T01:41:09+08:00 Loop 14: L105-21R_n2 | waiting OS boot
2026-09-30T01:41:37+08:00 Loop 14: still running — L105-21R_n1: waiting OS boot, L105-21R_n2: waiting OS boot, L105-21R_n3: waiting OS boot
2026-09-30T01:42:07+08:00 Loop 14: still running — L105-21R_n1: waiting OS boot, L105-21R_n2: waiting OS boot, L105-21R_n3: waiting OS boot
2026-09-30T01:42:37+08:00 Loop 14: still running — L105-21R_n1: waiting OS boot, L105-21R_n2: waiting OS boot, L105-21R_n3: waiting OS boot
2026-09-30T01:43:07+08:00 Loop 14: still running — L105-21R_n1: waiting OS boot, L105-21R_n2: waiting OS boot, L105-21R_n3: waiting OS boot
2026-09-30T01:43:37+08:00 Loop 14: still running — L105-21R_n1: waiting OS boot, L105-21R_n2: waiting OS boot, L105-21R_n3: waiting OS boot
2026-09-30T01:44:07+08:00 Loop 14: still running — L105-21R_n1: waiting OS boot, L105-21R_n2: waiting OS boot, L105-21R_n3: waiting OS boot
2026-09-30T01:44:37+08:00 Loop 14: still running — L105-21R_n1: waiting OS boot, L105-21R_n2: waiting OS boot, L105-21R_n3: waiting OS boot
2026-09-30T01:45:07+08:00 Loop 14: still running — L105-21R_n1: waiting OS boot, L105-21R_n2: waiting OS boot, L105-21R_n3: waiting OS boot
2026-09-30T01:45:37+08:00 Loop 14: still running — L105-21R_n1: waiting OS boot, L105-21R_n2: waiting OS boot, L105-21R_n3: waiting OS boot
2026-09-30T01:45:46+08:00 Loop 14: L105-21R_n1 | OS up, system check running
2026-09-30T01:45:48+08:00 Loop 14: L105-21R_n2 | OS up, system check running
2026-09-30T01:45:49+08:00 Loop 14: L105-21R_n3 | OS up, system check running
2026-09-30T01:46:07+08:00 Loop 14: still running — L105-21R_n1: OS up, system check running, L105-21R_n2: OS up, system check running, L105-21R_n3: OS up, system check running
2026-09-30T01:46:08+08:00 Loop 14: L105-21R_n1 | system check done
2026-09-30T01:46:08+08:00 Loop 14: L105-21R_n1 | DONE
2026-09-30T01:46:08+08:00 L105-21R_n1 | LOOP 14 | FAIL
2026-09-30T01:46:08+08:00   FAIL BF4: Expected at least 1; detected 0
2026-09-30T01:46:08+08:00   FAIL 0004:01:00.0: Non-Volatile memory controller: KIOXIA Corporation NVMe SSD Controller XD8 (rev 01) (prog-if 02 [NVM Express]): LnkSta: Speed 32GT/s, Width x2 (downgraded)
2026-09-30T01:46:08+08:00   WARN PrMo0CPU0EnfEDP0: 2 rows share this sensor name with differing values; review each row
2026-09-30T01:46:08+08:00   WARN PrMo0CPU1EnfEDP0: 2 rows share this sensor name with differing values; review each row
2026-09-30T01:46:09+08:00 Loop 14: L105-21R_n3 | system check done
2026-09-30T01:46:09+08:00 Loop 14: L105-21R_n3 | DONE
2026-09-30T01:46:09+08:00 L105-21R_n3 | LOOP 14 | FAIL
2026-09-30T01:46:09+08:00   FAIL BF4: Expected at least 1; detected 0
2026-09-30T01:46:09+08:00   WARN PrMo0CPU0EnfEDP0: 2 rows share this sensor name with differing values; review each row
2026-09-30T01:46:09+08:00   WARN PrMo0CPU1EnfEDP0: 2 rows share this sensor name with differing values; review each row
2026-09-30T01:46:09+08:00 Loop 14: L105-21R_n2 | system check done
2026-09-30T01:46:09+08:00 Loop 14: L105-21R_n2 | DONE
2026-09-30T01:46:09+08:00 L105-21R_n2 | LOOP 14 | FAIL
2026-09-30T01:46:09+08:00   FAIL BF4: Expected at least 1; detected 0
2026-09-30T01:46:09+08:00   WARN PrMo0CPU0EnfEDP0: 2 rows share this sensor name with differing values; review each row
2026-09-30T01:46:09+08:00   WARN PrMo0CPU1EnfEDP0: 2 rows share this sensor name with differing values; review each row
2026-09-30T01:46:10+08:00 Loop 15: starting 3 target(s) concurrently
2026-09-30T01:46:11+08:00 Loop 15: L105-21R_n3 | aux cycle sent
2026-09-30T01:46:11+08:00 Loop 15: L105-21R_n1 | aux cycle sent
2026-09-30T01:46:11+08:00 Loop 15: L105-21R_n3 | waiting OS boot
2026-09-30T01:46:11+08:00 Loop 15: L105-21R_n1 | waiting OS boot
2026-09-30T01:46:11+08:00 Loop 15: L105-21R_n2 | aux cycle sent
2026-09-30T01:46:11+08:00 Loop 15: L105-21R_n2 | waiting OS boot
2026-09-30T01:46:40+08:00 Loop 15: still running — L105-21R_n1: waiting OS boot, L105-21R_n2: waiting OS boot, L105-21R_n3: waiting OS boot
2026-09-30T01:47:10+08:00 Loop 15: still running — L105-21R_n1: waiting OS boot, L105-21R_n2: waiting OS boot, L105-21R_n3: waiting OS boot
2026-09-30T01:47:40+08:00 Loop 15: still running — L105-21R_n1: waiting OS boot, L105-21R_n2: waiting OS boot, L105-21R_n3: waiting OS boot
2026-09-30T01:48:10+08:00 Loop 15: still running — L105-21R_n1: waiting OS boot, L105-21R_n2: waiting OS boot, L105-21R_n3: waiting OS boot
2026-09-30T01:48:40+08:00 Loop 15: still running — L105-21R_n1: waiting OS boot, L105-21R_n2: waiting OS boot, L105-21R_n3: waiting OS boot
2026-09-30T01:49:10+08:00 Loop 15: still running — L105-21R_n1: waiting OS boot, L105-21R_n2: waiting OS boot, L105-21R_n3: waiting OS boot
2026-09-30T01:49:40+08:00 Loop 15: still running — L105-21R_n1: waiting OS boot, L105-21R_n2: waiting OS boot, L105-21R_n3: waiting OS boot
2026-09-30T01:50:10+08:00 Loop 15: still running — L105-21R_n1: waiting OS boot, L105-21R_n2: waiting OS boot, L105-21R_n3: waiting OS boot
2026-09-30T01:50:40+08:00 Loop 15: still running — L105-21R_n1: waiting OS boot, L105-21R_n2: waiting OS boot, L105-21R_n3: waiting OS boot
2026-09-30T01:50:48+08:00 Loop 15: L105-21R_n1 | OS up, system check running
2026-09-30T01:50:51+08:00 Loop 15: L105-21R_n2 | OS up, system check running
2026-09-30T01:50:51+08:00 Loop 15: L105-21R_n3 | OS up, system check running
2026-09-30T01:51:09+08:00 Loop 15: L105-21R_n1 | system check done
2026-09-30T01:51:09+08:00 Loop 15: L105-21R_n1 | DONE
2026-09-30T01:51:09+08:00 L105-21R_n1 | LOOP 15 | FAIL
2026-09-30T01:51:09+08:00   FAIL BF4: Expected at least 1; detected 0
2026-09-30T01:51:09+08:00   FAIL 0004:01:00.0: Non-Volatile memory controller: KIOXIA Corporation NVMe SSD Controller XD8 (rev 01) (prog-if 02 [NVM Express]): LnkSta: Speed 32GT/s, Width x2 (downgraded)
2026-09-30T01:51:09+08:00   WARN PrMo0CPU0EnfEDP0: 2 rows share this sensor name with differing values; review each row
2026-09-30T01:51:09+08:00   WARN PrMo0CPU1EnfEDP0: 2 rows share this sensor name with differing values; review each row
2026-09-30T01:51:11+08:00 Loop 15: L105-21R_n3 | system check done
2026-09-30T01:51:11+08:00 Loop 15: L105-21R_n3 | DONE
2026-09-30T01:51:11+08:00 L105-21R_n3 | LOOP 15 | FAIL
2026-09-30T01:51:11+08:00   FAIL BF4: Expected at least 1; detected 0
2026-09-30T01:51:11+08:00   WARN PrMo0CPU0EnfEDP0: 2 rows share this sensor name with differing values; review each row
2026-09-30T01:51:11+08:00   WARN PrMo0CPU1EnfEDP0: 2 rows share this sensor name with differing values; review each row
2026-09-30T01:51:12+08:00 Loop 15: L105-21R_n2 | system check done
2026-09-30T01:51:12+08:00 Loop 15: L105-21R_n2 | DONE
2026-09-30T01:51:12+08:00 L105-21R_n2 | LOOP 15 | FAIL
2026-09-30T01:51:12+08:00   FAIL BF4: Expected at least 1; detected 0
2026-09-30T01:51:12+08:00   WARN PrMo0CPU0EnfEDP0: 2 rows share this sensor name with differing values; review each row
2026-09-30T01:51:12+08:00   WARN PrMo0CPU1EnfEDP0: 2 rows share this sensor name with differing values; review each row
2026-09-30T01:51:12+08:00 Loop 16: starting 3 target(s) concurrently
2026-09-30T01:51:13+08:00 Loop 16: L105-21R_n2 | aux cycle sent
2026-09-30T01:51:13+08:00 Loop 16: L105-21R_n2 | waiting OS boot
2026-09-30T01:51:13+08:00 Loop 16: L105-21R_n1 | aux cycle sent
2026-09-30T01:51:13+08:00 Loop 16: L105-21R_n1 | waiting OS boot
2026-09-30T01:51:13+08:00 Loop 16: L105-21R_n3 | aux cycle sent
2026-09-30T01:51:13+08:00 Loop 16: L105-21R_n3 | waiting OS boot
2026-09-30T01:51:42+08:00 Loop 16: still running — L105-21R_n1: waiting OS boot, L105-21R_n2: waiting OS boot, L105-21R_n3: waiting OS boot
2026-09-30T01:52:12+08:00 Loop 16: still running — L105-21R_n1: waiting OS boot, L105-21R_n2: waiting OS boot, L105-21R_n3: waiting OS boot
2026-09-30T01:52:42+08:00 Loop 16: still running — L105-21R_n1: waiting OS boot, L105-21R_n2: waiting OS boot, L105-21R_n3: waiting OS boot
2026-09-30T01:53:12+08:00 Loop 16: still running — L105-21R_n1: waiting OS boot, L105-21R_n2: waiting OS boot, L105-21R_n3: waiting OS boot
2026-09-30T01:53:42+08:00 Loop 16: still running — L105-21R_n1: waiting OS boot, L105-21R_n2: waiting OS boot, L105-21R_n3: waiting OS boot
2026-09-30T01:54:12+08:00 Loop 16: still running — L105-21R_n1: waiting OS boot, L105-21R_n2: waiting OS boot, L105-21R_n3: waiting OS boot
2026-09-30T01:54:42+08:00 Loop 16: still running — L105-21R_n1: waiting OS boot, L105-21R_n2: waiting OS boot, L105-21R_n3: waiting OS boot
2026-09-30T01:55:12+08:00 Loop 16: still running — L105-21R_n1: waiting OS boot, L105-21R_n2: waiting OS boot, L105-21R_n3: waiting OS boot
2026-09-30T01:55:42+08:00 Loop 16: still running — L105-21R_n1: waiting OS boot, L105-21R_n2: waiting OS boot, L105-21R_n3: waiting OS boot
2026-09-30T01:55:46+08:00 Loop 16: L105-21R_n1 | OS up, system check running
2026-09-30T01:55:47+08:00 Loop 16: L105-21R_n2 | OS up, system check running
2026-09-30T01:55:55+08:00 Loop 16: L105-21R_n3 | OS up, system check running
2026-09-30T01:56:07+08:00 Loop 16: L105-21R_n2 | system check done
2026-09-30T01:56:07+08:00 Loop 16: L105-21R_n2 | DONE
2026-09-30T01:56:07+08:00 L105-21R_n2 | LOOP 16 | FAIL
2026-09-30T01:56:07+08:00   FAIL BF4: Expected at least 1; detected 0
2026-09-30T01:56:07+08:00   WARN PrMo0CPU0EnfEDP0: 2 rows share this sensor name with differing values; review each row
2026-09-30T01:56:07+08:00   WARN PrMo0CPU1EnfEDP0: 2 rows share this sensor name with differing values; review each row
2026-09-30T01:56:07+08:00 Loop 16: L105-21R_n1 | system check done
2026-09-30T01:56:07+08:00 Loop 16: L105-21R_n1 | DONE
2026-09-30T01:56:07+08:00 L105-21R_n1 | LOOP 16 | FAIL
2026-09-30T01:56:07+08:00   FAIL BF4: Expected at least 1; detected 0
2026-09-30T01:56:07+08:00   FAIL 0004:01:00.0: Non-Volatile memory controller: KIOXIA Corporation NVMe SSD Controller XD8 (rev 01) (prog-if 02 [NVM Express]): LnkSta: Speed 32GT/s, Width x2 (downgraded)
2026-09-30T01:56:07+08:00   WARN PrMo0CPU0EnfEDP0: 2 rows share this sensor name with differing values; review each row
2026-09-30T01:56:07+08:00   WARN PrMo0CPU1EnfEDP0: 2 rows share this sensor name with differing values; review each row
2026-09-30T01:56:15+08:00 Loop 16: L105-21R_n3 | system check done
2026-09-30T01:56:15+08:00 Loop 16: L105-21R_n3 | DONE
2026-09-30T01:56:15+08:00 L105-21R_n3 | LOOP 16 | FAIL
2026-09-30T01:56:15+08:00   FAIL BF4: Expected at least 1; detected 0
2026-09-30T01:56:15+08:00   WARN PrMo0CPU0EnfEDP0: 2 rows share this sensor name with differing values; review each row
2026-09-30T01:56:15+08:00   WARN PrMo0CPU1EnfEDP0: 2 rows share this sensor name with differing values; review each row
2026-09-30T01:56:16+08:00 Loop 17: starting 3 target(s) concurrently
2026-09-30T01:56:17+08:00 Loop 17: L105-21R_n1 | aux cycle sent
2026-09-30T01:56:17+08:00 Loop 17: L105-21R_n1 | waiting OS boot
2026-09-30T01:56:17+08:00 Loop 17: L105-21R_n3 | aux cycle sent
2026-09-30T01:56:17+08:00 Loop 17: L105-21R_n3 | waiting OS boot
2026-09-30T01:56:17+08:00 Loop 17: L105-21R_n2 | aux cycle sent
2026-09-30T01:56:17+08:00 Loop 17: L105-21R_n2 | waiting OS boot
2026-09-30T01:56:46+08:00 Loop 17: still running — L105-21R_n1: waiting OS boot, L105-21R_n2: waiting OS boot, L105-21R_n3: waiting OS boot
2026-09-30T01:57:16+08:00 Loop 17: still running — L105-21R_n1: waiting OS boot, L105-21R_n2: waiting OS boot, L105-21R_n3: waiting OS boot
2026-09-30T01:57:46+08:00 Loop 17: still running — L105-21R_n1: waiting OS boot, L105-21R_n2: waiting OS boot, L105-21R_n3: waiting OS boot
2026-09-30T01:58:16+08:00 Loop 17: still running — L105-21R_n1: waiting OS boot, L105-21R_n2: waiting OS boot, L105-21R_n3: waiting OS boot
2026-09-30T01:58:46+08:00 Loop 17: still running — L105-21R_n1: waiting OS boot, L105-21R_n2: waiting OS boot, L105-21R_n3: waiting OS boot
2026-09-30T01:59:16+08:00 Loop 17: still running — L105-21R_n1: waiting OS boot, L105-21R_n2: waiting OS boot, L105-21R_n3: waiting OS boot
2026-09-30T01:59:46+08:00 Loop 17: still running — L105-21R_n1: waiting OS boot, L105-21R_n2: waiting OS boot, L105-21R_n3: waiting OS boot
2026-09-30T02:00:16+08:00 Loop 17: still running — L105-21R_n1: waiting OS boot, L105-21R_n2: waiting OS boot, L105-21R_n3: waiting OS boot
2026-09-30T02:00:46+08:00 Loop 17: still running — L105-21R_n1: waiting OS boot, L105-21R_n2: waiting OS boot, L105-21R_n3: waiting OS boot
2026-09-30T02:00:55+08:00 Loop 17: L105-21R_n3 | OS up, system check running
2026-09-30T02:00:55+08:00 Loop 17: L105-21R_n2 | OS up, system check running
2026-09-30T02:00:56+08:00 Loop 17: L105-21R_n1 | OS up, system check running
2026-09-30T02:01:16+08:00 Loop 17: still running — L105-21R_n1: OS up, system check running, L105-21R_n2: OS up, system check running, L105-21R_n3: OS up, system check running
2026-09-30T02:01:16+08:00 Loop 17: L105-21R_n2 | system check done
2026-09-30T02:01:16+08:00 Loop 17: L105-21R_n2 | DONE
2026-09-30T02:01:16+08:00 L105-21R_n2 | LOOP 17 | FAIL
2026-09-30T02:01:16+08:00   FAIL BF4: Expected at least 1; detected 0
2026-09-30T02:01:16+08:00   WARN PrMo0CPU0EnfEDP0: 2 rows share this sensor name with differing values; review each row
2026-09-30T02:01:16+08:00   WARN PrMo0CPU1EnfEDP0: 2 rows share this sensor name with differing values; review each row
2026-09-30T02:01:16+08:00 Loop 17: L105-21R_n3 | system check done
2026-09-30T02:01:16+08:00 Loop 17: L105-21R_n3 | DONE
2026-09-30T02:01:16+08:00 L105-21R_n3 | LOOP 17 | FAIL
2026-09-30T02:01:16+08:00   FAIL BF4: Expected at least 1; detected 0
2026-09-30T02:01:16+08:00   WARN PrMo0CPU0EnfEDP0: 2 rows share this sensor name with differing values; review each row
2026-09-30T02:01:16+08:00   WARN PrMo0CPU1EnfEDP0: 2 rows share this sensor name with differing values; review each row
2026-09-30T02:01:17+08:00 Loop 17: L105-21R_n1 | system check done
2026-09-30T02:01:17+08:00 Loop 17: L105-21R_n1 | DONE
2026-09-30T02:01:17+08:00 L105-21R_n1 | LOOP 17 | FAIL
2026-09-30T02:01:17+08:00   FAIL BF4: Expected at least 1; detected 0
2026-09-30T02:01:17+08:00   FAIL 0004:01:00.0: Non-Volatile memory controller: KIOXIA Corporation NVMe SSD Controller XD8 (rev 01) (prog-if 02 [NVM Express]): LnkSta: Speed 32GT/s, Width x2 (downgraded)
2026-09-30T02:01:17+08:00   WARN PrMo0CPU0EnfEDP0: 2 rows share this sensor name with differing values; review each row
2026-09-30T02:01:17+08:00   WARN PrMo0CPU1EnfEDP0: 2 rows share this sensor name with differing values; review each row
2026-09-30T02:01:17+08:00 Loop 18: starting 3 target(s) concurrently
2026-09-30T02:01:19+08:00 Loop 18: L105-21R_n1 | aux cycle sent
2026-09-30T02:01:19+08:00 Loop 18: L105-21R_n1 | waiting OS boot
2026-09-30T02:01:19+08:00 Loop 18: L105-21R_n3 | aux cycle sent
2026-09-30T02:01:19+08:00 Loop 18: L105-21R_n3 | waiting OS boot
2026-09-30T02:01:19+08:00 Loop 18: L105-21R_n2 | aux cycle sent
2026-09-30T02:01:19+08:00 Loop 18: L105-21R_n2 | waiting OS boot
2026-09-30T02:01:47+08:00 Loop 18: still running — L105-21R_n1: waiting OS boot, L105-21R_n2: waiting OS boot, L105-21R_n3: waiting OS boot
2026-09-30T02:02:17+08:00 Loop 18: still running — L105-21R_n1: waiting OS boot, L105-21R_n2: waiting OS boot, L105-21R_n3: waiting OS boot
2026-09-30T02:02:47+08:00 Loop 18: still running — L105-21R_n1: waiting OS boot, L105-21R_n2: waiting OS boot, L105-21R_n3: waiting OS boot
2026-09-30T02:03:17+08:00 Loop 18: still running — L105-21R_n1: waiting OS boot, L105-21R_n2: waiting OS boot, L105-21R_n3: waiting OS boot
2026-09-30T02:03:47+08:00 Loop 18: still running — L105-21R_n1: waiting OS boot, L105-21R_n2: waiting OS boot, L105-21R_n3: waiting OS boot
2026-09-30T02:04:17+08:00 Loop 18: still running — L105-21R_n1: waiting OS boot, L105-21R_n2: waiting OS boot, L105-21R_n3: waiting OS boot
2026-09-30T02:04:47+08:00 Loop 18: still running — L105-21R_n1: waiting OS boot, L105-21R_n2: waiting OS boot, L105-21R_n3: waiting OS boot
2026-09-30T02:05:17+08:00 Loop 18: still running — L105-21R_n1: waiting OS boot, L105-21R_n2: waiting OS boot, L105-21R_n3: waiting OS boot
2026-09-30T02:05:47+08:00 Loop 18: still running — L105-21R_n1: waiting OS boot, L105-21R_n2: waiting OS boot, L105-21R_n3: waiting OS boot
2026-09-30T02:05:56+08:00 Loop 18: L105-21R_n1 | OS up, system check running
2026-09-30T02:05:59+08:00 Loop 18: L105-21R_n3 | OS up, system check running
2026-09-30T02:06:00+08:00 Loop 18: L105-21R_n2 | OS up, system check running
2026-09-30T02:06:17+08:00 Loop 18: L105-21R_n1 | system check done
2026-09-30T02:06:17+08:00 Loop 18: L105-21R_n1 | DONE
2026-09-30T02:06:17+08:00 L105-21R_n1 | LOOP 18 | FAIL
2026-09-30T02:06:17+08:00   FAIL BF4: Expected at least 1; detected 0
2026-09-30T02:06:17+08:00   FAIL 0004:01:00.0: Non-Volatile memory controller: KIOXIA Corporation NVMe SSD Controller XD8 (rev 01) (prog-if 02 [NVM Express]): LnkSta: Speed 32GT/s, Width x2 (downgraded)
2026-09-30T02:06:17+08:00   WARN PrMo0CPU0EnfEDP0: 2 rows share this sensor name with differing values; review each row
2026-09-30T02:06:17+08:00   WARN PrMo0CPU1EnfEDP0: 2 rows share this sensor name with differing values; review each row
2026-09-30T02:06:19+08:00 Loop 18: L105-21R_n3 | system check done
2026-09-30T02:06:19+08:00 Loop 18: L105-21R_n3 | DONE
2026-09-30T02:06:19+08:00 L105-21R_n3 | LOOP 18 | FAIL
2026-09-30T02:06:19+08:00   FAIL BF4: Expected at least 1; detected 0
2026-09-30T02:06:19+08:00   WARN PrMo0CPU0EnfEDP0: 2 rows share this sensor name with differing values; review each row
2026-09-30T02:06:19+08:00   WARN PrMo0CPU1EnfEDP0: 2 rows share this sensor name with differing values; review each row
2026-09-30T02:06:21+08:00 Loop 18: L105-21R_n2 | system check done
2026-09-30T02:06:21+08:00 Loop 18: L105-21R_n2 | DONE
2026-09-30T02:06:21+08:00 L105-21R_n2 | LOOP 18 | FAIL
2026-09-30T02:06:21+08:00   FAIL BF4: Expected at least 1; detected 0
2026-09-30T02:06:21+08:00   WARN PrMo0CPU0EnfEDP0: 2 rows share this sensor name with differing values; review each row
2026-09-30T02:06:21+08:00   WARN PrMo0CPU1EnfEDP0: 2 rows share this sensor name with differing values; review each row
2026-09-30T02:06:21+08:00 Loop 19: starting 3 target(s) concurrently
2026-09-30T02:06:22+08:00 Loop 19: L105-21R_n1 | aux cycle sent
2026-09-30T02:06:22+08:00 Loop 19: L105-21R_n1 | waiting OS boot
2026-09-30T02:06:22+08:00 Loop 19: L105-21R_n3 | aux cycle sent
2026-09-30T02:06:22+08:00 Loop 19: L105-21R_n3 | waiting OS boot
2026-09-30T02:06:22+08:00 Loop 19: L105-21R_n2 | aux cycle sent
2026-09-30T02:06:22+08:00 Loop 19: L105-21R_n2 | waiting OS boot
2026-09-30T02:06:51+08:00 Loop 19: still running — L105-21R_n1: waiting OS boot, L105-21R_n2: waiting OS boot, L105-21R_n3: waiting OS boot
2026-09-30T02:07:21+08:00 Loop 19: still running — L105-21R_n1: waiting OS boot, L105-21R_n2: waiting OS boot, L105-21R_n3: waiting OS boot
2026-09-30T02:07:51+08:00 Loop 19: still running — L105-21R_n1: waiting OS boot, L105-21R_n2: waiting OS boot, L105-21R_n3: waiting OS boot
2026-09-30T02:08:21+08:00 Loop 19: still running — L105-21R_n1: waiting OS boot, L105-21R_n2: waiting OS boot, L105-21R_n3: waiting OS boot
2026-09-30T02:08:51+08:00 Loop 19: still running — L105-21R_n1: waiting OS boot, L105-21R_n2: waiting OS boot, L105-21R_n3: waiting OS boot
2026-09-30T02:09:21+08:00 Loop 19: still running — L105-21R_n1: waiting OS boot, L105-21R_n2: waiting OS boot, L105-21R_n3: waiting OS boot
2026-09-30T02:09:51+08:00 Loop 19: still running — L105-21R_n1: waiting OS boot, L105-21R_n2: waiting OS boot, L105-21R_n3: waiting OS boot
2026-09-30T02:10:21+08:00 Loop 19: still running — L105-21R_n1: waiting OS boot, L105-21R_n2: waiting OS boot, L105-21R_n3: waiting OS boot
2026-09-30T02:10:51+08:00 Loop 19: still running — L105-21R_n1: waiting OS boot, L105-21R_n2: waiting OS boot, L105-21R_n3: waiting OS boot
2026-09-30T02:11:02+08:00 Loop 19: L105-21R_n3 | OS up, system check running
2026-09-30T02:11:21+08:00 Loop 19: still running — L105-21R_n1: waiting OS boot, L105-21R_n2: waiting OS boot, L105-21R_n3: OS up, system check running
2026-09-30T02:11:23+08:00 Loop 19: L105-21R_n3 | system check done
2026-09-30T02:11:23+08:00 Loop 19: L105-21R_n3 | DONE
2026-09-30T02:11:23+08:00 L105-21R_n3 | LOOP 19 | FAIL
2026-09-30T02:11:23+08:00   FAIL BF4: Expected at least 1; detected 0
2026-09-30T02:11:23+08:00   WARN PrMo0CPU0EnfEDP0: 2 rows share this sensor name with differing values; review each row
2026-09-30T02:11:23+08:00   WARN PrMo0CPU1EnfEDP0: 2 rows share this sensor name with differing values; review each row
2026-09-30T02:11:25+08:00 Loop 19: L105-21R_n1 | OS up, system check running
2026-09-30T02:11:30+08:00 Loop 19: L105-21R_n2 | OS up, system check running
2026-09-30T02:11:47+08:00 Loop 19: L105-21R_n1 | system check done
2026-09-30T02:11:47+08:00 Loop 19: L105-21R_n1 | DONE
2026-09-30T02:11:47+08:00 L105-21R_n1 | LOOP 19 | FAIL
2026-09-30T02:11:47+08:00   FAIL BF4: Expected at least 1; detected 0
2026-09-30T02:11:47+08:00   FAIL 0004:01:00.0: Non-Volatile memory controller: KIOXIA Corporation NVMe SSD Controller XD8 (rev 01) (prog-if 02 [NVM Express]): LnkSta: Speed 32GT/s, Width x2 (downgraded)
2026-09-30T02:11:47+08:00   WARN PrMo0CPU0EnfEDP0: 2 rows share this sensor name with differing values; review each row
2026-09-30T02:11:47+08:00   WARN PrMo0CPU1EnfEDP0: 2 rows share this sensor name with differing values; review each row
2026-09-30T02:11:51+08:00 Loop 19: L105-21R_n2 | system check done
2026-09-30T02:11:51+08:00 Loop 19: L105-21R_n2 | DONE
2026-09-30T02:11:51+08:00 L105-21R_n2 | LOOP 19 | FAIL
2026-09-30T02:11:51+08:00   FAIL BF4: Expected at least 1; detected 0
2026-09-30T02:11:51+08:00   WARN PrMo0CPU0EnfEDP0: 2 rows share this sensor name with differing values; review each row
2026-09-30T02:11:51+08:00   WARN PrMo0CPU1EnfEDP0: 2 rows share this sensor name with differing values; review each row
2026-09-30T02:11:51+08:00 Loop 20: starting 3 target(s) concurrently
2026-09-30T02:11:52+08:00 Loop 20: L105-21R_n2 | aux cycle sent
2026-09-30T02:11:52+08:00 Loop 20: L105-21R_n2 | waiting OS boot
2026-09-30T02:11:52+08:00 Loop 20: L105-21R_n3 | aux cycle sent
2026-09-30T02:11:52+08:00 Loop 20: L105-21R_n3 | waiting OS boot
2026-09-30T02:11:52+08:00 Loop 20: L105-21R_n1 | aux cycle sent
2026-09-30T02:11:52+08:00 Loop 20: L105-21R_n1 | waiting OS boot
2026-09-30T02:12:21+08:00 Loop 20: still running — L105-21R_n1: waiting OS boot, L105-21R_n2: waiting OS boot, L105-21R_n3: waiting OS boot
2026-09-30T02:12:51+08:00 Loop 20: still running — L105-21R_n1: waiting OS boot, L105-21R_n2: waiting OS boot, L105-21R_n3: waiting OS boot
2026-09-30T02:13:21+08:00 Loop 20: still running — L105-21R_n1: waiting OS boot, L105-21R_n2: waiting OS boot, L105-21R_n3: waiting OS boot
2026-09-30T02:13:51+08:00 Loop 20: still running — L105-21R_n1: waiting OS boot, L105-21R_n2: waiting OS boot, L105-21R_n3: waiting OS boot
2026-09-30T02:14:21+08:00 Loop 20: still running — L105-21R_n1: waiting OS boot, L105-21R_n2: waiting OS boot, L105-21R_n3: waiting OS boot
2026-09-30T02:14:51+08:00 Loop 20: still running — L105-21R_n1: waiting OS boot, L105-21R_n2: waiting OS boot, L105-21R_n3: waiting OS boot
2026-09-30T02:15:21+08:00 Loop 20: still running — L105-21R_n1: waiting OS boot, L105-21R_n2: waiting OS boot, L105-21R_n3: waiting OS boot
2026-09-30T02:15:51+08:00 Loop 20: still running — L105-21R_n1: waiting OS boot, L105-21R_n2: waiting OS boot, L105-21R_n3: waiting OS boot
2026-09-30T02:16:21+08:00 Loop 20: still running — L105-21R_n1: waiting OS boot, L105-21R_n2: waiting OS boot, L105-21R_n3: waiting OS boot
2026-09-30T02:16:32+08:00 Loop 20: L105-21R_n1 | OS up, system check running
2026-09-30T02:16:32+08:00 Loop 20: L105-21R_n2 | OS up, system check running
2026-09-30T02:16:32+08:00 Loop 20: L105-21R_n3 | OS up, system check running
2026-09-30T02:16:51+08:00 Loop 20: still running — L105-21R_n1: OS up, system check running, L105-21R_n2: OS up, system check running, L105-21R_n3: OS up, system check running
2026-09-30T02:16:52+08:00 Loop 20: L105-21R_n2 | system check done
2026-09-30T02:16:52+08:00 Loop 20: L105-21R_n2 | DONE
2026-09-30T02:16:52+08:00 L105-21R_n2 | LOOP 20 | FAIL
2026-09-30T02:16:52+08:00   FAIL BF4: Expected at least 1; detected 0
2026-09-30T02:16:52+08:00   WARN PrMo0CPU0EnfEDP0: 2 rows share this sensor name with differing values; review each row
2026-09-30T02:16:52+08:00   WARN PrMo0CPU1EnfEDP0: 2 rows share this sensor name with differing values; review each row
2026-09-30T02:16:52+08:00 Loop 20: L105-21R_n3 | system check done
2026-09-30T02:16:52+08:00 Loop 20: L105-21R_n3 | DONE
2026-09-30T02:16:52+08:00 L105-21R_n3 | LOOP 20 | FAIL
2026-09-30T02:16:52+08:00   FAIL BF4: Expected at least 1; detected 0
2026-09-30T02:16:52+08:00   WARN PrMo0CPU0EnfEDP0: 2 rows share this sensor name with differing values; review each row
2026-09-30T02:16:52+08:00   WARN PrMo0CPU1EnfEDP0: 2 rows share this sensor name with differing values; review each row
2026-09-30T02:16:53+08:00 Loop 20: L105-21R_n1 | system check done
2026-09-30T02:16:53+08:00 Loop 20: L105-21R_n1 | DONE
2026-09-30T02:16:53+08:00 L105-21R_n1 | LOOP 20 | FAIL
2026-09-30T02:16:53+08:00   FAIL BF4: Expected at least 1; detected 0
2026-09-30T02:16:53+08:00   FAIL 0004:01:00.0: Non-Volatile memory controller: KIOXIA Corporation NVMe SSD Controller XD8 (rev 01) (prog-if 02 [NVM Express]): LnkSta: Speed 32GT/s, Width x2 (downgraded)
2026-09-30T02:16:53+08:00   WARN PrMo0CPU0EnfEDP0: 2 rows share this sensor name with differing values; review each row
2026-09-30T02:16:53+08:00   WARN PrMo0CPU1EnfEDP0: 2 rows share this sensor name with differing values; review each row
2026-09-30T02:16:53+08:00 Loop 21: starting 3 target(s) concurrently
2026-09-30T02:16:55+08:00 Loop 21: L105-21R_n1 | aux cycle sent
2026-09-30T02:16:55+08:00 Loop 21: L105-21R_n1 | waiting OS boot
2026-09-30T02:16:55+08:00 Loop 21: L105-21R_n2 | aux cycle sent
2026-09-30T02:16:55+08:00 Loop 21: L105-21R_n2 | waiting OS boot
2026-09-30T02:16:55+08:00 Loop 21: L105-21R_n3 | aux cycle sent
2026-09-30T02:16:55+08:00 Loop 21: L105-21R_n3 | waiting OS boot
2026-09-30T02:17:23+08:00 Loop 21: still running — L105-21R_n1: waiting OS boot, L105-21R_n2: waiting OS boot, L105-21R_n3: waiting OS boot
2026-09-30T02:17:53+08:00 Loop 21: still running — L105-21R_n1: waiting OS boot, L105-21R_n2: waiting OS boot, L105-21R_n3: waiting OS boot
2026-09-30T02:18:23+08:00 Loop 21: still running — L105-21R_n1: waiting OS boot, L105-21R_n2: waiting OS boot, L105-21R_n3: waiting OS boot
2026-09-30T02:18:53+08:00 Loop 21: still running — L105-21R_n1: waiting OS boot, L105-21R_n2: waiting OS boot, L105-21R_n3: waiting OS boot
2026-09-30T02:19:23+08:00 Loop 21: still running — L105-21R_n1: waiting OS boot, L105-21R_n2: waiting OS boot, L105-21R_n3: waiting OS boot
2026-09-30T02:19:53+08:00 Loop 21: still running — L105-21R_n1: waiting OS boot, L105-21R_n2: waiting OS boot, L105-21R_n3: waiting OS boot
2026-09-30T02:20:23+08:00 Loop 21: still running — L105-21R_n1: waiting OS boot, L105-21R_n2: waiting OS boot, L105-21R_n3: waiting OS boot
2026-09-30T02:20:53+08:00 Loop 21: still running — L105-21R_n1: waiting OS boot, L105-21R_n2: waiting OS boot, L105-21R_n3: waiting OS boot
2026-09-30T02:21:23+08:00 Loop 21: still running — L105-21R_n1: waiting OS boot, L105-21R_n2: waiting OS boot, L105-21R_n3: waiting OS boot
2026-09-30T02:21:31+08:00 Loop 21: L105-21R_n1 | OS up, system check running
2026-09-30T02:21:33+08:00 Loop 21: L105-21R_n2 | OS up, system check running
2026-09-30T02:21:53+08:00 Loop 21: L105-21R_n1 | system check done
2026-09-30T02:21:53+08:00 Loop 21: L105-21R_n1 | DONE
2026-09-30T02:21:53+08:00 L105-21R_n1 | LOOP 21 | FAIL
2026-09-30T02:21:53+08:00   FAIL BF4: Expected at least 1; detected 0
2026-09-30T02:21:53+08:00   FAIL 0004:01:00.0: Non-Volatile memory controller: KIOXIA Corporation NVMe SSD Controller XD8 (rev 01) (prog-if 02 [NVM Express]): LnkSta: Speed 32GT/s, Width x2 (downgraded)
2026-09-30T02:21:53+08:00   WARN PrMo0CPU0EnfEDP0: 2 rows share this sensor name with differing values; review each row
2026-09-30T02:21:53+08:00   WARN PrMo0CPU1EnfEDP0: 2 rows share this sensor name with differing values; review each row
2026-09-30T02:21:53+08:00 Loop 21: L105-21R_n2 | system check done
2026-09-30T02:21:53+08:00 Loop 21: L105-21R_n2 | DONE
2026-09-30T02:21:53+08:00 L105-21R_n2 | LOOP 21 | FAIL
2026-09-30T02:21:53+08:00   FAIL BF4: Expected at least 1; detected 0
2026-09-30T02:21:53+08:00   WARN PrMo0CPU0EnfEDP0: 2 rows share this sensor name with differing values; review each row
2026-09-30T02:21:53+08:00   WARN PrMo0CPU1EnfEDP0: 2 rows share this sensor name with differing values; review each row
2026-09-30T02:22:01+08:00 Loop 21: L105-21R_n3 | OS up, system check running
2026-09-30T02:22:22+08:00 Loop 21: L105-21R_n3 | system check done
2026-09-30T02:22:22+08:00 Loop 21: L105-21R_n3 | DONE
2026-09-30T02:22:22+08:00 L105-21R_n3 | LOOP 21 | FAIL
2026-09-30T02:22:22+08:00   FAIL BF4: Expected at least 1; detected 0
2026-09-30T02:22:22+08:00   WARN PrMo0CPU0EnfEDP0: 2 rows share this sensor name with differing values; review each row
2026-09-30T02:22:22+08:00   WARN PrMo0CPU1EnfEDP0: 2 rows share this sensor name with differing values; review each row
2026-09-30T02:22:22+08:00 Loop 22: starting 3 target(s) concurrently
2026-09-30T02:22:23+08:00 Loop 22: L105-21R_n1 | aux cycle sent
2026-09-30T02:22:23+08:00 Loop 22: L105-21R_n1 | waiting OS boot
2026-09-30T02:22:23+08:00 Loop 22: L105-21R_n2 | aux cycle sent
2026-09-30T02:22:23+08:00 Loop 22: L105-21R_n2 | waiting OS boot
2026-09-30T02:22:23+08:00 Loop 22: L105-21R_n3 | aux cycle sent
2026-09-30T02:22:23+08:00 Loop 22: L105-21R_n3 | waiting OS boot
2026-09-30T02:22:52+08:00 Loop 22: still running — L105-21R_n1: waiting OS boot, L105-21R_n2: waiting OS boot, L105-21R_n3: waiting OS boot
2026-09-30T02:23:22+08:00 Loop 22: still running — L105-21R_n1: waiting OS boot, L105-21R_n2: waiting OS boot, L105-21R_n3: waiting OS boot
2026-09-30T02:23:52+08:00 Loop 22: still running — L105-21R_n1: waiting OS boot, L105-21R_n2: waiting OS boot, L105-21R_n3: waiting OS boot
2026-09-30T02:24:22+08:00 Loop 22: still running — L105-21R_n1: waiting OS boot, L105-21R_n2: waiting OS boot, L105-21R_n3: waiting OS boot
2026-09-30T02:24:52+08:00 Loop 22: still running — L105-21R_n1: waiting OS boot, L105-21R_n2: waiting OS boot, L105-21R_n3: waiting OS boot
2026-09-30T02:25:22+08:00 Loop 22: still running — L105-21R_n1: waiting OS boot, L105-21R_n2: waiting OS boot, L105-21R_n3: waiting OS boot
2026-09-30T02:25:52+08:00 Loop 22: still running — L105-21R_n1: waiting OS boot, L105-21R_n2: waiting OS boot, L105-21R_n3: waiting OS boot
2026-09-30T02:26:22+08:00 Loop 22: still running — L105-21R_n1: waiting OS boot, L105-21R_n2: waiting OS boot, L105-21R_n3: waiting OS boot
2026-09-30T02:26:52+08:00 Loop 22: still running — L105-21R_n1: waiting OS boot, L105-21R_n2: waiting OS boot, L105-21R_n3: waiting OS boot
2026-09-30T02:27:00+08:00 Loop 22: L105-21R_n1 | OS up, system check running
2026-09-30T02:27:03+08:00 Loop 22: L105-21R_n2 | OS up, system check running
2026-09-30T02:27:04+08:00 Loop 22: L105-21R_n3 | OS up, system check running
2026-09-30T02:27:21+08:00 Loop 22: L105-21R_n1 | system check done
2026-09-30T02:27:21+08:00 Loop 22: L105-21R_n1 | DONE
2026-09-30T02:27:21+08:00 L105-21R_n1 | LOOP 22 | FAIL
2026-09-30T02:27:21+08:00   FAIL BF4: Expected at least 1; detected 0
2026-09-30T02:27:21+08:00   FAIL 0004:01:00.0: Non-Volatile memory controller: KIOXIA Corporation NVMe SSD Controller XD8 (rev 01) (prog-if 02 [NVM Express]): LnkSta: Speed 32GT/s, Width x2 (downgraded)
2026-09-30T02:27:21+08:00   WARN PrMo0CPU0EnfEDP0: 2 rows share this sensor name with differing values; review each row
2026-09-30T02:27:21+08:00   WARN PrMo0CPU1EnfEDP0: 2 rows share this sensor name with differing values; review each row
2026-09-30T02:27:24+08:00 Loop 22: L105-21R_n2 | system check done
2026-09-30T02:27:24+08:00 Loop 22: L105-21R_n2 | DONE
2026-09-30T02:27:24+08:00 L105-21R_n2 | LOOP 22 | FAIL
2026-09-30T02:27:24+08:00   FAIL BF4: Expected at least 1; detected 0
2026-09-30T02:27:24+08:00   WARN PrMo0CPU0EnfEDP0: 2 rows share this sensor name with differing values; review each row
2026-09-30T02:27:24+08:00   WARN PrMo0CPU1EnfEDP0: 2 rows share this sensor name with differing values; review each row
2026-09-30T02:27:25+08:00 Loop 22: L105-21R_n3 | system check done
2026-09-30T02:27:25+08:00 Loop 22: L105-21R_n3 | DONE
2026-09-30T02:27:25+08:00 L105-21R_n3 | LOOP 22 | FAIL
2026-09-30T02:27:25+08:00   FAIL BF4: Expected at least 1; detected 0
2026-09-30T02:27:25+08:00   WARN PrMo0CPU0EnfEDP0: 2 rows share this sensor name with differing values; review each row
2026-09-30T02:27:25+08:00   WARN PrMo0CPU1EnfEDP0: 2 rows share this sensor name with differing values; review each row
2026-09-30T02:27:25+08:00 Loop 23: starting 3 target(s) concurrently
2026-09-30T02:27:26+08:00 Loop 23: L105-21R_n1 | aux cycle sent
2026-09-30T02:27:26+08:00 Loop 23: L105-21R_n1 | waiting OS boot
2026-09-30T02:27:26+08:00 Loop 23: L105-21R_n2 | aux cycle sent
2026-09-30T02:27:26+08:00 Loop 23: L105-21R_n2 | waiting OS boot
2026-09-30T02:27:26+08:00 Loop 23: L105-21R_n3 | aux cycle sent
2026-09-30T02:27:26+08:00 Loop 23: L105-21R_n3 | waiting OS boot
2026-09-30T02:27:55+08:00 Loop 23: still running — L105-21R_n1: waiting OS boot, L105-21R_n2: waiting OS boot, L105-21R_n3: waiting OS boot
2026-09-30T02:28:25+08:00 Loop 23: still running — L105-21R_n1: waiting OS boot, L105-21R_n2: waiting OS boot, L105-21R_n3: waiting OS boot
2026-09-30T02:28:55+08:00 Loop 23: still running — L105-21R_n1: waiting OS boot, L105-21R_n2: waiting OS boot, L105-21R_n3: waiting OS boot
2026-09-30T02:29:25+08:00 Loop 23: still running — L105-21R_n1: waiting OS boot, L105-21R_n2: waiting OS boot, L105-21R_n3: waiting OS boot
2026-09-30T02:29:55+08:00 Loop 23: still running — L105-21R_n1: waiting OS boot, L105-21R_n2: waiting OS boot, L105-21R_n3: waiting OS boot
2026-09-30T02:30:25+08:00 Loop 23: still running — L105-21R_n1: waiting OS boot, L105-21R_n2: waiting OS boot, L105-21R_n3: waiting OS boot
2026-09-30T02:30:55+08:00 Loop 23: still running — L105-21R_n1: waiting OS boot, L105-21R_n2: waiting OS boot, L105-21R_n3: waiting OS boot
2026-09-30T02:31:25+08:00 Loop 23: still running — L105-21R_n1: waiting OS boot, L105-21R_n2: waiting OS boot, L105-21R_n3: waiting OS boot
2026-09-30T02:31:55+08:00 Loop 23: still running — L105-21R_n1: waiting OS boot, L105-21R_n2: waiting OS boot, L105-21R_n3: waiting OS boot
2026-09-30T02:32:01+08:00 Loop 23: L105-21R_n1 | OS up, system check running
2026-09-30T02:32:04+08:00 Loop 23: L105-21R_n2 | OS up, system check running
2026-09-30T02:32:04+08:00 Loop 23: L105-21R_n3 | OS up, system check running
2026-09-30T02:32:23+08:00 Loop 23: L105-21R_n1 | system check done
2026-09-30T02:32:23+08:00 Loop 23: L105-21R_n1 | DONE
2026-09-30T02:32:23+08:00 L105-21R_n1 | LOOP 23 | FAIL
2026-09-30T02:32:23+08:00   FAIL BF4: Expected at least 1; detected 0
2026-09-30T02:32:23+08:00   FAIL 0004:01:00.0: Non-Volatile memory controller: KIOXIA Corporation NVMe SSD Controller XD8 (rev 01) (prog-if 02 [NVM Express]): LnkSta: Speed 32GT/s, Width x2 (downgraded)
2026-09-30T02:32:23+08:00   WARN PrMo0CPU0EnfEDP0: 2 rows share this sensor name with differing values; review each row
2026-09-30T02:32:23+08:00   WARN PrMo0CPU1EnfEDP0: 2 rows share this sensor name with differing values; review each row
2026-09-30T02:32:25+08:00 Loop 23: L105-21R_n2 | system check done
2026-09-30T02:32:25+08:00 Loop 23: L105-21R_n2 | DONE
2026-09-30T02:32:25+08:00 L105-21R_n2 | LOOP 23 | FAIL
2026-09-30T02:32:25+08:00   FAIL BF4: Expected at least 1; detected 0
2026-09-30T02:32:25+08:00   WARN PrMo0CPU0EnfEDP0: 2 rows share this sensor name with differing values; review each row
2026-09-30T02:32:25+08:00   WARN PrMo0CPU1EnfEDP0: 2 rows share this sensor name with differing values; review each row
2026-09-30T02:32:25+08:00 Loop 23: L105-21R_n3 | system check done
2026-09-30T02:32:25+08:00 Loop 23: L105-21R_n3 | DONE
2026-09-30T02:32:25+08:00 L105-21R_n3 | LOOP 23 | FAIL
2026-09-30T02:32:25+08:00   FAIL BF4: Expected at least 1; detected 0
2026-09-30T02:32:25+08:00   WARN PrMo0CPU0EnfEDP0: 2 rows share this sensor name with differing values; review each row
2026-09-30T02:32:25+08:00   WARN PrMo0CPU1EnfEDP0: 2 rows share this sensor name with differing values; review each row
2026-09-30T02:32:25+08:00 Loop 24: starting 3 target(s) concurrently
2026-09-30T02:32:26+08:00 Loop 24: L105-21R_n3 | aux cycle sent
2026-09-30T02:32:26+08:00 Loop 24: L105-21R_n3 | waiting OS boot
2026-09-30T02:32:27+08:00 Loop 24: L105-21R_n1 | aux cycle sent
2026-09-30T02:32:27+08:00 Loop 24: L105-21R_n1 | waiting OS boot
2026-09-30T02:32:27+08:00 Loop 24: L105-21R_n2 | aux cycle sent
2026-09-30T02:32:27+08:00 Loop 24: L105-21R_n2 | waiting OS boot
2026-09-30T02:32:55+08:00 Loop 24: still running — L105-21R_n1: waiting OS boot, L105-21R_n2: waiting OS boot, L105-21R_n3: waiting OS boot
2026-09-30T02:33:25+08:00 Loop 24: still running — L105-21R_n1: waiting OS boot, L105-21R_n2: waiting OS boot, L105-21R_n3: waiting OS boot
2026-09-30T02:33:55+08:00 Loop 24: still running — L105-21R_n1: waiting OS boot, L105-21R_n2: waiting OS boot, L105-21R_n3: waiting OS boot
2026-09-30T02:34:25+08:00 Loop 24: still running — L105-21R_n1: waiting OS boot, L105-21R_n2: waiting OS boot, L105-21R_n3: waiting OS boot
2026-09-30T02:34:55+08:00 Loop 24: still running — L105-21R_n1: waiting OS boot, L105-21R_n2: waiting OS boot, L105-21R_n3: waiting OS boot
2026-09-30T02:35:25+08:00 Loop 24: still running — L105-21R_n1: waiting OS boot, L105-21R_n2: waiting OS boot, L105-21R_n3: waiting OS boot
2026-09-30T02:35:55+08:00 Loop 24: still running — L105-21R_n1: waiting OS boot, L105-21R_n2: waiting OS boot, L105-21R_n3: waiting OS boot
2026-09-30T02:36:25+08:00 Loop 24: still running — L105-21R_n1: waiting OS boot, L105-21R_n2: waiting OS boot, L105-21R_n3: waiting OS boot
2026-09-30T02:36:55+08:00 Loop 24: still running — L105-21R_n1: waiting OS boot, L105-21R_n2: waiting OS boot, L105-21R_n3: waiting OS boot
2026-09-30T02:36:59+08:00 Loop 24: L105-21R_n1 | OS up, system check running
2026-09-30T02:37:04+08:00 Loop 24: L105-21R_n2 | OS up, system check running
2026-09-30T02:37:05+08:00 Loop 24: L105-21R_n3 | OS up, system check running
2026-09-30T02:37:21+08:00 Loop 24: L105-21R_n1 | system check done
2026-09-30T02:37:21+08:00 Loop 24: L105-21R_n1 | DONE
2026-09-30T02:37:21+08:00 L105-21R_n1 | LOOP 24 | FAIL
2026-09-30T02:37:21+08:00   FAIL BF4: Expected at least 1; detected 0
2026-09-30T02:37:21+08:00   FAIL 0004:01:00.0: Non-Volatile memory controller: KIOXIA Corporation NVMe SSD Controller XD8 (rev 01) (prog-if 02 [NVM Express]): LnkSta: Speed 32GT/s, Width x2 (downgraded)
2026-09-30T02:37:21+08:00   WARN PrMo0CPU0EnfEDP0: 2 rows share this sensor name with differing values; review each row
2026-09-30T02:37:21+08:00   WARN PrMo0CPU1EnfEDP0: 2 rows share this sensor name with differing values; review each row
2026-09-30T02:37:25+08:00 Loop 24: L105-21R_n2 | system check done
2026-09-30T02:37:25+08:00 Loop 24: L105-21R_n2 | DONE
2026-09-30T02:37:25+08:00 L105-21R_n2 | LOOP 24 | FAIL
2026-09-30T02:37:25+08:00   FAIL BF4: Expected at least 1; detected 0
2026-09-30T02:37:25+08:00   WARN PrMo0CPU0EnfEDP0: 2 rows share this sensor name with differing values; review each row
2026-09-30T02:37:25+08:00   WARN PrMo0CPU1EnfEDP0: 2 rows share this sensor name with differing values; review each row
2026-09-30T02:37:26+08:00 Loop 24: L105-21R_n3 | system check done
2026-09-30T02:37:26+08:00 Loop 24: L105-21R_n3 | DONE
2026-09-30T02:37:26+08:00 L105-21R_n3 | LOOP 24 | FAIL
2026-09-30T02:37:26+08:00   FAIL BF4: Expected at least 1; detected 0
2026-09-30T02:37:26+08:00   WARN PrMo0CPU0EnfEDP0: 2 rows share this sensor name with differing values; review each row
2026-09-30T02:37:26+08:00   WARN PrMo0CPU1EnfEDP0: 2 rows share this sensor name with differing values; review each row
2026-09-30T02:37:26+08:00 Loop 25: starting 3 target(s) concurrently
2026-09-30T02:37:27+08:00 Loop 25: L105-21R_n1 | aux cycle sent
2026-09-30T02:37:27+08:00 Loop 25: L105-21R_n1 | waiting OS boot
2026-09-30T02:37:27+08:00 Loop 25: L105-21R_n3 | aux cycle sent
2026-09-30T02:37:27+08:00 Loop 25: L105-21R_n3 | waiting OS boot
2026-09-30T02:37:27+08:00 Loop 25: L105-21R_n2 | aux cycle sent
2026-09-30T02:37:27+08:00 Loop 25: L105-21R_n2 | waiting OS boot
2026-09-30T02:37:56+08:00 Loop 25: still running — L105-21R_n1: waiting OS boot, L105-21R_n2: waiting OS boot, L105-21R_n3: waiting OS boot
2026-09-30T02:38:26+08:00 Loop 25: still running — L105-21R_n1: waiting OS boot, L105-21R_n2: waiting OS boot, L105-21R_n3: waiting OS boot
2026-09-30T02:38:56+08:00 Loop 25: still running — L105-21R_n1: waiting OS boot, L105-21R_n2: waiting OS boot, L105-21R_n3: waiting OS boot
2026-09-30T02:39:26+08:00 Loop 25: still running — L105-21R_n1: waiting OS boot, L105-21R_n2: waiting OS boot, L105-21R_n3: waiting OS boot
2026-09-30T02:39:56+08:00 Loop 25: still running — L105-21R_n1: waiting OS boot, L105-21R_n2: waiting OS boot, L105-21R_n3: waiting OS boot
2026-09-30T02:40:26+08:00 Loop 25: still running — L105-21R_n1: waiting OS boot, L105-21R_n2: waiting OS boot, L105-21R_n3: waiting OS boot
2026-09-30T02:40:56+08:00 Loop 25: still running — L105-21R_n1: waiting OS boot, L105-21R_n2: waiting OS boot, L105-21R_n3: waiting OS boot
2026-09-30T02:41:26+08:00 Loop 25: still running — L105-21R_n1: waiting OS boot, L105-21R_n2: waiting OS boot, L105-21R_n3: waiting OS boot
2026-09-30T02:41:56+08:00 Loop 25: still running — L105-21R_n1: waiting OS boot, L105-21R_n2: waiting OS boot, L105-21R_n3: waiting OS boot
2026-09-30T02:42:01+08:00 Loop 25: L105-21R_n1 | OS up, system check running
2026-09-30T02:42:05+08:00 Loop 25: L105-21R_n2 | OS up, system check running
2026-09-30T02:42:05+08:00 Loop 25: L105-21R_n3 | OS up, system check running
2026-09-30T02:42:22+08:00 Loop 25: L105-21R_n1 | system check done
2026-09-30T02:42:22+08:00 Loop 25: L105-21R_n1 | DONE
2026-09-30T02:42:22+08:00 L105-21R_n1 | LOOP 25 | FAIL
2026-09-30T02:42:22+08:00   FAIL BF4: Expected at least 1; detected 0
2026-09-30T02:42:22+08:00   FAIL 0004:01:00.0: Non-Volatile memory controller: KIOXIA Corporation NVMe SSD Controller XD8 (rev 01) (prog-if 02 [NVM Express]): LnkSta: Speed 32GT/s, Width x2 (downgraded)
2026-09-30T02:42:22+08:00   WARN PrMo0CPU0EnfEDP0: 2 rows share this sensor name with differing values; review each row
2026-09-30T02:42:22+08:00   WARN PrMo0CPU1EnfEDP0: 2 rows share this sensor name with differing values; review each row
2026-09-30T02:42:26+08:00 Loop 25: L105-21R_n3 | system check done
2026-09-30T02:42:26+08:00 Loop 25: L105-21R_n3 | DONE
2026-09-30T02:42:26+08:00 L105-21R_n3 | LOOP 25 | FAIL
2026-09-30T02:42:26+08:00   FAIL BF4: Expected at least 1; detected 0
2026-09-30T02:42:26+08:00   WARN PrMo0CPU0EnfEDP0: 2 rows share this sensor name with differing values; review each row
2026-09-30T02:42:26+08:00   WARN PrMo0CPU1EnfEDP0: 2 rows share this sensor name with differing values; review each row
2026-09-30T02:42:26+08:00 Loop 25: L105-21R_n2 | system check done
2026-09-30T02:42:26+08:00 Loop 25: L105-21R_n2 | DONE
2026-09-30T02:42:26+08:00 L105-21R_n2 | LOOP 25 | FAIL
2026-09-30T02:42:26+08:00   FAIL BF4: Expected at least 1; detected 0
2026-09-30T02:42:26+08:00   WARN PrMo0CPU0EnfEDP0: 2 rows share this sensor name with differing values; review each row
2026-09-30T02:42:26+08:00   WARN PrMo0CPU1EnfEDP0: 2 rows share this sensor name with differing values; review each row
2026-09-30T02:42:26+08:00 Loop 26: starting 3 target(s) concurrently
2026-09-30T02:42:27+08:00 Loop 26: L105-21R_n1 | aux cycle sent
2026-09-30T02:42:27+08:00 Loop 26: L105-21R_n1 | waiting OS boot
2026-09-30T02:42:27+08:00 Loop 26: L105-21R_n3 | aux cycle sent
2026-09-30T02:42:27+08:00 Loop 26: L105-21R_n3 | waiting OS boot
2026-09-30T02:42:27+08:00 Loop 26: L105-21R_n2 | aux cycle sent
2026-09-30T02:42:27+08:00 Loop 26: L105-21R_n2 | waiting OS boot
2026-09-30T02:42:56+08:00 Loop 26: still running — L105-21R_n1: waiting OS boot, L105-21R_n2: waiting OS boot, L105-21R_n3: waiting OS boot
2026-09-30T02:43:26+08:00 Loop 26: still running — L105-21R_n1: waiting OS boot, L105-21R_n2: waiting OS boot, L105-21R_n3: waiting OS boot
2026-09-30T02:43:56+08:00 Loop 26: still running — L105-21R_n1: waiting OS boot, L105-21R_n2: waiting OS boot, L105-21R_n3: waiting OS boot
2026-09-30T02:44:26+08:00 Loop 26: still running — L105-21R_n1: waiting OS boot, L105-21R_n2: waiting OS boot, L105-21R_n3: waiting OS boot
2026-09-30T02:44:56+08:00 Loop 26: still running — L105-21R_n1: waiting OS boot, L105-21R_n2: waiting OS boot, L105-21R_n3: waiting OS boot
2026-09-30T02:45:26+08:00 Loop 26: still running — L105-21R_n1: waiting OS boot, L105-21R_n2: waiting OS boot, L105-21R_n3: waiting OS boot
2026-09-30T02:45:56+08:00 Loop 26: still running — L105-21R_n1: waiting OS boot, L105-21R_n2: waiting OS boot, L105-21R_n3: waiting OS boot
2026-09-30T02:46:26+08:00 Loop 26: still running — L105-21R_n1: waiting OS boot, L105-21R_n2: waiting OS boot, L105-21R_n3: waiting OS boot
2026-09-30T02:46:56+08:00 Loop 26: still running — L105-21R_n1: waiting OS boot, L105-21R_n2: waiting OS boot, L105-21R_n3: waiting OS boot
2026-09-30T02:47:01+08:00 Loop 26: L105-21R_n1 | OS up, system check running
2026-09-30T02:47:05+08:00 Loop 26: L105-21R_n2 | OS up, system check running
2026-09-30T02:47:05+08:00 Loop 26: L105-21R_n3 | OS up, system check running
2026-09-30T02:47:23+08:00 Loop 26: L105-21R_n1 | system check done
2026-09-30T02:47:23+08:00 Loop 26: L105-21R_n1 | DONE
2026-09-30T02:47:23+08:00 L105-21R_n1 | LOOP 26 | FAIL
2026-09-30T02:47:23+08:00   FAIL BF4: Expected at least 1; detected 0
2026-09-30T02:47:23+08:00   FAIL 0004:01:00.0: Non-Volatile memory controller: KIOXIA Corporation NVMe SSD Controller XD8 (rev 01) (prog-if 02 [NVM Express]): LnkSta: Speed 32GT/s, Width x2 (downgraded)
2026-09-30T02:47:23+08:00   WARN PrMo0CPU0EnfEDP0: 2 rows share this sensor name with differing values; review each row
2026-09-30T02:47:23+08:00   WARN PrMo0CPU1EnfEDP0: 2 rows share this sensor name with differing values; review each row
2026-09-30T02:47:26+08:00 Loop 26: L105-21R_n2 | system check done
2026-09-30T02:47:26+08:00 Loop 26: L105-21R_n2 | DONE
2026-09-30T02:47:26+08:00 L105-21R_n2 | LOOP 26 | FAIL
2026-09-30T02:47:26+08:00   FAIL BF4: Expected at least 1; detected 0
2026-09-30T02:47:26+08:00   WARN PrMo0CPU0EnfEDP0: 2 rows share this sensor name with differing values; review each row
2026-09-30T02:47:26+08:00   WARN PrMo0CPU1EnfEDP0: 2 rows share this sensor name with differing values; review each row
2026-09-30T02:47:26+08:00 Loop 26: L105-21R_n3 | system check done
2026-09-30T02:47:26+08:00 Loop 26: L105-21R_n3 | DONE
2026-09-30T02:47:26+08:00 L105-21R_n3 | LOOP 26 | FAIL
2026-09-30T02:47:26+08:00   FAIL BF4: Expected at least 1; detected 0
2026-09-30T02:47:26+08:00   WARN PrMo0CPU0EnfEDP0: 2 rows share this sensor name with differing values; review each row
2026-09-30T02:47:26+08:00   WARN PrMo0CPU1EnfEDP0: 2 rows share this sensor name with differing values; review each row
2026-09-30T02:47:26+08:00 Loop 27: starting 3 target(s) concurrently
2026-09-30T02:47:27+08:00 Loop 27: L105-21R_n1 | aux cycle sent
2026-09-30T02:47:27+08:00 Loop 27: L105-21R_n1 | waiting OS boot
2026-09-30T02:47:27+08:00 Loop 27: L105-21R_n3 | aux cycle sent
2026-09-30T02:47:27+08:00 Loop 27: L105-21R_n3 | waiting OS boot
2026-09-30T02:47:27+08:00 Loop 27: L105-21R_n2 | aux cycle sent
2026-09-30T02:47:27+08:00 Loop 27: L105-21R_n2 | waiting OS boot
2026-09-30T02:47:56+08:00 Loop 27: still running — L105-21R_n1: waiting OS boot, L105-21R_n2: waiting OS boot, L105-21R_n3: waiting OS boot
2026-09-30T02:48:26+08:00 Loop 27: still running — L105-21R_n1: waiting OS boot, L105-21R_n2: waiting OS boot, L105-21R_n3: waiting OS boot
2026-09-30T02:48:56+08:00 Loop 27: still running — L105-21R_n1: waiting OS boot, L105-21R_n2: waiting OS boot, L105-21R_n3: waiting OS boot
2026-09-30T02:49:26+08:00 Loop 27: still running — L105-21R_n1: waiting OS boot, L105-21R_n2: waiting OS boot, L105-21R_n3: waiting OS boot
2026-09-30T02:49:56+08:00 Loop 27: still running — L105-21R_n1: waiting OS boot, L105-21R_n2: waiting OS boot, L105-21R_n3: waiting OS boot
2026-09-30T02:50:26+08:00 Loop 27: still running — L105-21R_n1: waiting OS boot, L105-21R_n2: waiting OS boot, L105-21R_n3: waiting OS boot
2026-09-30T02:50:56+08:00 Loop 27: still running — L105-21R_n1: waiting OS boot, L105-21R_n2: waiting OS boot, L105-21R_n3: waiting OS boot
2026-09-30T02:51:26+08:00 Loop 27: still running — L105-21R_n1: waiting OS boot, L105-21R_n2: waiting OS boot, L105-21R_n3: waiting OS boot
2026-09-30T02:51:56+08:00 Loop 27: still running — L105-21R_n1: waiting OS boot, L105-21R_n2: waiting OS boot, L105-21R_n3: waiting OS boot
2026-09-30T02:52:02+08:00 Loop 27: L105-21R_n1 | OS up, system check running
2026-09-30T02:52:07+08:00 Loop 27: L105-21R_n2 | OS up, system check running
2026-09-30T02:52:07+08:00 Loop 27: L105-21R_n3 | OS up, system check running
2026-09-30T02:52:22+08:00 Loop 27: L105-21R_n1 | system check done
2026-09-30T02:52:22+08:00 Loop 27: L105-21R_n1 | DONE
2026-09-30T02:52:22+08:00 L105-21R_n1 | LOOP 27 | FAIL
2026-09-30T02:52:22+08:00   FAIL BF4: Expected at least 1; detected 0
2026-09-30T02:52:22+08:00   FAIL 0004:01:00.0: Non-Volatile memory controller: KIOXIA Corporation NVMe SSD Controller XD8 (rev 01) (prog-if 02 [NVM Express]): LnkSta: Speed 32GT/s, Width x2 (downgraded)
2026-09-30T02:52:22+08:00   WARN PrMo0CPU0EnfEDP0: 2 rows share this sensor name with differing values; review each row
2026-09-30T02:52:22+08:00   WARN PrMo0CPU1EnfEDP0: 2 rows share this sensor name with differing values; review each row
2026-09-30T02:52:28+08:00 Loop 27: L105-21R_n3 | system check done
2026-09-30T02:52:28+08:00 Loop 27: L105-21R_n3 | DONE
2026-09-30T02:52:28+08:00 L105-21R_n3 | LOOP 27 | FAIL
2026-09-30T02:52:28+08:00   FAIL BF4: Expected at least 1; detected 0
2026-09-30T02:52:28+08:00   WARN PrMo0CPU0EnfEDP0: 2 rows share this sensor name with differing values; review each row
2026-09-30T02:52:28+08:00   WARN PrMo0CPU1EnfEDP0: 2 rows share this sensor name with differing values; review each row
2026-09-30T02:52:28+08:00 Loop 27: L105-21R_n2 | system check done
2026-09-30T02:52:28+08:00 Loop 27: L105-21R_n2 | DONE
2026-09-30T02:52:28+08:00 L105-21R_n2 | LOOP 27 | FAIL
2026-09-30T02:52:28+08:00   FAIL BF4: Expected at least 1; detected 0
2026-09-30T02:52:28+08:00   WARN PrMo0CPU0EnfEDP0: 2 rows share this sensor name with differing values; review each row
2026-09-30T02:52:28+08:00   WARN PrMo0CPU1EnfEDP0: 2 rows share this sensor name with differing values; review each row
2026-09-30T02:52:28+08:00 Loop 28: starting 3 target(s) concurrently
2026-09-30T02:52:30+08:00 Loop 28: L105-21R_n3 | aux cycle sent
2026-09-30T02:52:30+08:00 Loop 28: L105-21R_n3 | waiting OS boot
2026-09-30T02:52:30+08:00 Loop 28: L105-21R_n2 | aux cycle sent
2026-09-30T02:52:30+08:00 Loop 28: L105-21R_n2 | waiting OS boot
2026-09-30T02:52:30+08:00 Loop 28: L105-21R_n1 | aux cycle sent
2026-09-30T02:52:30+08:00 Loop 28: L105-21R_n1 | waiting OS boot
2026-09-30T02:52:58+08:00 Loop 28: still running — L105-21R_n1: waiting OS boot, L105-21R_n2: waiting OS boot, L105-21R_n3: waiting OS boot
2026-09-30T02:53:28+08:00 Loop 28: still running — L105-21R_n1: waiting OS boot, L105-21R_n2: waiting OS boot, L105-21R_n3: waiting OS boot
2026-09-30T02:53:58+08:00 Loop 28: still running — L105-21R_n1: waiting OS boot, L105-21R_n2: waiting OS boot, L105-21R_n3: waiting OS boot
2026-09-30T02:54:28+08:00 Loop 28: still running — L105-21R_n1: waiting OS boot, L105-21R_n2: waiting OS boot, L105-21R_n3: waiting OS boot
2026-09-30T02:54:58+08:00 Loop 28: still running — L105-21R_n1: waiting OS boot, L105-21R_n2: waiting OS boot, L105-21R_n3: waiting OS boot
2026-09-30T02:55:28+08:00 Loop 28: still running — L105-21R_n1: waiting OS boot, L105-21R_n2: waiting OS boot, L105-21R_n3: waiting OS boot
2026-09-30T02:55:58+08:00 Loop 28: still running — L105-21R_n1: waiting OS boot, L105-21R_n2: waiting OS boot, L105-21R_n3: waiting OS boot
2026-09-30T02:56:28+08:00 Loop 28: still running — L105-21R_n1: waiting OS boot, L105-21R_n2: waiting OS boot, L105-21R_n3: waiting OS boot
2026-09-30T02:56:58+08:00 Loop 28: still running — L105-21R_n1: waiting OS boot, L105-21R_n2: waiting OS boot, L105-21R_n3: waiting OS boot
2026-09-30T02:57:08+08:00 Loop 28: L105-21R_n2 | OS up, system check running
2026-09-30T02:57:09+08:00 Loop 28: L105-21R_n3 | OS up, system check running
2026-09-30T02:57:09+08:00 Loop 28: L105-21R_n1 | OS up, system check running
2026-09-30T02:57:28+08:00 Loop 28: L105-21R_n2 | system check done
2026-09-30T02:57:28+08:00 Loop 28: L105-21R_n2 | DONE
2026-09-30T02:57:28+08:00 L105-21R_n2 | LOOP 28 | FAIL
2026-09-30T02:57:28+08:00   FAIL BF4: Expected at least 1; detected 0
2026-09-30T02:57:28+08:00   WARN PrMo0CPU0EnfEDP0: 2 rows share this sensor name with differing values; review each row
2026-09-30T02:57:28+08:00   WARN PrMo0CPU1EnfEDP0: 2 rows share this sensor name with differing values; review each row
2026-09-30T02:57:29+08:00 Loop 28: L105-21R_n3 | system check done
2026-09-30T02:57:29+08:00 Loop 28: L105-21R_n3 | DONE
2026-09-30T02:57:29+08:00 L105-21R_n3 | LOOP 28 | FAIL
2026-09-30T02:57:29+08:00   FAIL BF4: Expected at least 1; detected 0
2026-09-30T02:57:29+08:00   WARN PrMo0CPU0EnfEDP0: 2 rows share this sensor name with differing values; review each row
2026-09-30T02:57:29+08:00   WARN PrMo0CPU1EnfEDP0: 2 rows share this sensor name with differing values; review each row
2026-09-30T02:57:30+08:00 Loop 28: L105-21R_n1 | system check done
2026-09-30T02:57:30+08:00 Loop 28: L105-21R_n1 | DONE
2026-09-30T02:57:30+08:00 L105-21R_n1 | LOOP 28 | FAIL
2026-09-30T02:57:30+08:00   FAIL BF4: Expected at least 1; detected 0
2026-09-30T02:57:30+08:00   FAIL 0004:01:00.0: Non-Volatile memory controller: KIOXIA Corporation NVMe SSD Controller XD8 (rev 01) (prog-if 02 [NVM Express]): LnkSta: Speed 32GT/s, Width x2 (downgraded)
2026-09-30T02:57:30+08:00   WARN PrMo0CPU0EnfEDP0: 2 rows share this sensor name with differing values; review each row
2026-09-30T02:57:30+08:00   WARN PrMo0CPU1EnfEDP0: 2 rows share this sensor name with differing values; review each row
2026-09-30T02:57:30+08:00 Loop 29: starting 3 target(s) concurrently
2026-09-30T02:57:31+08:00 Loop 29: L105-21R_n1 | aux cycle sent
2026-09-30T02:57:31+08:00 Loop 29: L105-21R_n1 | waiting OS boot
2026-09-30T02:57:31+08:00 Loop 29: L105-21R_n3 | aux cycle sent
2026-09-30T02:57:31+08:00 Loop 29: L105-21R_n3 | waiting OS boot
2026-09-30T02:57:31+08:00 Loop 29: L105-21R_n2 | aux cycle sent
2026-09-30T02:57:31+08:00 Loop 29: L105-21R_n2 | waiting OS boot
2026-09-30T02:58:00+08:00 Loop 29: still running — L105-21R_n1: waiting OS boot, L105-21R_n2: waiting OS boot, L105-21R_n3: waiting OS boot
2026-09-30T02:58:30+08:00 Loop 29: still running — L105-21R_n1: waiting OS boot, L105-21R_n2: waiting OS boot, L105-21R_n3: waiting OS boot
2026-09-30T02:59:00+08:00 Loop 29: still running — L105-21R_n1: waiting OS boot, L105-21R_n2: waiting OS boot, L105-21R_n3: waiting OS boot
2026-09-30T02:59:30+08:00 Loop 29: still running — L105-21R_n1: waiting OS boot, L105-21R_n2: waiting OS boot, L105-21R_n3: waiting OS boot
2026-09-30T03:00:00+08:00 Loop 29: still running — L105-21R_n1: waiting OS boot, L105-21R_n2: waiting OS boot, L105-21R_n3: waiting OS boot
2026-09-30T03:00:30+08:00 Loop 29: still running — L105-21R_n1: waiting OS boot, L105-21R_n2: waiting OS boot, L105-21R_n3: waiting OS boot
2026-09-30T03:01:00+08:00 Loop 29: still running — L105-21R_n1: waiting OS boot, L105-21R_n2: waiting OS boot, L105-21R_n3: waiting OS boot
2026-09-30T03:01:30+08:00 Loop 29: still running — L105-21R_n1: waiting OS boot, L105-21R_n2: waiting OS boot, L105-21R_n3: waiting OS boot
2026-09-30T03:02:00+08:00 Loop 29: still running — L105-21R_n1: waiting OS boot, L105-21R_n2: waiting OS boot, L105-21R_n3: waiting OS boot
2026-09-30T03:02:10+08:00 Loop 29: L105-21R_n1 | OS up, system check running
2026-09-30T03:02:12+08:00 Loop 29: L105-21R_n2 | OS up, system check running
2026-09-30T03:02:12+08:00 Loop 29: L105-21R_n3 | OS up, system check running
2026-09-30T03:02:30+08:00 Loop 29: still running — L105-21R_n1: OS up, system check running, L105-21R_n2: OS up, system check running, L105-21R_n3: OS up, system check running
2026-09-30T03:02:31+08:00 Loop 29: L105-21R_n1 | system check done
2026-09-30T03:02:31+08:00 Loop 29: L105-21R_n1 | DONE
2026-09-30T03:02:31+08:00 L105-21R_n1 | LOOP 29 | FAIL
2026-09-30T03:02:31+08:00   FAIL BF4: Expected at least 1; detected 0
2026-09-30T03:02:31+08:00   FAIL 0004:01:00.0: Non-Volatile memory controller: KIOXIA Corporation NVMe SSD Controller XD8 (rev 01) (prog-if 02 [NVM Express]): LnkSta: Speed 32GT/s, Width x2 (downgraded)
2026-09-30T03:02:31+08:00   WARN PrMo0CPU0EnfEDP0: 2 rows share this sensor name with differing values; review each row
2026-09-30T03:02:31+08:00   WARN PrMo0CPU1EnfEDP0: 2 rows share this sensor name with differing values; review each row
2026-09-30T03:02:32+08:00 Loop 29: L105-21R_n2 | system check done
2026-09-30T03:02:32+08:00 Loop 29: L105-21R_n2 | DONE
2026-09-30T03:02:32+08:00 L105-21R_n2 | LOOP 29 | FAIL
2026-09-30T03:02:32+08:00   FAIL BF4: Expected at least 1; detected 0
2026-09-30T03:02:32+08:00   WARN PrMo0CPU0EnfEDP0: 2 rows share this sensor name with differing values; review each row
2026-09-30T03:02:32+08:00   WARN PrMo0CPU1EnfEDP0: 2 rows share this sensor name with differing values; review each row
2026-09-30T03:02:32+08:00 Loop 29: L105-21R_n3 | system check done
2026-09-30T03:02:32+08:00 Loop 29: L105-21R_n3 | DONE
2026-09-30T03:02:32+08:00 L105-21R_n3 | LOOP 29 | FAIL
2026-09-30T03:02:32+08:00   FAIL BF4: Expected at least 1; detected 0
2026-09-30T03:02:32+08:00   WARN PrMo0CPU0EnfEDP0: 2 rows share this sensor name with differing values; review each row
2026-09-30T03:02:32+08:00   WARN PrMo0CPU1EnfEDP0: 2 rows share this sensor name with differing values; review each row
2026-09-30T03:02:32+08:00 Loop 30: starting 3 target(s) concurrently
2026-09-30T03:02:33+08:00 Loop 30: L105-21R_n1 | aux cycle sent
2026-09-30T03:02:33+08:00 Loop 30: L105-21R_n1 | waiting OS boot
2026-09-30T03:02:34+08:00 Loop 30: L105-21R_n3 | aux cycle sent
2026-09-30T03:02:34+08:00 Loop 30: L105-21R_n3 | waiting OS boot
2026-09-30T03:02:34+08:00 Loop 30: L105-21R_n2 | aux cycle sent
2026-09-30T03:02:34+08:00 Loop 30: L105-21R_n2 | waiting OS boot
2026-09-30T03:03:02+08:00 Loop 30: still running — L105-21R_n1: waiting OS boot, L105-21R_n2: waiting OS boot, L105-21R_n3: waiting OS boot
2026-09-30T03:03:32+08:00 Loop 30: still running — L105-21R_n1: waiting OS boot, L105-21R_n2: waiting OS boot, L105-21R_n3: waiting OS boot
2026-09-30T03:04:02+08:00 Loop 30: still running — L105-21R_n1: waiting OS boot, L105-21R_n2: waiting OS boot, L105-21R_n3: waiting OS boot
2026-09-30T03:04:32+08:00 Loop 30: still running — L105-21R_n1: waiting OS boot, L105-21R_n2: waiting OS boot, L105-21R_n3: waiting OS boot
2026-09-30T03:05:02+08:00 Loop 30: still running — L105-21R_n1: waiting OS boot, L105-21R_n2: waiting OS boot, L105-21R_n3: waiting OS boot
2026-09-30T03:05:32+08:00 Loop 30: still running — L105-21R_n1: waiting OS boot, L105-21R_n2: waiting OS boot, L105-21R_n3: waiting OS boot
2026-09-30T03:06:02+08:00 Loop 30: still running — L105-21R_n1: waiting OS boot, L105-21R_n2: waiting OS boot, L105-21R_n3: waiting OS boot
2026-09-30T03:06:32+08:00 Loop 30: still running — L105-21R_n1: waiting OS boot, L105-21R_n2: waiting OS boot, L105-21R_n3: waiting OS boot
2026-09-30T03:07:02+08:00 Loop 30: still running — L105-21R_n1: waiting OS boot, L105-21R_n2: waiting OS boot, L105-21R_n3: waiting OS boot
2026-09-30T03:07:09+08:00 Loop 30: L105-21R_n1 | OS up, system check running
2026-09-30T03:07:13+08:00 Loop 30: L105-21R_n2 | OS up, system check running
2026-09-30T03:07:14+08:00 Loop 30: L105-21R_n3 | OS up, system check running
2026-09-30T03:07:31+08:00 Loop 30: L105-21R_n1 | system check done
2026-09-30T03:07:31+08:00 Loop 30: L105-21R_n1 | DONE
2026-09-30T03:07:31+08:00 L105-21R_n1 | LOOP 30 | FAIL
2026-09-30T03:07:31+08:00   FAIL BF4: Expected at least 1; detected 0
2026-09-30T03:07:31+08:00   FAIL 0004:01:00.0: Non-Volatile memory controller: KIOXIA Corporation NVMe SSD Controller XD8 (rev 01) (prog-if 02 [NVM Express]): LnkSta: Speed 32GT/s, Width x2 (downgraded)
2026-09-30T03:07:31+08:00   WARN PrMo0CPU0EnfEDP0: 2 rows share this sensor name with differing values; review each row
2026-09-30T03:07:31+08:00   WARN PrMo0CPU1EnfEDP0: 2 rows share this sensor name with differing values; review each row
2026-09-30T03:07:34+08:00 Loop 30: L105-21R_n3 | system check done
2026-09-30T03:07:34+08:00 Loop 30: L105-21R_n3 | DONE
2026-09-30T03:07:34+08:00 L105-21R_n3 | LOOP 30 | FAIL
2026-09-30T03:07:34+08:00   FAIL BF4: Expected at least 1; detected 0
2026-09-30T03:07:34+08:00   WARN PrMo0CPU0EnfEDP0: 2 rows share this sensor name with differing values; review each row
2026-09-30T03:07:34+08:00   WARN PrMo0CPU1EnfEDP0: 2 rows share this sensor name with differing values; review each row
2026-09-30T03:07:34+08:00 Loop 30: L105-21R_n2 | system check done
2026-09-30T03:07:34+08:00 Loop 30: L105-21R_n2 | DONE
2026-09-30T03:07:34+08:00 L105-21R_n2 | LOOP 30 | FAIL
2026-09-30T03:07:34+08:00   FAIL BF4: Expected at least 1; detected 0
2026-09-30T03:07:34+08:00   WARN PrMo0CPU0EnfEDP0: 2 rows share this sensor name with differing values; review each row
2026-09-30T03:07:34+08:00   WARN PrMo0CPU1EnfEDP0: 2 rows share this sensor name with differing values; review each row
2026-09-30T03:07:34+08:00 Loop 31: starting 3 target(s) concurrently
2026-09-30T03:07:36+08:00 Loop 31: L105-21R_n1 | aux cycle sent
2026-09-30T03:07:36+08:00 Loop 31: L105-21R_n1 | waiting OS boot
2026-09-30T03:07:36+08:00 Loop 31: L105-21R_n3 | aux cycle sent
2026-09-30T03:07:36+08:00 Loop 31: L105-21R_n2 | aux cycle sent
2026-09-30T03:07:36+08:00 Loop 31: L105-21R_n3 | waiting OS boot
2026-09-30T03:07:36+08:00 Loop 31: L105-21R_n2 | waiting OS boot
2026-09-30T03:08:04+08:00 Loop 31: still running — L105-21R_n1: waiting OS boot, L105-21R_n2: waiting OS boot, L105-21R_n3: waiting OS boot
2026-09-30T03:08:34+08:00 Loop 31: still running — L105-21R_n1: waiting OS boot, L105-21R_n2: waiting OS boot, L105-21R_n3: waiting OS boot
2026-09-30T03:09:04+08:00 Loop 31: still running — L105-21R_n1: waiting OS boot, L105-21R_n2: waiting OS boot, L105-21R_n3: waiting OS boot
2026-09-30T03:09:34+08:00 Loop 31: still running — L105-21R_n1: waiting OS boot, L105-21R_n2: waiting OS boot, L105-21R_n3: waiting OS boot
2026-09-30T03:10:04+08:00 Loop 31: still running — L105-21R_n1: waiting OS boot, L105-21R_n2: waiting OS boot, L105-21R_n3: waiting OS boot
2026-09-30T03:10:34+08:00 Loop 31: still running — L105-21R_n1: waiting OS boot, L105-21R_n2: waiting OS boot, L105-21R_n3: waiting OS boot
2026-09-30T03:11:04+08:00 Loop 31: still running — L105-21R_n1: waiting OS boot, L105-21R_n2: waiting OS boot, L105-21R_n3: waiting OS boot
2026-09-30T03:11:34+08:00 Loop 31: still running — L105-21R_n1: waiting OS boot, L105-21R_n2: waiting OS boot, L105-21R_n3: waiting OS boot
2026-09-30T03:12:04+08:00 Loop 31: still running — L105-21R_n1: waiting OS boot, L105-21R_n2: waiting OS boot, L105-21R_n3: waiting OS boot
2026-09-30T03:12:13+08:00 Loop 31: L105-21R_n1 | OS up, system check running
2026-09-30T03:12:14+08:00 Loop 31: L105-21R_n2 | OS up, system check running
2026-09-30T03:12:14+08:00 Loop 31: L105-21R_n3 | OS up, system check running
2026-09-30T03:12:34+08:00 Loop 31: L105-21R_n1 | system check done
2026-09-30T03:12:34+08:00 Loop 31: L105-21R_n1 | DONE
2026-09-30T03:12:34+08:00 L105-21R_n1 | LOOP 31 | FAIL
2026-09-30T03:12:34+08:00   FAIL BF4: Expected at least 1; detected 0
2026-09-30T03:12:34+08:00   FAIL 0004:01:00.0: Non-Volatile memory controller: KIOXIA Corporation NVMe SSD Controller XD8 (rev 01) (prog-if 02 [NVM Express]): LnkSta: Speed 32GT/s, Width x2 (downgraded)
2026-09-30T03:12:34+08:00   WARN PrMo0CPU0EnfEDP0: 2 rows share this sensor name with differing values; review each row
2026-09-30T03:12:34+08:00   WARN PrMo0CPU1EnfEDP0: 2 rows share this sensor name with differing values; review each row
2026-09-30T03:12:34+08:00 Loop 31: L105-21R_n2 | system check done
2026-09-30T03:12:34+08:00 Loop 31: L105-21R_n2 | DONE
2026-09-30T03:12:34+08:00 L105-21R_n2 | LOOP 31 | FAIL
2026-09-30T03:12:34+08:00   FAIL BF4: Expected at least 1; detected 0
2026-09-30T03:12:34+08:00   WARN PrMo0CPU0EnfEDP0: 2 rows share this sensor name with differing values; review each row
2026-09-30T03:12:34+08:00   WARN PrMo0CPU1EnfEDP0: 2 rows share this sensor name with differing values; review each row
2026-09-30T03:12:35+08:00 Loop 31: L105-21R_n3 | system check done
2026-09-30T03:12:35+08:00 Loop 31: L105-21R_n3 | DONE
2026-09-30T03:12:35+08:00 L105-21R_n3 | LOOP 31 | FAIL
2026-09-30T03:12:35+08:00   FAIL BF4: Expected at least 1; detected 0
2026-09-30T03:12:35+08:00   WARN PrMo0CPU0EnfEDP0: 2 rows share this sensor name with differing values; review each row
2026-09-30T03:12:35+08:00   WARN PrMo0CPU1EnfEDP0: 2 rows share this sensor name with differing values; review each row
2026-09-30T03:12:35+08:00 Loop 32: starting 3 target(s) concurrently
2026-09-30T03:12:36+08:00 Loop 32: L105-21R_n1 | aux cycle sent
2026-09-30T03:12:36+08:00 Loop 32: L105-21R_n1 | waiting OS boot
2026-09-30T03:12:36+08:00 Loop 32: L105-21R_n2 | aux cycle sent
2026-09-30T03:12:36+08:00 Loop 32: L105-21R_n2 | waiting OS boot
2026-09-30T03:12:36+08:00 Loop 32: L105-21R_n3 | aux cycle sent
2026-09-30T03:12:36+08:00 Loop 32: L105-21R_n3 | waiting OS boot
2026-09-30T03:13:05+08:00 Loop 32: still running — L105-21R_n1: waiting OS boot, L105-21R_n2: waiting OS boot, L105-21R_n3: waiting OS boot
2026-09-30T03:13:35+08:00 Loop 32: still running — L105-21R_n1: waiting OS boot, L105-21R_n2: waiting OS boot, L105-21R_n3: waiting OS boot
2026-09-30T03:14:05+08:00 Loop 32: still running — L105-21R_n1: waiting OS boot, L105-21R_n2: waiting OS boot, L105-21R_n3: waiting OS boot
2026-09-30T03:14:35+08:00 Loop 32: still running — L105-21R_n1: waiting OS boot, L105-21R_n2: waiting OS boot, L105-21R_n3: waiting OS boot
2026-09-30T03:15:05+08:00 Loop 32: still running — L105-21R_n1: waiting OS boot, L105-21R_n2: waiting OS boot, L105-21R_n3: waiting OS boot
2026-09-30T03:15:35+08:00 Loop 32: still running — L105-21R_n1: waiting OS boot, L105-21R_n2: waiting OS boot, L105-21R_n3: waiting OS boot
2026-09-30T03:16:05+08:00 Loop 32: still running — L105-21R_n1: waiting OS boot, L105-21R_n2: waiting OS boot, L105-21R_n3: waiting OS boot
2026-09-30T03:16:35+08:00 Loop 32: still running — L105-21R_n1: waiting OS boot, L105-21R_n2: waiting OS boot, L105-21R_n3: waiting OS boot
2026-09-30T03:17:05+08:00 Loop 32: still running — L105-21R_n1: waiting OS boot, L105-21R_n2: waiting OS boot, L105-21R_n3: waiting OS boot
2026-09-30T03:17:14+08:00 Loop 32: L105-21R_n2 | OS up, system check running
2026-09-30T03:17:14+08:00 Loop 32: L105-21R_n3 | OS up, system check running
2026-09-30T03:17:16+08:00 Loop 32: L105-21R_n1 | OS up, system check running
2026-09-30T03:17:35+08:00 Loop 32: still running — L105-21R_n1: OS up, system check running, L105-21R_n2: OS up, system check running, L105-21R_n3: OS up, system check running
2026-09-30T03:17:35+08:00 Loop 32: L105-21R_n2 | system check done
2026-09-30T03:17:35+08:00 Loop 32: L105-21R_n2 | DONE
2026-09-30T03:17:35+08:00 L105-21R_n2 | LOOP 32 | FAIL
2026-09-30T03:17:35+08:00   FAIL BF4: Expected at least 1; detected 0
2026-09-30T03:17:35+08:00   WARN PrMo0CPU0EnfEDP0: 2 rows share this sensor name with differing values; review each row
2026-09-30T03:17:35+08:00   WARN PrMo0CPU1EnfEDP0: 2 rows share this sensor name with differing values; review each row
2026-09-30T03:17:36+08:00 Loop 32: L105-21R_n3 | system check done
2026-09-30T03:17:36+08:00 Loop 32: L105-21R_n3 | DONE
2026-09-30T03:17:36+08:00 L105-21R_n3 | LOOP 32 | FAIL
2026-09-30T03:17:36+08:00   FAIL BF4: Expected at least 1; detected 0
2026-09-30T03:17:36+08:00   WARN PrMo0CPU0EnfEDP0: 2 rows share this sensor name with differing values; review each row
2026-09-30T03:17:36+08:00   WARN PrMo0CPU1EnfEDP0: 2 rows share this sensor name with differing values; review each row
2026-09-30T03:17:36+08:00 Loop 32: L105-21R_n1 | system check done
2026-09-30T03:17:36+08:00 Loop 32: L105-21R_n1 | DONE
2026-09-30T03:17:36+08:00 L105-21R_n1 | LOOP 32 | FAIL
2026-09-30T03:17:36+08:00   FAIL BF4: Expected at least 1; detected 0
2026-09-30T03:17:36+08:00   FAIL 0004:01:00.0: Non-Volatile memory controller: KIOXIA Corporation NVMe SSD Controller XD8 (rev 01) (prog-if 02 [NVM Express]): LnkSta: Speed 32GT/s, Width x2 (downgraded)
2026-09-30T03:17:36+08:00   WARN PrMo0CPU0EnfEDP0: 2 rows share this sensor name with differing values; review each row
2026-09-30T03:17:36+08:00   WARN PrMo0CPU1EnfEDP0: 2 rows share this sensor name with differing values; review each row
2026-09-30T03:17:37+08:00 Loop 33: starting 3 target(s) concurrently
2026-09-30T03:17:38+08:00 Loop 33: L105-21R_n3 | aux cycle sent
2026-09-30T03:17:38+08:00 Loop 33: L105-21R_n3 | waiting OS boot
2026-09-30T03:17:38+08:00 Loop 33: L105-21R_n2 | aux cycle sent
2026-09-30T03:17:38+08:00 Loop 33: L105-21R_n2 | waiting OS boot
2026-09-30T03:17:38+08:00 Loop 33: L105-21R_n1 | aux cycle sent
2026-09-30T03:17:38+08:00 Loop 33: L105-21R_n1 | waiting OS boot
2026-09-30T03:18:07+08:00 Loop 33: still running — L105-21R_n1: waiting OS boot, L105-21R_n2: waiting OS boot, L105-21R_n3: waiting OS boot
2026-09-30T03:18:37+08:00 Loop 33: still running — L105-21R_n1: waiting OS boot, L105-21R_n2: waiting OS boot, L105-21R_n3: waiting OS boot
2026-09-30T03:19:07+08:00 Loop 33: still running — L105-21R_n1: waiting OS boot, L105-21R_n2: waiting OS boot, L105-21R_n3: waiting OS boot
2026-09-30T03:19:37+08:00 Loop 33: still running — L105-21R_n1: waiting OS boot, L105-21R_n2: waiting OS boot, L105-21R_n3: waiting OS boot
2026-09-30T03:20:07+08:00 Loop 33: still running — L105-21R_n1: waiting OS boot, L105-21R_n2: waiting OS boot, L105-21R_n3: waiting OS boot
2026-09-30T03:20:37+08:00 Loop 33: still running — L105-21R_n1: waiting OS boot, L105-21R_n2: waiting OS boot, L105-21R_n3: waiting OS boot
2026-09-30T03:21:07+08:00 Loop 33: still running — L105-21R_n1: waiting OS boot, L105-21R_n2: waiting OS boot, L105-21R_n3: waiting OS boot
2026-09-30T03:21:37+08:00 Loop 33: still running — L105-21R_n1: waiting OS boot, L105-21R_n2: waiting OS boot, L105-21R_n3: waiting OS boot
2026-09-30T03:22:07+08:00 Loop 33: still running — L105-21R_n1: waiting OS boot, L105-21R_n2: waiting OS boot, L105-21R_n3: waiting OS boot
2026-09-30T03:22:14+08:00 Loop 33: L105-21R_n1 | OS up, system check running
2026-09-30T03:22:18+08:00 Loop 33: L105-21R_n2 | OS up, system check running
2026-09-30T03:22:18+08:00 Loop 33: L105-21R_n3 | OS up, system check running
2026-09-30T03:22:36+08:00 Loop 33: L105-21R_n1 | system check done
2026-09-30T03:22:36+08:00 Loop 33: L105-21R_n1 | DONE
2026-09-30T03:22:36+08:00 L105-21R_n1 | LOOP 33 | FAIL
2026-09-30T03:22:36+08:00   FAIL BF4: Expected at least 1; detected 0
2026-09-30T03:22:36+08:00   FAIL 0004:01:00.0: Non-Volatile memory controller: KIOXIA Corporation NVMe SSD Controller XD8 (rev 01) (prog-if 02 [NVM Express]): LnkSta: Speed 32GT/s, Width x2 (downgraded)
2026-09-30T03:22:36+08:00   WARN PrMo0CPU0EnfEDP0: 2 rows share this sensor name with differing values; review each row
2026-09-30T03:22:36+08:00   WARN PrMo0CPU1EnfEDP0: 2 rows share this sensor name with differing values; review each row
2026-09-30T03:22:38+08:00 Loop 33: L105-21R_n3 | system check done
2026-09-30T03:22:38+08:00 Loop 33: L105-21R_n3 | DONE
2026-09-30T03:22:38+08:00 L105-21R_n3 | LOOP 33 | FAIL
2026-09-30T03:22:38+08:00   FAIL BF4: Expected at least 1; detected 0
2026-09-30T03:22:38+08:00   WARN PrMo0CPU0EnfEDP0: 2 rows share this sensor name with differing values; review each row
2026-09-30T03:22:38+08:00   WARN PrMo0CPU1EnfEDP0: 2 rows share this sensor name with differing values; review each row
2026-09-30T03:22:39+08:00 Loop 33: L105-21R_n2 | system check done
2026-09-30T03:22:39+08:00 Loop 33: L105-21R_n2 | DONE
2026-09-30T03:22:39+08:00 L105-21R_n2 | LOOP 33 | FAIL
2026-09-30T03:22:39+08:00   FAIL BF4: Expected at least 1; detected 0
2026-09-30T03:22:39+08:00   WARN PrMo0CPU0EnfEDP0: 2 rows share this sensor name with differing values; review each row
2026-09-30T03:22:39+08:00   WARN PrMo0CPU1EnfEDP0: 2 rows share this sensor name with differing values; review each row
2026-09-30T03:22:39+08:00 Loop 34: starting 3 target(s) concurrently
2026-09-30T03:22:40+08:00 Loop 34: L105-21R_n1 | aux cycle sent
2026-09-30T03:22:40+08:00 Loop 34: L105-21R_n1 | waiting OS boot
2026-09-30T03:22:40+08:00 Loop 34: L105-21R_n2 | aux cycle sent
2026-09-30T03:22:40+08:00 Loop 34: L105-21R_n2 | waiting OS boot
2026-09-30T03:22:40+08:00 Loop 34: L105-21R_n3 | aux cycle sent
2026-09-30T03:22:40+08:00 Loop 34: L105-21R_n3 | waiting OS boot
2026-09-30T03:23:09+08:00 Loop 34: still running — L105-21R_n1: waiting OS boot, L105-21R_n2: waiting OS boot, L105-21R_n3: waiting OS boot
2026-09-30T03:23:39+08:00 Loop 34: still running — L105-21R_n1: waiting OS boot, L105-21R_n2: waiting OS boot, L105-21R_n3: waiting OS boot
2026-09-30T03:24:09+08:00 Loop 34: still running — L105-21R_n1: waiting OS boot, L105-21R_n2: waiting OS boot, L105-21R_n3: waiting OS boot
2026-09-30T03:24:39+08:00 Loop 34: still running — L105-21R_n1: waiting OS boot, L105-21R_n2: waiting OS boot, L105-21R_n3: waiting OS boot
2026-09-30T03:25:09+08:00 Loop 34: still running — L105-21R_n1: waiting OS boot, L105-21R_n2: waiting OS boot, L105-21R_n3: waiting OS boot
2026-09-30T03:25:39+08:00 Loop 34: still running — L105-21R_n1: waiting OS boot, L105-21R_n2: waiting OS boot, L105-21R_n3: waiting OS boot
2026-09-30T03:26:09+08:00 Loop 34: still running — L105-21R_n1: waiting OS boot, L105-21R_n2: waiting OS boot, L105-21R_n3: waiting OS boot
2026-09-30T03:26:39+08:00 Loop 34: still running — L105-21R_n1: waiting OS boot, L105-21R_n2: waiting OS boot, L105-21R_n3: waiting OS boot
2026-09-30T03:27:09+08:00 Loop 34: still running — L105-21R_n1: waiting OS boot, L105-21R_n2: waiting OS boot, L105-21R_n3: waiting OS boot
2026-09-30T03:27:19+08:00 Loop 34: L105-21R_n1 | OS up, system check running
2026-09-30T03:27:20+08:00 Loop 34: L105-21R_n2 | OS up, system check running
2026-09-30T03:27:20+08:00 Loop 34: L105-21R_n3 | OS up, system check running
2026-09-30T03:27:39+08:00 Loop 34: still running — L105-21R_n1: OS up, system check running, L105-21R_n2: OS up, system check running, L105-21R_n3: OS up, system check running
2026-09-30T03:27:40+08:00 Loop 34: L105-21R_n1 | system check done
2026-09-30T03:27:40+08:00 Loop 34: L105-21R_n1 | DONE
2026-09-30T03:27:40+08:00 L105-21R_n1 | LOOP 34 | FAIL
2026-09-30T03:27:40+08:00   FAIL BF4: Expected at least 1; detected 0
2026-09-30T03:27:40+08:00   FAIL 0004:01:00.0: Non-Volatile memory controller: KIOXIA Corporation NVMe SSD Controller XD8 (rev 01) (prog-if 02 [NVM Express]): LnkSta: Speed 32GT/s, Width x2 (downgraded)
2026-09-30T03:27:40+08:00   WARN PrMo0CPU0EnfEDP0: 2 rows share this sensor name with differing values; review each row
2026-09-30T03:27:40+08:00   WARN PrMo0CPU1EnfEDP0: 2 rows share this sensor name with differing values; review each row
2026-09-30T03:27:41+08:00 Loop 34: L105-21R_n3 | system check done
2026-09-30T03:27:41+08:00 Loop 34: L105-21R_n3 | DONE
2026-09-30T03:27:41+08:00 L105-21R_n3 | LOOP 34 | FAIL
2026-09-30T03:27:41+08:00   FAIL BF4: Expected at least 1; detected 0
2026-09-30T03:27:41+08:00   WARN PrMo0CPU0EnfEDP0: 2 rows share this sensor name with differing values; review each row
2026-09-30T03:27:41+08:00   WARN PrMo0CPU1EnfEDP0: 2 rows share this sensor name with differing values; review each row
2026-09-30T03:27:41+08:00 Loop 34: L105-21R_n2 | system check done
2026-09-30T03:27:41+08:00 Loop 34: L105-21R_n2 | DONE
2026-09-30T03:27:41+08:00 L105-21R_n2 | LOOP 34 | FAIL
2026-09-30T03:27:41+08:00   FAIL BF4: Expected at least 1; detected 0
2026-09-30T03:27:41+08:00   WARN PrMo0CPU0EnfEDP0: 2 rows share this sensor name with differing values; review each row
2026-09-30T03:27:41+08:00   WARN PrMo0CPU1EnfEDP0: 2 rows share this sensor name with differing values; review each row
2026-09-30T03:27:41+08:00 Loop 35: starting 3 target(s) concurrently
2026-09-30T03:27:42+08:00 Loop 35: L105-21R_n1 | aux cycle sent
2026-09-30T03:27:42+08:00 Loop 35: L105-21R_n1 | waiting OS boot
2026-09-30T03:27:42+08:00 Loop 35: L105-21R_n2 | aux cycle sent
2026-09-30T03:27:42+08:00 Loop 35: L105-21R_n2 | waiting OS boot
2026-09-30T03:27:42+08:00 Loop 35: L105-21R_n3 | aux cycle sent
2026-09-30T03:27:42+08:00 Loop 35: L105-21R_n3 | waiting OS boot
2026-09-30T03:28:11+08:00 Loop 35: still running — L105-21R_n1: waiting OS boot, L105-21R_n2: waiting OS boot, L105-21R_n3: waiting OS boot
2026-09-30T03:28:41+08:00 Loop 35: still running — L105-21R_n1: waiting OS boot, L105-21R_n2: waiting OS boot, L105-21R_n3: waiting OS boot
2026-09-30T03:29:11+08:00 Loop 35: still running — L105-21R_n1: waiting OS boot, L105-21R_n2: waiting OS boot, L105-21R_n3: waiting OS boot
2026-09-30T03:29:41+08:00 Loop 35: still running — L105-21R_n1: waiting OS boot, L105-21R_n2: waiting OS boot, L105-21R_n3: waiting OS boot
2026-09-30T03:30:11+08:00 Loop 35: still running — L105-21R_n1: waiting OS boot, L105-21R_n2: waiting OS boot, L105-21R_n3: waiting OS boot
2026-09-30T03:30:41+08:00 Loop 35: still running — L105-21R_n1: waiting OS boot, L105-21R_n2: waiting OS boot, L105-21R_n3: waiting OS boot
2026-09-30T03:31:11+08:00 Loop 35: still running — L105-21R_n1: waiting OS boot, L105-21R_n2: waiting OS boot, L105-21R_n3: waiting OS boot
2026-09-30T03:31:41+08:00 Loop 35: still running — L105-21R_n1: waiting OS boot, L105-21R_n2: waiting OS boot, L105-21R_n3: waiting OS boot
2026-09-30T03:32:11+08:00 Loop 35: still running — L105-21R_n1: waiting OS boot, L105-21R_n2: waiting OS boot, L105-21R_n3: waiting OS boot
2026-09-30T03:32:19+08:00 Loop 35: L105-21R_n1 | OS up, system check running
2026-09-30T03:32:22+08:00 Loop 35: L105-21R_n2 | OS up, system check running
2026-09-30T03:32:22+08:00 Loop 35: L105-21R_n3 | OS up, system check running
2026-09-30T03:32:41+08:00 Loop 35: L105-21R_n1 | system check done
2026-09-30T03:32:41+08:00 Loop 35: L105-21R_n1 | DONE
2026-09-30T03:32:41+08:00 L105-21R_n1 | LOOP 35 | FAIL
2026-09-30T03:32:41+08:00   FAIL BF4: Expected at least 1; detected 0
2026-09-30T03:32:41+08:00   FAIL 0004:01:00.0: Non-Volatile memory controller: KIOXIA Corporation NVMe SSD Controller XD8 (rev 01) (prog-if 02 [NVM Express]): LnkSta: Speed 32GT/s, Width x2 (downgraded)
2026-09-30T03:32:41+08:00   WARN PrMo0CPU0EnfEDP0: 2 rows share this sensor name with differing values; review each row
2026-09-30T03:32:41+08:00   WARN PrMo0CPU1EnfEDP0: 2 rows share this sensor name with differing values; review each row
2026-09-30T03:32:42+08:00 Loop 35: L105-21R_n2 | system check done
2026-09-30T03:32:42+08:00 Loop 35: L105-21R_n2 | DONE
2026-09-30T03:32:42+08:00 L105-21R_n2 | LOOP 35 | FAIL
2026-09-30T03:32:42+08:00   FAIL BF4: Expected at least 1; detected 0
2026-09-30T03:32:42+08:00   WARN PrMo0CPU0EnfEDP0: 2 rows share this sensor name with differing values; review each row
2026-09-30T03:32:42+08:00   WARN PrMo0CPU1EnfEDP0: 2 rows share this sensor name with differing values; review each row
2026-09-30T03:32:43+08:00 Loop 35: L105-21R_n3 | system check done
2026-09-30T03:32:43+08:00 Loop 35: L105-21R_n3 | DONE
2026-09-30T03:32:43+08:00 L105-21R_n3 | LOOP 35 | FAIL
2026-09-30T03:32:43+08:00   FAIL BF4: Expected at least 1; detected 0
2026-09-30T03:32:43+08:00   WARN PrMo0CPU0EnfEDP0: 2 rows share this sensor name with differing values; review each row
2026-09-30T03:32:43+08:00   WARN PrMo0CPU1EnfEDP0: 2 rows share this sensor name with differing values; review each row
2026-09-30T03:32:43+08:00 Loop 36: starting 3 target(s) concurrently
2026-09-30T03:32:44+08:00 Loop 36: L105-21R_n3 | aux cycle sent
2026-09-30T03:32:44+08:00 Loop 36: L105-21R_n3 | waiting OS boot
2026-09-30T03:32:44+08:00 Loop 36: L105-21R_n2 | aux cycle sent
2026-09-30T03:32:44+08:00 Loop 36: L105-21R_n2 | waiting OS boot
2026-09-30T03:32:44+08:00 Loop 36: L105-21R_n1 | aux cycle sent
2026-09-30T03:32:44+08:00 Loop 36: L105-21R_n1 | waiting OS boot
2026-09-30T03:33:13+08:00 Loop 36: still running — L105-21R_n1: waiting OS boot, L105-21R_n2: waiting OS boot, L105-21R_n3: waiting OS boot
2026-09-30T03:33:43+08:00 Loop 36: still running — L105-21R_n1: waiting OS boot, L105-21R_n2: waiting OS boot, L105-21R_n3: waiting OS boot
2026-09-30T03:34:13+08:00 Loop 36: still running — L105-21R_n1: waiting OS boot, L105-21R_n2: waiting OS boot, L105-21R_n3: waiting OS boot
2026-09-30T03:34:43+08:00 Loop 36: still running — L105-21R_n1: waiting OS boot, L105-21R_n2: waiting OS boot, L105-21R_n3: waiting OS boot
2026-09-30T03:35:13+08:00 Loop 36: still running — L105-21R_n1: waiting OS boot, L105-21R_n2: waiting OS boot, L105-21R_n3: waiting OS boot
2026-09-30T03:35:43+08:00 Loop 36: still running — L105-21R_n1: waiting OS boot, L105-21R_n2: waiting OS boot, L105-21R_n3: waiting OS boot
2026-09-30T03:36:13+08:00 Loop 36: still running — L105-21R_n1: waiting OS boot, L105-21R_n2: waiting OS boot, L105-21R_n3: waiting OS boot
2026-09-30T03:36:43+08:00 Loop 36: still running — L105-21R_n1: waiting OS boot, L105-21R_n2: waiting OS boot, L105-21R_n3: waiting OS boot
2026-09-30T03:37:13+08:00 Loop 36: still running — L105-21R_n1: waiting OS boot, L105-21R_n2: waiting OS boot, L105-21R_n3: waiting OS boot
2026-09-30T03:37:19+08:00 Loop 36: L105-21R_n1 | OS up, system check running
2026-09-30T03:37:22+08:00 Loop 36: L105-21R_n3 | OS up, system check running
2026-09-30T03:37:41+08:00 Loop 36: L105-21R_n1 | system check done
2026-09-30T03:37:41+08:00 Loop 36: L105-21R_n1 | DONE
2026-09-30T03:37:41+08:00 L105-21R_n1 | LOOP 36 | FAIL
2026-09-30T03:37:41+08:00   FAIL BF4: Expected at least 1; detected 0
2026-09-30T03:37:41+08:00   FAIL 0004:01:00.0: Non-Volatile memory controller: KIOXIA Corporation NVMe SSD Controller XD8 (rev 01) (prog-if 02 [NVM Express]): LnkSta: Speed 32GT/s, Width x2 (downgraded)
2026-09-30T03:37:41+08:00   WARN PrMo0CPU0EnfEDP0: 2 rows share this sensor name with differing values; review each row
2026-09-30T03:37:41+08:00   WARN PrMo0CPU1EnfEDP0: 2 rows share this sensor name with differing values; review each row
2026-09-30T03:37:43+08:00 Loop 36: L105-21R_n3 | system check done
2026-09-30T03:37:43+08:00 Loop 36: L105-21R_n3 | DONE
2026-09-30T03:37:43+08:00 L105-21R_n3 | LOOP 36 | FAIL
2026-09-30T03:37:43+08:00   FAIL BF4: Expected at least 1; detected 0
2026-09-30T03:37:43+08:00   WARN PrMo0CPU0EnfEDP0: 2 rows share this sensor name with differing values; review each row
2026-09-30T03:37:43+08:00   WARN PrMo0CPU1EnfEDP0: 2 rows share this sensor name with differing values; review each row
2026-09-30T03:37:52+08:00 Loop 36: L105-21R_n2 | OS up, system check running
2026-09-30T03:38:13+08:00 Loop 36: L105-21R_n2 | system check done
2026-09-30T03:38:13+08:00 Loop 36: L105-21R_n2 | DONE
2026-09-30T03:38:13+08:00 L105-21R_n2 | LOOP 36 | FAIL
2026-09-30T03:38:13+08:00   FAIL BF4: Expected at least 1; detected 0
2026-09-30T03:38:13+08:00   WARN PrMo0CPU0EnfEDP0: 2 rows share this sensor name with differing values; review each row
2026-09-30T03:38:13+08:00   WARN PrMo0CPU1EnfEDP0: 2 rows share this sensor name with differing values; review each row
2026-09-30T03:38:13+08:00 Loop 37: starting 3 target(s) concurrently
2026-09-30T03:38:14+08:00 Loop 37: L105-21R_n1 | aux cycle sent
2026-09-30T03:38:14+08:00 Loop 37: L105-21R_n1 | waiting OS boot
2026-09-30T03:38:14+08:00 Loop 37: L105-21R_n3 | aux cycle sent
2026-09-30T03:38:14+08:00 Loop 37: L105-21R_n3 | waiting OS boot
2026-09-30T03:38:14+08:00 Loop 37: L105-21R_n2 | aux cycle sent
2026-09-30T03:38:14+08:00 Loop 37: L105-21R_n2 | waiting OS boot
2026-09-30T03:38:43+08:00 Loop 37: still running — L105-21R_n1: waiting OS boot, L105-21R_n2: waiting OS boot, L105-21R_n3: waiting OS boot
2026-09-30T03:39:13+08:00 Loop 37: still running — L105-21R_n1: waiting OS boot, L105-21R_n2: waiting OS boot, L105-21R_n3: waiting OS boot
2026-09-30T03:39:43+08:00 Loop 37: still running — L105-21R_n1: waiting OS boot, L105-21R_n2: waiting OS boot, L105-21R_n3: waiting OS boot
2026-09-30T03:40:13+08:00 Loop 37: still running — L105-21R_n1: waiting OS boot, L105-21R_n2: waiting OS boot, L105-21R_n3: waiting OS boot
2026-09-30T03:40:43+08:00 Loop 37: still running — L105-21R_n1: waiting OS boot, L105-21R_n2: waiting OS boot, L105-21R_n3: waiting OS boot
2026-09-30T03:41:13+08:00 Loop 37: still running — L105-21R_n1: waiting OS boot, L105-21R_n2: waiting OS boot, L105-21R_n3: waiting OS boot
2026-09-30T03:41:43+08:00 Loop 37: still running — L105-21R_n1: waiting OS boot, L105-21R_n2: waiting OS boot, L105-21R_n3: waiting OS boot
2026-09-30T03:42:13+08:00 Loop 37: still running — L105-21R_n1: waiting OS boot, L105-21R_n2: waiting OS boot, L105-21R_n3: waiting OS boot
2026-09-30T03:42:43+08:00 Loop 37: still running — L105-21R_n1: waiting OS boot, L105-21R_n2: waiting OS boot, L105-21R_n3: waiting OS boot
2026-09-30T03:42:46+08:00 Loop 37: L105-21R_n1 | OS up, system check running
2026-09-30T03:42:54+08:00 Loop 37: L105-21R_n2 | OS up, system check running
2026-09-30T03:42:56+08:00 Loop 37: L105-21R_n3 | OS up, system check running
2026-09-30T03:43:07+08:00 Loop 37: L105-21R_n1 | system check done
2026-09-30T03:43:07+08:00 Loop 37: L105-21R_n1 | DONE
2026-09-30T03:43:07+08:00 L105-21R_n1 | LOOP 37 | FAIL
2026-09-30T03:43:07+08:00   FAIL BF4: Expected at least 1; detected 0
2026-09-30T03:43:07+08:00   FAIL 0004:01:00.0: Non-Volatile memory controller: KIOXIA Corporation NVMe SSD Controller XD8 (rev 01) (prog-if 02 [NVM Express]): LnkSta: Speed 32GT/s, Width x2 (downgraded)
2026-09-30T03:43:07+08:00   WARN PrMo0CPU0EnfEDP0: 2 rows share this sensor name with differing values; review each row
2026-09-30T03:43:07+08:00   WARN PrMo0CPU1EnfEDP0: 2 rows share this sensor name with differing values; review each row
2026-09-30T03:43:15+08:00 Loop 37: L105-21R_n2 | system check done
2026-09-30T03:43:15+08:00 Loop 37: L105-21R_n2 | DONE
2026-09-30T03:43:15+08:00 L105-21R_n2 | LOOP 37 | FAIL
2026-09-30T03:43:15+08:00   FAIL BF4: Expected at least 1; detected 0
2026-09-30T03:43:15+08:00   WARN PrMo0CPU0EnfEDP0: 2 rows share this sensor name with differing values; review each row
2026-09-30T03:43:15+08:00   WARN PrMo0CPU1EnfEDP0: 2 rows share this sensor name with differing values; review each row
2026-09-30T03:43:16+08:00 Loop 37: L105-21R_n3 | system check done
2026-09-30T03:43:16+08:00 Loop 37: L105-21R_n3 | DONE
2026-09-30T03:43:16+08:00 L105-21R_n3 | LOOP 37 | FAIL
2026-09-30T03:43:16+08:00   FAIL BF4: Expected at least 1; detected 0
2026-09-30T03:43:16+08:00   WARN PrMo0CPU0EnfEDP0: 2 rows share this sensor name with differing values; review each row
2026-09-30T03:43:16+08:00   WARN PrMo0CPU1EnfEDP0: 2 rows share this sensor name with differing values; review each row
2026-09-30T03:43:17+08:00 Loop 38: starting 3 target(s) concurrently
2026-09-30T03:43:18+08:00 Loop 38: L105-21R_n3 | aux cycle sent
2026-09-30T03:43:18+08:00 Loop 38: L105-21R_n3 | waiting OS boot
2026-09-30T03:43:18+08:00 Loop 38: L105-21R_n2 | aux cycle sent
2026-09-30T03:43:18+08:00 Loop 38: L105-21R_n2 | waiting OS boot
2026-09-30T03:43:18+08:00 Loop 38: L105-21R_n1 | aux cycle sent
2026-09-30T03:43:18+08:00 Loop 38: L105-21R_n1 | waiting OS boot
2026-09-30T03:43:47+08:00 Loop 38: still running — L105-21R_n1: waiting OS boot, L105-21R_n2: waiting OS boot, L105-21R_n3: waiting OS boot
2026-09-30T03:44:17+08:00 Loop 38: still running — L105-21R_n1: waiting OS boot, L105-21R_n2: waiting OS boot, L105-21R_n3: waiting OS boot
2026-09-30T03:44:47+08:00 Loop 38: still running — L105-21R_n1: waiting OS boot, L105-21R_n2: waiting OS boot, L105-21R_n3: waiting OS boot
2026-09-30T03:45:17+08:00 Loop 38: still running — L105-21R_n1: waiting OS boot, L105-21R_n2: waiting OS boot, L105-21R_n3: waiting OS boot
2026-09-30T03:45:47+08:00 Loop 38: still running — L105-21R_n1: waiting OS boot, L105-21R_n2: waiting OS boot, L105-21R_n3: waiting OS boot
2026-09-30T03:46:17+08:00 Loop 38: still running — L105-21R_n1: waiting OS boot, L105-21R_n2: waiting OS boot, L105-21R_n3: waiting OS boot
2026-09-30T03:46:47+08:00 Loop 38: still running — L105-21R_n1: waiting OS boot, L105-21R_n2: waiting OS boot, L105-21R_n3: waiting OS boot
2026-09-30T03:47:17+08:00 Loop 38: still running — L105-21R_n1: waiting OS boot, L105-21R_n2: waiting OS boot, L105-21R_n3: waiting OS boot
2026-09-30T03:47:47+08:00 Loop 38: still running — L105-21R_n1: waiting OS boot, L105-21R_n2: waiting OS boot, L105-21R_n3: waiting OS boot
2026-09-30T03:47:50+08:00 Loop 38: L105-21R_n1 | OS up, system check running
2026-09-30T03:47:58+08:00 Loop 38: L105-21R_n2 | OS up, system check running
2026-09-30T03:47:58+08:00 Loop 38: L105-21R_n3 | OS up, system check running
2026-09-30T03:48:11+08:00 Loop 38: L105-21R_n1 | system check done
2026-09-30T03:48:11+08:00 Loop 38: L105-21R_n1 | DONE
2026-09-30T03:48:11+08:00 L105-21R_n1 | LOOP 38 | FAIL
2026-09-30T03:48:11+08:00   FAIL BF4: Expected at least 1; detected 0
2026-09-30T03:48:11+08:00   FAIL 0004:01:00.0: Non-Volatile memory controller: KIOXIA Corporation NVMe SSD Controller XD8 (rev 01) (prog-if 02 [NVM Express]): LnkSta: Speed 32GT/s, Width x2 (downgraded)
2026-09-30T03:48:11+08:00   WARN PrMo0CPU0EnfEDP0: 2 rows share this sensor name with differing values; review each row
2026-09-30T03:48:11+08:00   WARN PrMo0CPU1EnfEDP0: 2 rows share this sensor name with differing values; review each row
2026-09-30T03:48:18+08:00 Loop 38: L105-21R_n3 | system check done
2026-09-30T03:48:18+08:00 Loop 38: L105-21R_n3 | DONE
2026-09-30T03:48:18+08:00 L105-21R_n3 | LOOP 38 | FAIL
2026-09-30T03:48:18+08:00   FAIL BF4: Expected at least 1; detected 0
2026-09-30T03:48:18+08:00   WARN PrMo0CPU0EnfEDP0: 2 rows share this sensor name with differing values; review each row
2026-09-30T03:48:18+08:00   WARN PrMo0CPU1EnfEDP0: 2 rows share this sensor name with differing values; review each row
2026-09-30T03:48:19+08:00 Loop 38: L105-21R_n2 | system check done
2026-09-30T03:48:19+08:00 Loop 38: L105-21R_n2 | DONE
2026-09-30T03:48:19+08:00 L105-21R_n2 | LOOP 38 | FAIL
2026-09-30T03:48:19+08:00   FAIL BF4: Expected at least 1; detected 0
2026-09-30T03:48:19+08:00   WARN PrMo0CPU0EnfEDP0: 2 rows share this sensor name with differing values; review each row
2026-09-30T03:48:19+08:00   WARN PrMo0CPU1EnfEDP0: 2 rows share this sensor name with differing values; review each row
2026-09-30T03:48:19+08:00 Loop 39: starting 3 target(s) concurrently
2026-09-30T03:48:20+08:00 Loop 39: L105-21R_n1 | aux cycle sent
2026-09-30T03:48:20+08:00 Loop 39: L105-21R_n1 | waiting OS boot
2026-09-30T03:48:20+08:00 Loop 39: L105-21R_n2 | aux cycle sent
2026-09-30T03:48:20+08:00 Loop 39: L105-21R_n2 | waiting OS boot
2026-09-30T03:48:20+08:00 Loop 39: L105-21R_n3 | aux cycle sent
2026-09-30T03:48:20+08:00 Loop 39: L105-21R_n3 | waiting OS boot
2026-09-30T03:48:49+08:00 Loop 39: still running — L105-21R_n1: waiting OS boot, L105-21R_n2: waiting OS boot, L105-21R_n3: waiting OS boot
2026-09-30T03:49:19+08:00 Loop 39: still running — L105-21R_n1: waiting OS boot, L105-21R_n2: waiting OS boot, L105-21R_n3: waiting OS boot
2026-09-30T03:49:49+08:00 Loop 39: still running — L105-21R_n1: waiting OS boot, L105-21R_n2: waiting OS boot, L105-21R_n3: waiting OS boot
2026-09-30T03:50:19+08:00 Loop 39: still running — L105-21R_n1: waiting OS boot, L105-21R_n2: waiting OS boot, L105-21R_n3: waiting OS boot
2026-09-30T03:50:49+08:00 Loop 39: still running — L105-21R_n1: waiting OS boot, L105-21R_n2: waiting OS boot, L105-21R_n3: waiting OS boot
2026-09-30T03:51:19+08:00 Loop 39: still running — L105-21R_n1: waiting OS boot, L105-21R_n2: waiting OS boot, L105-21R_n3: waiting OS boot
2026-09-30T03:51:49+08:00 Loop 39: still running — L105-21R_n1: waiting OS boot, L105-21R_n2: waiting OS boot, L105-21R_n3: waiting OS boot
2026-09-30T03:52:19+08:00 Loop 39: still running — L105-21R_n1: waiting OS boot, L105-21R_n2: waiting OS boot, L105-21R_n3: waiting OS boot
2026-09-30T03:52:49+08:00 Loop 39: still running — L105-21R_n1: waiting OS boot, L105-21R_n2: waiting OS boot, L105-21R_n3: waiting OS boot
2026-09-30T03:52:58+08:00 Loop 39: L105-21R_n1 | OS up, system check running
2026-09-30T03:52:59+08:00 Loop 39: L105-21R_n2 | OS up, system check running
2026-09-30T03:52:59+08:00 Loop 39: L105-21R_n3 | OS up, system check running
2026-09-30T03:53:19+08:00 Loop 39: L105-21R_n1 | system check done
2026-09-30T03:53:19+08:00 Loop 39: L105-21R_n1 | DONE
2026-09-30T03:53:19+08:00 L105-21R_n1 | LOOP 39 | FAIL
2026-09-30T03:53:19+08:00   FAIL BF4: Expected at least 1; detected 0
2026-09-30T03:53:19+08:00   FAIL 0004:01:00.0: Non-Volatile memory controller: KIOXIA Corporation NVMe SSD Controller XD8 (rev 01) (prog-if 02 [NVM Express]): LnkSta: Speed 32GT/s, Width x2 (downgraded)
2026-09-30T03:53:19+08:00   WARN PrMo0CPU0EnfEDP0: 2 rows share this sensor name with differing values; review each row
2026-09-30T03:53:19+08:00   WARN PrMo0CPU1EnfEDP0: 2 rows share this sensor name with differing values; review each row
2026-09-30T03:53:19+08:00 Loop 39: L105-21R_n3 | system check done
2026-09-30T03:53:19+08:00 Loop 39: L105-21R_n3 | DONE
2026-09-30T03:53:19+08:00 L105-21R_n3 | LOOP 39 | FAIL
2026-09-30T03:53:19+08:00   FAIL BF4: Expected at least 1; detected 0
2026-09-30T03:53:19+08:00   WARN PrMo0CPU0EnfEDP0: 2 rows share this sensor name with differing values; review each row
2026-09-30T03:53:19+08:00   WARN PrMo0CPU1EnfEDP0: 2 rows share this sensor name with differing values; review each row
2026-09-30T03:53:20+08:00 Loop 39: L105-21R_n2 | system check done
2026-09-30T03:53:20+08:00 Loop 39: L105-21R_n2 | DONE
2026-09-30T03:53:20+08:00 L105-21R_n2 | LOOP 39 | FAIL
2026-09-30T03:53:20+08:00   FAIL BF4: Expected at least 1; detected 0
2026-09-30T03:53:20+08:00   WARN PrMo0CPU0EnfEDP0: 2 rows share this sensor name with differing values; review each row
2026-09-30T03:53:20+08:00   WARN PrMo0CPU1EnfEDP0: 2 rows share this sensor name with differing values; review each row
2026-09-30T03:53:20+08:00 Loop 40: starting 3 target(s) concurrently
2026-09-30T03:53:21+08:00 Loop 40: L105-21R_n2 | aux cycle sent
2026-09-30T03:53:21+08:00 Loop 40: L105-21R_n2 | waiting OS boot
2026-09-30T03:53:21+08:00 Loop 40: L105-21R_n1 | aux cycle sent
2026-09-30T03:53:21+08:00 Loop 40: L105-21R_n1 | waiting OS boot
2026-09-30T03:53:21+08:00 Loop 40: L105-21R_n3 | aux cycle sent
2026-09-30T03:53:21+08:00 Loop 40: L105-21R_n3 | waiting OS boot
2026-09-30T03:53:50+08:00 Loop 40: still running — L105-21R_n1: waiting OS boot, L105-21R_n2: waiting OS boot, L105-21R_n3: waiting OS boot
2026-09-30T03:54:20+08:00 Loop 40: still running — L105-21R_n1: waiting OS boot, L105-21R_n2: waiting OS boot, L105-21R_n3: waiting OS boot
2026-09-30T03:54:50+08:00 Loop 40: still running — L105-21R_n1: waiting OS boot, L105-21R_n2: waiting OS boot, L105-21R_n3: waiting OS boot
2026-09-30T03:55:20+08:00 Loop 40: still running — L105-21R_n1: waiting OS boot, L105-21R_n2: waiting OS boot, L105-21R_n3: waiting OS boot
2026-09-30T03:55:50+08:00 Loop 40: still running — L105-21R_n1: waiting OS boot, L105-21R_n2: waiting OS boot, L105-21R_n3: waiting OS boot
2026-09-30T03:56:20+08:00 Loop 40: still running — L105-21R_n1: waiting OS boot, L105-21R_n2: waiting OS boot, L105-21R_n3: waiting OS boot
2026-09-30T03:56:50+08:00 Loop 40: still running — L105-21R_n1: waiting OS boot, L105-21R_n2: waiting OS boot, L105-21R_n3: waiting OS boot
2026-09-30T03:57:20+08:00 Loop 40: still running — L105-21R_n1: waiting OS boot, L105-21R_n2: waiting OS boot, L105-21R_n3: waiting OS boot
2026-09-30T03:57:50+08:00 Loop 40: still running — L105-21R_n1: waiting OS boot, L105-21R_n2: waiting OS boot, L105-21R_n3: waiting OS boot
2026-09-30T03:58:00+08:00 Loop 40: L105-21R_n1 | OS up, system check running
2026-09-30T03:58:01+08:00 Loop 40: L105-21R_n2 | OS up, system check running
2026-09-30T03:58:01+08:00 Loop 40: L105-21R_n3 | OS up, system check running
2026-09-30T03:58:20+08:00 Loop 40: still running — L105-21R_n1: OS up, system check running, L105-21R_n2: OS up, system check running, L105-21R_n3: OS up, system check running
2026-09-30T03:58:21+08:00 Loop 40: L105-21R_n1 | system check done
2026-09-30T03:58:21+08:00 Loop 40: L105-21R_n1 | DONE
2026-09-30T03:58:21+08:00 L105-21R_n1 | LOOP 40 | FAIL
2026-09-30T03:58:21+08:00   FAIL BF4: Expected at least 1; detected 0
2026-09-30T03:58:21+08:00   FAIL 0004:01:00.0: Non-Volatile memory controller: KIOXIA Corporation NVMe SSD Controller XD8 (rev 01) (prog-if 02 [NVM Express]): LnkSta: Speed 32GT/s, Width x2 (downgraded)
2026-09-30T03:58:21+08:00   WARN PrMo0CPU0EnfEDP0: 2 rows share this sensor name with differing values; review each row
2026-09-30T03:58:21+08:00   WARN PrMo0CPU1EnfEDP0: 2 rows share this sensor name with differing values; review each row
2026-09-30T03:58:22+08:00 Loop 40: L105-21R_n3 | system check done
2026-09-30T03:58:22+08:00 Loop 40: L105-21R_n3 | DONE
2026-09-30T03:58:22+08:00 L105-21R_n3 | LOOP 40 | FAIL
2026-09-30T03:58:22+08:00   FAIL BF4: Expected at least 1; detected 0
2026-09-30T03:58:22+08:00   WARN PrMo0CPU0EnfEDP0: 2 rows share this sensor name with differing values; review each row
2026-09-30T03:58:22+08:00   WARN PrMo0CPU1EnfEDP0: 2 rows share this sensor name with differing values; review each row
2026-09-30T03:58:22+08:00 Loop 40: L105-21R_n2 | system check done
2026-09-30T03:58:22+08:00 Loop 40: L105-21R_n2 | DONE
2026-09-30T03:58:22+08:00 L105-21R_n2 | LOOP 40 | FAIL
2026-09-30T03:58:22+08:00   FAIL BF4: Expected at least 1; detected 0
2026-09-30T03:58:22+08:00   WARN PrMo0CPU0EnfEDP0: 2 rows share this sensor name with differing values; review each row
2026-09-30T03:58:22+08:00   WARN PrMo0CPU1EnfEDP0: 2 rows share this sensor name with differing values; review each row
2026-09-30T03:58:22+08:00 Loop 41: starting 3 target(s) concurrently
2026-09-30T03:58:23+08:00 Loop 41: L105-21R_n1 | aux cycle sent
2026-09-30T03:58:23+08:00 Loop 41: L105-21R_n1 | waiting OS boot
2026-09-30T03:58:24+08:00 Loop 41: L105-21R_n2 | aux cycle sent
2026-09-30T03:58:24+08:00 Loop 41: L105-21R_n2 | waiting OS boot
2026-09-30T03:58:24+08:00 Loop 41: L105-21R_n3 | aux cycle sent
2026-09-30T03:58:24+08:00 Loop 41: L105-21R_n3 | waiting OS boot
2026-09-30T03:58:52+08:00 Loop 41: still running — L105-21R_n1: waiting OS boot, L105-21R_n2: waiting OS boot, L105-21R_n3: waiting OS boot
2026-09-30T03:59:22+08:00 Loop 41: still running — L105-21R_n1: waiting OS boot, L105-21R_n2: waiting OS boot, L105-21R_n3: waiting OS boot
2026-09-30T03:59:52+08:00 Loop 41: still running — L105-21R_n1: waiting OS boot, L105-21R_n2: waiting OS boot, L105-21R_n3: waiting OS boot
2026-09-30T04:00:22+08:00 Loop 41: still running — L105-21R_n1: waiting OS boot, L105-21R_n2: waiting OS boot, L105-21R_n3: waiting OS boot
2026-09-30T04:00:52+08:00 Loop 41: still running — L105-21R_n1: waiting OS boot, L105-21R_n2: waiting OS boot, L105-21R_n3: waiting OS boot
2026-09-30T04:01:22+08:00 Loop 41: still running — L105-21R_n1: waiting OS boot, L105-21R_n2: waiting OS boot, L105-21R_n3: waiting OS boot
2026-09-30T04:01:52+08:00 Loop 41: still running — L105-21R_n1: waiting OS boot, L105-21R_n2: waiting OS boot, L105-21R_n3: waiting OS boot
2026-09-30T04:02:22+08:00 Loop 41: still running — L105-21R_n1: waiting OS boot, L105-21R_n2: waiting OS boot, L105-21R_n3: waiting OS boot
2026-09-30T04:02:52+08:00 Loop 41: still running — L105-21R_n1: waiting OS boot, L105-21R_n2: waiting OS boot, L105-21R_n3: waiting OS boot
2026-09-30T04:02:58+08:00 Loop 41: L105-21R_n1 | OS up, system check running
2026-09-30T04:03:03+08:00 Loop 41: L105-21R_n2 | OS up, system check running
2026-09-30T04:03:04+08:00 Loop 41: L105-21R_n3 | OS up, system check running
2026-09-30T04:03:20+08:00 Loop 41: L105-21R_n1 | system check done
2026-09-30T04:03:20+08:00 Loop 41: L105-21R_n1 | DONE
2026-09-30T04:03:20+08:00 L105-21R_n1 | LOOP 41 | FAIL
2026-09-30T04:03:20+08:00   FAIL BF4: Expected at least 1; detected 0
2026-09-30T04:03:20+08:00   FAIL 0004:01:00.0: Non-Volatile memory controller: KIOXIA Corporation NVMe SSD Controller XD8 (rev 01) (prog-if 02 [NVM Express]): LnkSta: Speed 32GT/s, Width x2 (downgraded)
2026-09-30T04:03:20+08:00   WARN PrMo0CPU0EnfEDP0: 2 rows share this sensor name with differing values; review each row
2026-09-30T04:03:20+08:00   WARN PrMo0CPU1EnfEDP0: 2 rows share this sensor name with differing values; review each row
2026-09-30T04:03:24+08:00 Loop 41: L105-21R_n3 | system check done
2026-09-30T04:03:24+08:00 Loop 41: L105-21R_n3 | DONE
2026-09-30T04:03:24+08:00 L105-21R_n3 | LOOP 41 | FAIL
2026-09-30T04:03:24+08:00   FAIL BF4: Expected at least 1; detected 0
2026-09-30T04:03:24+08:00   WARN PrMo0CPU0EnfEDP0: 2 rows share this sensor name with differing values; review each row
2026-09-30T04:03:24+08:00   WARN PrMo0CPU1EnfEDP0: 2 rows share this sensor name with differing values; review each row
2026-09-30T04:03:25+08:00 Loop 41: L105-21R_n2 | system check done
2026-09-30T04:03:25+08:00 Loop 41: L105-21R_n2 | DONE
2026-09-30T04:03:25+08:00 L105-21R_n2 | LOOP 41 | FAIL
2026-09-30T04:03:25+08:00   FAIL BF4: Expected at least 1; detected 0
2026-09-30T04:03:25+08:00   WARN PrMo0CPU0EnfEDP0: 2 rows share this sensor name with differing values; review each row
2026-09-30T04:03:25+08:00   WARN PrMo0CPU1EnfEDP0: 2 rows share this sensor name with differing values; review each row
2026-09-30T04:03:25+08:00 Loop 42: starting 3 target(s) concurrently
2026-09-30T04:03:26+08:00 Loop 42: L105-21R_n1 | aux cycle sent
2026-09-30T04:03:26+08:00 Loop 42: L105-21R_n1 | waiting OS boot
2026-09-30T04:03:26+08:00 Loop 42: L105-21R_n2 | aux cycle sent
2026-09-30T04:03:26+08:00 Loop 42: L105-21R_n2 | waiting OS boot
2026-09-30T04:03:27+08:00 Loop 42: L105-21R_n3 | aux cycle sent
2026-09-30T04:03:27+08:00 Loop 42: L105-21R_n3 | waiting OS boot
2026-09-30T04:03:55+08:00 Loop 42: still running — L105-21R_n1: waiting OS boot, L105-21R_n2: waiting OS boot, L105-21R_n3: waiting OS boot
2026-09-30T04:04:25+08:00 Loop 42: still running — L105-21R_n1: waiting OS boot, L105-21R_n2: waiting OS boot, L105-21R_n3: waiting OS boot
2026-09-30T04:04:55+08:00 Loop 42: still running — L105-21R_n1: waiting OS boot, L105-21R_n2: waiting OS boot, L105-21R_n3: waiting OS boot
2026-09-30T04:05:25+08:00 Loop 42: still running — L105-21R_n1: waiting OS boot, L105-21R_n2: waiting OS boot, L105-21R_n3: waiting OS boot
2026-09-30T04:05:55+08:00 Loop 42: still running — L105-21R_n1: waiting OS boot, L105-21R_n2: waiting OS boot, L105-21R_n3: waiting OS boot
2026-09-30T04:06:25+08:00 Loop 42: still running — L105-21R_n1: waiting OS boot, L105-21R_n2: waiting OS boot, L105-21R_n3: waiting OS boot
2026-09-30T04:06:55+08:00 Loop 42: still running — L105-21R_n1: waiting OS boot, L105-21R_n2: waiting OS boot, L105-21R_n3: waiting OS boot
2026-09-30T04:07:25+08:00 Loop 42: still running — L105-21R_n1: waiting OS boot, L105-21R_n2: waiting OS boot, L105-21R_n3: waiting OS boot
2026-09-30T04:07:55+08:00 Loop 42: still running — L105-21R_n1: waiting OS boot, L105-21R_n2: waiting OS boot, L105-21R_n3: waiting OS boot
2026-09-30T04:08:04+08:00 Loop 42: L105-21R_n2 | OS up, system check running
2026-09-30T04:08:05+08:00 Loop 42: L105-21R_n1 | OS up, system check running
2026-09-30T04:08:05+08:00 Loop 42: L105-21R_n3 | OS up, system check running
2026-09-30T04:08:25+08:00 Loop 42: still running — L105-21R_n1: OS up, system check running, L105-21R_n2: OS up, system check running, L105-21R_n3: OS up, system check running
2026-09-30T04:08:25+08:00 Loop 42: L105-21R_n1 | system check done
2026-09-30T04:08:25+08:00 Loop 42: L105-21R_n1 | DONE
2026-09-30T04:08:25+08:00 L105-21R_n1 | LOOP 42 | FAIL
2026-09-30T04:08:25+08:00   FAIL BF4: Expected at least 1; detected 0
2026-09-30T04:08:25+08:00   FAIL 0004:01:00.0: Non-Volatile memory controller: KIOXIA Corporation NVMe SSD Controller XD8 (rev 01) (prog-if 02 [NVM Express]): LnkSta: Speed 32GT/s, Width x2 (downgraded)
2026-09-30T04:08:25+08:00   WARN PrMo0CPU0EnfEDP0: 2 rows share this sensor name with differing values; review each row
2026-09-30T04:08:25+08:00   WARN PrMo0CPU1EnfEDP0: 2 rows share this sensor name with differing values; review each row
2026-09-30T04:08:25+08:00 Loop 42: L105-21R_n2 | system check done
2026-09-30T04:08:25+08:00 Loop 42: L105-21R_n2 | DONE
2026-09-30T04:08:25+08:00 L105-21R_n2 | LOOP 42 | FAIL
2026-09-30T04:08:25+08:00   FAIL BF4: Expected at least 1; detected 0
2026-09-30T04:08:25+08:00   WARN PrMo0CPU0EnfEDP0: 2 rows share this sensor name with differing values; review each row
2026-09-30T04:08:25+08:00   WARN PrMo0CPU1EnfEDP0: 2 rows share this sensor name with differing values; review each row
2026-09-30T04:08:26+08:00 Loop 42: L105-21R_n3 | system check done
2026-09-30T04:08:26+08:00 Loop 42: L105-21R_n3 | DONE
2026-09-30T04:08:26+08:00 L105-21R_n3 | LOOP 42 | FAIL
2026-09-30T04:08:26+08:00   FAIL BF4: Expected at least 1; detected 0
2026-09-30T04:08:26+08:00   WARN PrMo0CPU0EnfEDP0: 2 rows share this sensor name with differing values; review each row
2026-09-30T04:08:26+08:00   WARN PrMo0CPU1EnfEDP0: 2 rows share this sensor name with differing values; review each row
2026-09-30T04:08:26+08:00 Loop 43: starting 3 target(s) concurrently
2026-09-30T04:08:27+08:00 Loop 43: L105-21R_n3 | aux cycle sent
2026-09-30T04:08:27+08:00 Loop 43: L105-21R_n3 | waiting OS boot
2026-09-30T04:08:27+08:00 Loop 43: L105-21R_n1 | aux cycle sent
2026-09-30T04:08:27+08:00 Loop 43: L105-21R_n1 | waiting OS boot
2026-09-30T04:08:27+08:00 Loop 43: L105-21R_n2 | aux cycle sent
2026-09-30T04:08:27+08:00 Loop 43: L105-21R_n2 | waiting OS boot
2026-09-30T04:08:56+08:00 Loop 43: still running — L105-21R_n1: waiting OS boot, L105-21R_n2: waiting OS boot, L105-21R_n3: waiting OS boot
2026-09-30T04:09:26+08:00 Loop 43: still running — L105-21R_n1: waiting OS boot, L105-21R_n2: waiting OS boot, L105-21R_n3: waiting OS boot
2026-09-30T04:09:56+08:00 Loop 43: still running — L105-21R_n1: waiting OS boot, L105-21R_n2: waiting OS boot, L105-21R_n3: waiting OS boot
2026-09-30T04:10:26+08:00 Loop 43: still running — L105-21R_n1: waiting OS boot, L105-21R_n2: waiting OS boot, L105-21R_n3: waiting OS boot
2026-09-30T04:10:56+08:00 Loop 43: still running — L105-21R_n1: waiting OS boot, L105-21R_n2: waiting OS boot, L105-21R_n3: waiting OS boot
2026-09-30T04:11:26+08:00 Loop 43: still running — L105-21R_n1: waiting OS boot, L105-21R_n2: waiting OS boot, L105-21R_n3: waiting OS boot
2026-09-30T04:11:56+08:00 Loop 43: still running — L105-21R_n1: waiting OS boot, L105-21R_n2: waiting OS boot, L105-21R_n3: waiting OS boot
2026-09-30T04:12:26+08:00 Loop 43: still running — L105-21R_n1: waiting OS boot, L105-21R_n2: waiting OS boot, L105-21R_n3: waiting OS boot
2026-09-30T04:12:56+08:00 Loop 43: still running — L105-21R_n1: waiting OS boot, L105-21R_n2: waiting OS boot, L105-21R_n3: waiting OS boot
2026-09-30T04:12:59+08:00 Loop 43: L105-21R_n1 | OS up, system check running
2026-09-30T04:13:07+08:00 Loop 43: L105-21R_n2 | OS up, system check running
2026-09-30T04:13:07+08:00 Loop 43: L105-21R_n3 | OS up, system check running
2026-09-30T04:13:20+08:00 Loop 43: L105-21R_n1 | system check done
2026-09-30T04:13:20+08:00 Loop 43: L105-21R_n1 | DONE
2026-09-30T04:13:20+08:00 L105-21R_n1 | LOOP 43 | FAIL
2026-09-30T04:13:20+08:00   FAIL BF4: Expected at least 1; detected 0
2026-09-30T04:13:20+08:00   FAIL 0004:01:00.0: Non-Volatile memory controller: KIOXIA Corporation NVMe SSD Controller XD8 (rev 01) (prog-if 02 [NVM Express]): LnkSta: Speed 32GT/s, Width x2 (downgraded)
2026-09-30T04:13:20+08:00   WARN PrMo0CPU0EnfEDP0: 2 rows share this sensor name with differing values; review each row
2026-09-30T04:13:20+08:00   WARN PrMo0CPU1EnfEDP0: 2 rows share this sensor name with differing values; review each row
2026-09-30T04:13:28+08:00 Loop 43: L105-21R_n3 | system check done
2026-09-30T04:13:28+08:00 Loop 43: L105-21R_n3 | DONE
2026-09-30T04:13:28+08:00 L105-21R_n3 | LOOP 43 | FAIL
2026-09-30T04:13:28+08:00   FAIL BF4: Expected at least 1; detected 0
2026-09-30T04:13:28+08:00   WARN PrMo0CPU0EnfEDP0: 2 rows share this sensor name with differing values; review each row
2026-09-30T04:13:28+08:00   WARN PrMo0CPU1EnfEDP0: 2 rows share this sensor name with differing values; review each row
2026-09-30T04:13:28+08:00 Loop 43: L105-21R_n2 | system check done
2026-09-30T04:13:28+08:00 Loop 43: L105-21R_n2 | DONE
2026-09-30T04:13:28+08:00 L105-21R_n2 | LOOP 43 | FAIL
2026-09-30T04:13:28+08:00   FAIL BF4: Expected at least 1; detected 0
2026-09-30T04:13:28+08:00   WARN PrMo0CPU0EnfEDP0: 2 rows share this sensor name with differing values; review each row
2026-09-30T04:13:28+08:00   WARN PrMo0CPU1EnfEDP0: 2 rows share this sensor name with differing values; review each row
2026-09-30T04:13:28+08:00 Loop 44: starting 3 target(s) concurrently
2026-09-30T04:13:29+08:00 Loop 44: L105-21R_n1 | aux cycle sent
2026-09-30T04:13:29+08:00 Loop 44: L105-21R_n1 | waiting OS boot
2026-09-30T04:13:30+08:00 Loop 44: L105-21R_n2 | aux cycle sent
2026-09-30T04:13:30+08:00 Loop 44: L105-21R_n2 | waiting OS boot
2026-09-30T04:13:30+08:00 Loop 44: L105-21R_n3 | aux cycle sent
2026-09-30T04:13:30+08:00 Loop 44: L105-21R_n3 | waiting OS boot
2026-09-30T04:13:58+08:00 Loop 44: still running — L105-21R_n1: waiting OS boot, L105-21R_n2: waiting OS boot, L105-21R_n3: waiting OS boot
2026-09-30T04:14:28+08:00 Loop 44: still running — L105-21R_n1: waiting OS boot, L105-21R_n2: waiting OS boot, L105-21R_n3: waiting OS boot
2026-09-30T04:14:58+08:00 Loop 44: still running — L105-21R_n1: waiting OS boot, L105-21R_n2: waiting OS boot, L105-21R_n3: waiting OS boot
2026-09-30T04:15:28+08:00 Loop 44: still running — L105-21R_n1: waiting OS boot, L105-21R_n2: waiting OS boot, L105-21R_n3: waiting OS boot
2026-09-30T04:15:58+08:00 Loop 44: still running — L105-21R_n1: waiting OS boot, L105-21R_n2: waiting OS boot, L105-21R_n3: waiting OS boot
2026-09-30T04:16:28+08:00 Loop 44: still running — L105-21R_n1: waiting OS boot, L105-21R_n2: waiting OS boot, L105-21R_n3: waiting OS boot
2026-09-30T04:16:58+08:00 Loop 44: still running — L105-21R_n1: waiting OS boot, L105-21R_n2: waiting OS boot, L105-21R_n3: waiting OS boot
2026-09-30T04:17:28+08:00 Loop 44: still running — L105-21R_n1: waiting OS boot, L105-21R_n2: waiting OS boot, L105-21R_n3: waiting OS boot
2026-09-30T04:17:58+08:00 Loop 44: still running — L105-21R_n1: waiting OS boot, L105-21R_n2: waiting OS boot, L105-21R_n3: waiting OS boot
2026-09-30T04:18:07+08:00 Loop 44: L105-21R_n2 | OS up, system check running
2026-09-30T04:18:08+08:00 Loop 44: L105-21R_n3 | OS up, system check running
2026-09-30T04:18:28+08:00 Loop 44: still running — L105-21R_n1: waiting OS boot, L105-21R_n2: OS up, system check running, L105-21R_n3: OS up, system check running
2026-09-30T04:18:28+08:00 Loop 44: L105-21R_n2 | system check done
2026-09-30T04:18:28+08:00 Loop 44: L105-21R_n2 | DONE
2026-09-30T04:18:28+08:00 L105-21R_n2 | LOOP 44 | FAIL
2026-09-30T04:18:28+08:00   FAIL BF4: Expected at least 1; detected 0
2026-09-30T04:18:28+08:00   WARN PrMo0CPU0EnfEDP0: 2 rows share this sensor name with differing values; review each row
2026-09-30T04:18:28+08:00   WARN PrMo0CPU1EnfEDP0: 2 rows share this sensor name with differing values; review each row
2026-09-30T04:18:29+08:00 Loop 44: L105-21R_n3 | system check done
2026-09-30T04:18:29+08:00 Loop 44: L105-21R_n3 | DONE
2026-09-30T04:18:29+08:00 L105-21R_n3 | LOOP 44 | FAIL
2026-09-30T04:18:29+08:00   FAIL BF4: Expected at least 1; detected 0
2026-09-30T04:18:29+08:00   WARN PrMo0CPU0EnfEDP0: 2 rows share this sensor name with differing values; review each row
2026-09-30T04:18:29+08:00   WARN PrMo0CPU1EnfEDP0: 2 rows share this sensor name with differing values; review each row
2026-09-30T04:18:32+08:00 Loop 44: L105-21R_n1 | OS up, system check running
2026-09-30T04:18:54+08:00 Loop 44: L105-21R_n1 | system check done
2026-09-30T04:18:54+08:00 Loop 44: L105-21R_n1 | DONE
2026-09-30T04:18:54+08:00 L105-21R_n1 | LOOP 44 | FAIL
2026-09-30T04:18:54+08:00   FAIL BF4: Expected at least 1; detected 0
2026-09-30T04:18:54+08:00   FAIL 0004:01:00.0: Non-Volatile memory controller: KIOXIA Corporation NVMe SSD Controller XD8 (rev 01) (prog-if 02 [NVM Express]): LnkSta: Speed 32GT/s, Width x2 (downgraded)
2026-09-30T04:18:54+08:00   WARN PrMo0CPU0EnfEDP0: 2 rows share this sensor name with differing values; review each row
2026-09-30T04:18:54+08:00   WARN PrMo0CPU1EnfEDP0: 2 rows share this sensor name with differing values; review each row
2026-09-30T04:18:54+08:00 Loop 45: starting 3 target(s) concurrently
2026-09-30T04:18:56+08:00 Loop 45: L105-21R_n1 | aux cycle sent
2026-09-30T04:18:56+08:00 Loop 45: L105-21R_n1 | waiting OS boot
2026-09-30T04:18:56+08:00 Loop 45: L105-21R_n2 | aux cycle sent
2026-09-30T04:18:56+08:00 Loop 45: L105-21R_n2 | waiting OS boot
2026-09-30T04:18:56+08:00 Loop 45: L105-21R_n3 | aux cycle sent
2026-09-30T04:18:56+08:00 Loop 45: L105-21R_n3 | waiting OS boot
2026-09-30T04:19:24+08:00 Loop 45: still running — L105-21R_n1: waiting OS boot, L105-21R_n2: waiting OS boot, L105-21R_n3: waiting OS boot
2026-09-30T04:19:54+08:00 Loop 45: still running — L105-21R_n1: waiting OS boot, L105-21R_n2: waiting OS boot, L105-21R_n3: waiting OS boot
2026-09-30T04:20:24+08:00 Loop 45: still running — L105-21R_n1: waiting OS boot, L105-21R_n2: waiting OS boot, L105-21R_n3: waiting OS boot
2026-09-30T04:20:54+08:00 Loop 45: still running — L105-21R_n1: waiting OS boot, L105-21R_n2: waiting OS boot, L105-21R_n3: waiting OS boot
2026-09-30T04:21:24+08:00 Loop 45: still running — L105-21R_n1: waiting OS boot, L105-21R_n2: waiting OS boot, L105-21R_n3: waiting OS boot
2026-09-30T04:21:54+08:00 Loop 45: still running — L105-21R_n1: waiting OS boot, L105-21R_n2: waiting OS boot, L105-21R_n3: waiting OS boot
2026-09-30T04:22:24+08:00 Loop 45: still running — L105-21R_n1: waiting OS boot, L105-21R_n2: waiting OS boot, L105-21R_n3: waiting OS boot
2026-09-30T04:22:54+08:00 Loop 45: still running — L105-21R_n1: waiting OS boot, L105-21R_n2: waiting OS boot, L105-21R_n3: waiting OS boot
2026-09-30T04:23:24+08:00 Loop 45: still running — L105-21R_n1: waiting OS boot, L105-21R_n2: waiting OS boot, L105-21R_n3: waiting OS boot
2026-09-30T04:23:33+08:00 Loop 45: L105-21R_n1 | OS up, system check running
2026-09-30T04:23:34+08:00 Loop 45: L105-21R_n2 | OS up, system check running
2026-09-30T04:23:34+08:00 Loop 45: L105-21R_n3 | OS up, system check running
2026-09-30T04:23:54+08:00 Loop 45: L105-21R_n1 | system check done
2026-09-30T04:23:54+08:00 Loop 45: L105-21R_n1 | DONE
2026-09-30T04:23:54+08:00 L105-21R_n1 | LOOP 45 | FAIL
2026-09-30T04:23:54+08:00   FAIL BF4: Expected at least 1; detected 0
2026-09-30T04:23:54+08:00   FAIL 0004:01:00.0: Non-Volatile memory controller: KIOXIA Corporation NVMe SSD Controller XD8 (rev 01) (prog-if 02 [NVM Express]): LnkSta: Speed 32GT/s, Width x2 (downgraded)
2026-09-30T04:23:54+08:00   WARN PrMo0CPU0EnfEDP0: 2 rows share this sensor name with differing values; review each row
2026-09-30T04:23:54+08:00   WARN PrMo0CPU1EnfEDP0: 2 rows share this sensor name with differing values; review each row
2026-09-30T04:23:54+08:00 Loop 45: L105-21R_n2 | system check done
2026-09-30T04:23:54+08:00 Loop 45: L105-21R_n2 | DONE
2026-09-30T04:23:54+08:00 L105-21R_n2 | LOOP 45 | FAIL
2026-09-30T04:23:54+08:00   FAIL BF4: Expected at least 1; detected 0
2026-09-30T04:23:54+08:00   WARN PrMo0CPU0EnfEDP0: 2 rows share this sensor name with differing values; review each row
2026-09-30T04:23:54+08:00   WARN PrMo0CPU1EnfEDP0: 2 rows share this sensor name with differing values; review each row
2026-09-30T04:23:55+08:00 Loop 45: L105-21R_n3 | system check done
2026-09-30T04:23:55+08:00 Loop 45: L105-21R_n3 | DONE
2026-09-30T04:23:55+08:00 L105-21R_n3 | LOOP 45 | FAIL
2026-09-30T04:23:55+08:00   FAIL BF4: Expected at least 1; detected 0
2026-09-30T04:23:55+08:00   WARN PrMo0CPU0EnfEDP0: 2 rows share this sensor name with differing values; review each row
2026-09-30T04:23:55+08:00   WARN PrMo0CPU1EnfEDP0: 2 rows share this sensor name with differing values; review each row
2026-09-30T04:23:55+08:00 Loop 46: starting 3 target(s) concurrently
2026-09-30T04:23:56+08:00 Loop 46: L105-21R_n1 | aux cycle sent
2026-09-30T04:23:56+08:00 Loop 46: L105-21R_n1 | waiting OS boot
2026-09-30T04:23:56+08:00 Loop 46: L105-21R_n3 | aux cycle sent
2026-09-30T04:23:56+08:00 Loop 46: L105-21R_n3 | waiting OS boot
2026-09-30T04:23:56+08:00 Loop 46: L105-21R_n2 | aux cycle sent
2026-09-30T04:23:56+08:00 Loop 46: L105-21R_n2 | waiting OS boot
2026-09-30T04:24:25+08:00 Loop 46: still running — L105-21R_n1: waiting OS boot, L105-21R_n2: waiting OS boot, L105-21R_n3: waiting OS boot
2026-09-30T04:24:55+08:00 Loop 46: still running — L105-21R_n1: waiting OS boot, L105-21R_n2: waiting OS boot, L105-21R_n3: waiting OS boot
2026-09-30T04:25:25+08:00 Loop 46: still running — L105-21R_n1: waiting OS boot, L105-21R_n2: waiting OS boot, L105-21R_n3: waiting OS boot
2026-09-30T04:25:55+08:00 Loop 46: still running — L105-21R_n1: waiting OS boot, L105-21R_n2: waiting OS boot, L105-21R_n3: waiting OS boot
2026-09-30T04:26:25+08:00 Loop 46: still running — L105-21R_n1: waiting OS boot, L105-21R_n2: waiting OS boot, L105-21R_n3: waiting OS boot
2026-09-30T04:26:55+08:00 Loop 46: still running — L105-21R_n1: waiting OS boot, L105-21R_n2: waiting OS boot, L105-21R_n3: waiting OS boot
2026-09-30T04:27:25+08:00 Loop 46: still running — L105-21R_n1: waiting OS boot, L105-21R_n2: waiting OS boot, L105-21R_n3: waiting OS boot
2026-09-30T04:27:55+08:00 Loop 46: still running — L105-21R_n1: waiting OS boot, L105-21R_n2: waiting OS boot, L105-21R_n3: waiting OS boot
2026-09-30T04:28:25+08:00 Loop 46: still running — L105-21R_n1: waiting OS boot, L105-21R_n2: waiting OS boot, L105-21R_n3: waiting OS boot
2026-09-30T04:28:28+08:00 Loop 46: L105-21R_n1 | OS up, system check running
2026-09-30T04:28:34+08:00 Loop 46: L105-21R_n3 | OS up, system check running
2026-09-30T04:28:37+08:00 Loop 46: L105-21R_n2 | OS up, system check running
2026-09-30T04:28:50+08:00 Loop 46: L105-21R_n1 | system check done
2026-09-30T04:28:50+08:00 Loop 46: L105-21R_n1 | DONE
2026-09-30T04:28:50+08:00 L105-21R_n1 | LOOP 46 | FAIL
2026-09-30T04:28:50+08:00   FAIL BF4: Expected at least 1; detected 0
2026-09-30T04:28:50+08:00   FAIL 0004:01:00.0: Non-Volatile memory controller: KIOXIA Corporation NVMe SSD Controller XD8 (rev 01) (prog-if 02 [NVM Express]): LnkSta: Speed 32GT/s, Width x2 (downgraded)
2026-09-30T04:28:50+08:00   WARN PrMo0CPU0EnfEDP0: 2 rows share this sensor name with differing values; review each row
2026-09-30T04:28:50+08:00   WARN PrMo0CPU1EnfEDP0: 2 rows share this sensor name with differing values; review each row
2026-09-30T04:28:55+08:00 Loop 46: L105-21R_n3 | system check done
2026-09-30T04:28:55+08:00 Loop 46: L105-21R_n3 | DONE
2026-09-30T04:28:55+08:00 L105-21R_n3 | LOOP 46 | FAIL
2026-09-30T04:28:55+08:00   FAIL BF4: Expected at least 1; detected 0
2026-09-30T04:28:55+08:00   WARN PrMo0CPU0EnfEDP0: 2 rows share this sensor name with differing values; review each row
2026-09-30T04:28:55+08:00   WARN PrMo0CPU1EnfEDP0: 2 rows share this sensor name with differing values; review each row
2026-09-30T04:28:58+08:00 Loop 46: L105-21R_n2 | system check done
2026-09-30T04:28:58+08:00 Loop 46: L105-21R_n2 | DONE
2026-09-30T04:28:58+08:00 L105-21R_n2 | LOOP 46 | FAIL
2026-09-30T04:28:58+08:00   FAIL BF4: Expected at least 1; detected 0
2026-09-30T04:28:58+08:00   WARN PrMo0CPU0EnfEDP0: 2 rows share this sensor name with differing values; review each row
2026-09-30T04:28:58+08:00   WARN PrMo0CPU1EnfEDP0: 2 rows share this sensor name with differing values; review each row
2026-09-30T04:28:58+08:00 Loop 47: starting 3 target(s) concurrently
2026-09-30T04:28:59+08:00 Loop 47: L105-21R_n1 | aux cycle sent
2026-09-30T04:28:59+08:00 Loop 47: L105-21R_n1 | waiting OS boot
2026-09-30T04:28:59+08:00 Loop 47: L105-21R_n3 | aux cycle sent
2026-09-30T04:28:59+08:00 Loop 47: L105-21R_n3 | waiting OS boot
2026-09-30T04:28:59+08:00 Loop 47: L105-21R_n2 | aux cycle sent
2026-09-30T04:28:59+08:00 Loop 47: L105-21R_n2 | waiting OS boot
2026-09-30T04:29:28+08:00 Loop 47: still running — L105-21R_n1: waiting OS boot, L105-21R_n2: waiting OS boot, L105-21R_n3: waiting OS boot
2026-09-30T04:29:58+08:00 Loop 47: still running — L105-21R_n1: waiting OS boot, L105-21R_n2: waiting OS boot, L105-21R_n3: waiting OS boot
2026-09-30T04:30:28+08:00 Loop 47: still running — L105-21R_n1: waiting OS boot, L105-21R_n2: waiting OS boot, L105-21R_n3: waiting OS boot
2026-09-30T04:30:58+08:00 Loop 47: still running — L105-21R_n1: waiting OS boot, L105-21R_n2: waiting OS boot, L105-21R_n3: waiting OS boot
2026-09-30T04:31:28+08:00 Loop 47: still running — L105-21R_n1: waiting OS boot, L105-21R_n2: waiting OS boot, L105-21R_n3: waiting OS boot
2026-09-30T04:31:58+08:00 Loop 47: still running — L105-21R_n1: waiting OS boot, L105-21R_n2: waiting OS boot, L105-21R_n3: waiting OS boot
2026-09-30T04:32:28+08:00 Loop 47: still running — L105-21R_n1: waiting OS boot, L105-21R_n2: waiting OS boot, L105-21R_n3: waiting OS boot
2026-09-30T04:32:58+08:00 Loop 47: still running — L105-21R_n1: waiting OS boot, L105-21R_n2: waiting OS boot, L105-21R_n3: waiting OS boot
2026-09-30T04:33:28+08:00 Loop 47: still running — L105-21R_n1: waiting OS boot, L105-21R_n2: waiting OS boot, L105-21R_n3: waiting OS boot
2026-09-30T04:33:32+08:00 Loop 47: L105-21R_n1 | OS up, system check running
2026-09-30T04:33:39+08:00 Loop 47: L105-21R_n2 | OS up, system check running
2026-09-30T04:33:39+08:00 Loop 47: L105-21R_n3 | OS up, system check running
2026-09-30T04:33:54+08:00 Loop 47: L105-21R_n1 | system check done
2026-09-30T04:33:54+08:00 Loop 47: L105-21R_n1 | DONE
2026-09-30T04:33:54+08:00 L105-21R_n1 | LOOP 47 | FAIL
2026-09-30T04:33:54+08:00   FAIL BF4: Expected at least 1; detected 0
2026-09-30T04:33:54+08:00   FAIL 0004:01:00.0: Non-Volatile memory controller: KIOXIA Corporation NVMe SSD Controller XD8 (rev 01) (prog-if 02 [NVM Express]): LnkSta: Speed 32GT/s, Width x2 (downgraded)
2026-09-30T04:33:54+08:00   WARN PrMo0CPU0EnfEDP0: 2 rows share this sensor name with differing values; review each row
2026-09-30T04:33:54+08:00   WARN PrMo0CPU1EnfEDP0: 2 rows share this sensor name with differing values; review each row
2026-09-30T04:34:00+08:00 Loop 47: L105-21R_n3 | system check done
2026-09-30T04:34:00+08:00 Loop 47: L105-21R_n3 | DONE
2026-09-30T04:34:00+08:00 L105-21R_n3 | LOOP 47 | FAIL
2026-09-30T04:34:00+08:00   FAIL BF4: Expected at least 1; detected 0
2026-09-30T04:34:00+08:00   WARN PrMo0CPU0EnfEDP0: 2 rows share this sensor name with differing values; review each row
2026-09-30T04:34:00+08:00   WARN PrMo0CPU1EnfEDP0: 2 rows share this sensor name with differing values; review each row
2026-09-30T04:34:00+08:00 Loop 47: L105-21R_n2 | system check done
2026-09-30T04:34:00+08:00 Loop 47: L105-21R_n2 | DONE
2026-09-30T04:34:00+08:00 L105-21R_n2 | LOOP 47 | FAIL
2026-09-30T04:34:00+08:00   FAIL BF4: Expected at least 1; detected 0
2026-09-30T04:34:00+08:00   WARN PrMo0CPU0EnfEDP0: 2 rows share this sensor name with differing values; review each row
2026-09-30T04:34:00+08:00   WARN PrMo0CPU1EnfEDP0: 2 rows share this sensor name with differing values; review each row
2026-09-30T04:34:00+08:00 Loop 48: starting 3 target(s) concurrently
2026-09-30T04:34:01+08:00 Loop 48: L105-21R_n1 | aux cycle sent
2026-09-30T04:34:01+08:00 Loop 48: L105-21R_n1 | waiting OS boot
2026-09-30T04:34:01+08:00 Loop 48: L105-21R_n2 | aux cycle sent
2026-09-30T04:34:01+08:00 Loop 48: L105-21R_n2 | waiting OS boot
2026-09-30T04:34:01+08:00 Loop 48: L105-21R_n3 | aux cycle sent
2026-09-30T04:34:01+08:00 Loop 48: L105-21R_n3 | waiting OS boot
2026-09-30T04:34:30+08:00 Loop 48: still running — L105-21R_n1: waiting OS boot, L105-21R_n2: waiting OS boot, L105-21R_n3: waiting OS boot
2026-09-30T04:35:00+08:00 Loop 48: still running — L105-21R_n1: waiting OS boot, L105-21R_n2: waiting OS boot, L105-21R_n3: waiting OS boot
2026-09-30T04:35:30+08:00 Loop 48: still running — L105-21R_n1: waiting OS boot, L105-21R_n2: waiting OS boot, L105-21R_n3: waiting OS boot
2026-09-30T04:36:00+08:00 Loop 48: still running — L105-21R_n1: waiting OS boot, L105-21R_n2: waiting OS boot, L105-21R_n3: waiting OS boot
2026-09-30T04:36:30+08:00 Loop 48: still running — L105-21R_n1: waiting OS boot, L105-21R_n2: waiting OS boot, L105-21R_n3: waiting OS boot
2026-09-30T04:37:00+08:00 Loop 48: still running — L105-21R_n1: waiting OS boot, L105-21R_n2: waiting OS boot, L105-21R_n3: waiting OS boot
2026-09-30T04:37:30+08:00 Loop 48: still running — L105-21R_n1: waiting OS boot, L105-21R_n2: waiting OS boot, L105-21R_n3: waiting OS boot
2026-09-30T04:38:00+08:00 Loop 48: still running — L105-21R_n1: waiting OS boot, L105-21R_n2: waiting OS boot, L105-21R_n3: waiting OS boot
2026-09-30T04:38:30+08:00 Loop 48: still running — L105-21R_n1: waiting OS boot, L105-21R_n2: waiting OS boot, L105-21R_n3: waiting OS boot
2026-09-30T04:38:39+08:00 Loop 48: L105-21R_n2 | OS up, system check running
2026-09-30T04:38:39+08:00 Loop 48: L105-21R_n1 | OS up, system check running
2026-09-30T04:38:39+08:00 Loop 48: L105-21R_n3 | OS up, system check running
2026-09-30T04:39:00+08:00 Loop 48: L105-21R_n1 | system check done
2026-09-30T04:39:00+08:00 Loop 48: L105-21R_n1 | DONE
2026-09-30T04:39:00+08:00 L105-21R_n1 | LOOP 48 | FAIL
2026-09-30T04:39:00+08:00   FAIL BF4: Expected at least 1; detected 0
2026-09-30T04:39:00+08:00   FAIL 0004:01:00.0: Non-Volatile memory controller: KIOXIA Corporation NVMe SSD Controller XD8 (rev 01) (prog-if 02 [NVM Express]): LnkSta: Speed 32GT/s, Width x2 (downgraded)
2026-09-30T04:39:00+08:00   WARN PrMo0CPU0EnfEDP0: 2 rows share this sensor name with differing values; review each row
2026-09-30T04:39:00+08:00   WARN PrMo0CPU1EnfEDP0: 2 rows share this sensor name with differing values; review each row
2026-09-30T04:39:00+08:00 Loop 48: L105-21R_n2 | system check done
2026-09-30T04:39:00+08:00 Loop 48: L105-21R_n2 | DONE
2026-09-30T04:39:00+08:00 L105-21R_n2 | LOOP 48 | FAIL
2026-09-30T04:39:00+08:00   FAIL BF4: Expected at least 1; detected 0
2026-09-30T04:39:00+08:00   WARN PrMo0CPU0EnfEDP0: 2 rows share this sensor name with differing values; review each row
2026-09-30T04:39:00+08:00   WARN PrMo0CPU1EnfEDP0: 2 rows share this sensor name with differing values; review each row
2026-09-30T04:39:01+08:00 Loop 48: L105-21R_n3 | system check done
2026-09-30T04:39:01+08:00 Loop 48: L105-21R_n3 | DONE
2026-09-30T04:39:01+08:00 L105-21R_n3 | LOOP 48 | FAIL
2026-09-30T04:39:01+08:00   FAIL BF4: Expected at least 1; detected 0
2026-09-30T04:39:01+08:00   WARN PrMo0CPU0EnfEDP0: 2 rows share this sensor name with differing values; review each row
2026-09-30T04:39:01+08:00   WARN PrMo0CPU1EnfEDP0: 2 rows share this sensor name with differing values; review each row
2026-09-30T04:39:01+08:00 Loop 49: starting 3 target(s) concurrently
2026-09-30T04:39:02+08:00 Loop 49: L105-21R_n3 | aux cycle sent
2026-09-30T04:39:02+08:00 Loop 49: L105-21R_n3 | waiting OS boot
2026-09-30T04:39:02+08:00 Loop 49: L105-21R_n2 | aux cycle sent
2026-09-30T04:39:02+08:00 Loop 49: L105-21R_n2 | waiting OS boot
2026-09-30T04:39:02+08:00 Loop 49: L105-21R_n1 | aux cycle sent
2026-09-30T04:39:02+08:00 Loop 49: L105-21R_n1 | waiting OS boot
2026-09-30T04:39:31+08:00 Loop 49: still running — L105-21R_n1: waiting OS boot, L105-21R_n2: waiting OS boot, L105-21R_n3: waiting OS boot
2026-09-30T04:40:01+08:00 Loop 49: still running — L105-21R_n1: waiting OS boot, L105-21R_n2: waiting OS boot, L105-21R_n3: waiting OS boot
2026-09-30T04:40:31+08:00 Loop 49: still running — L105-21R_n1: waiting OS boot, L105-21R_n2: waiting OS boot, L105-21R_n3: waiting OS boot
2026-09-30T04:41:01+08:00 Loop 49: still running — L105-21R_n1: waiting OS boot, L105-21R_n2: waiting OS boot, L105-21R_n3: waiting OS boot
2026-09-30T04:41:31+08:00 Loop 49: still running — L105-21R_n1: waiting OS boot, L105-21R_n2: waiting OS boot, L105-21R_n3: waiting OS boot
2026-09-30T04:42:01+08:00 Loop 49: still running — L105-21R_n1: waiting OS boot, L105-21R_n2: waiting OS boot, L105-21R_n3: waiting OS boot
2026-09-30T04:42:31+08:00 Loop 49: still running — L105-21R_n1: waiting OS boot, L105-21R_n2: waiting OS boot, L105-21R_n3: waiting OS boot
2026-09-30T04:43:01+08:00 Loop 49: still running — L105-21R_n1: waiting OS boot, L105-21R_n2: waiting OS boot, L105-21R_n3: waiting OS boot
2026-09-30T04:43:31+08:00 Loop 49: still running — L105-21R_n1: waiting OS boot, L105-21R_n2: waiting OS boot, L105-21R_n3: waiting OS boot
2026-09-30T04:43:35+08:00 Loop 49: L105-21R_n1 | OS up, system check running
2026-09-30T04:43:40+08:00 Loop 49: L105-21R_n2 | OS up, system check running
2026-09-30T04:43:44+08:00 Loop 49: L105-21R_n3 | OS up, system check running
2026-09-30T04:43:56+08:00 Loop 49: L105-21R_n1 | system check done
2026-09-30T04:43:56+08:00 Loop 49: L105-21R_n1 | DONE
2026-09-30T04:43:56+08:00 L105-21R_n1 | LOOP 49 | FAIL
2026-09-30T04:43:56+08:00   FAIL BF4: Expected at least 1; detected 0
2026-09-30T04:43:56+08:00   FAIL 0004:01:00.0: Non-Volatile memory controller: KIOXIA Corporation NVMe SSD Controller XD8 (rev 01) (prog-if 02 [NVM Express]): LnkSta: Speed 32GT/s, Width x2 (downgraded)
2026-09-30T04:43:56+08:00   WARN PrMo0CPU0EnfEDP0: 2 rows share this sensor name with differing values; review each row
2026-09-30T04:43:56+08:00   WARN PrMo0CPU1EnfEDP0: 2 rows share this sensor name with differing values; review each row
2026-09-30T04:44:01+08:00 Loop 49: L105-21R_n2 | system check done
2026-09-30T04:44:01+08:00 Loop 49: L105-21R_n2 | DONE
2026-09-30T04:44:01+08:00 L105-21R_n2 | LOOP 49 | FAIL
2026-09-30T04:44:01+08:00   FAIL BF4: Expected at least 1; detected 0
2026-09-30T04:44:01+08:00   WARN PrMo0CPU0EnfEDP0: 2 rows share this sensor name with differing values; review each row
2026-09-30T04:44:01+08:00   WARN PrMo0CPU1EnfEDP0: 2 rows share this sensor name with differing values; review each row
2026-09-30T04:44:05+08:00 Loop 49: L105-21R_n3 | system check done
2026-09-30T04:44:05+08:00 Loop 49: L105-21R_n3 | DONE
2026-09-30T04:44:05+08:00 L105-21R_n3 | LOOP 49 | FAIL
2026-09-30T04:44:05+08:00   FAIL BF4: Expected at least 1; detected 0
2026-09-30T04:44:05+08:00   WARN PrMo0CPU0EnfEDP0: 2 rows share this sensor name with differing values; review each row
2026-09-30T04:44:05+08:00   WARN PrMo0CPU1EnfEDP0: 2 rows share this sensor name with differing values; review each row
2026-09-30T04:44:05+08:00 Loop 50: starting 3 target(s) concurrently
2026-09-30T04:44:07+08:00 Loop 50: L105-21R_n1 | aux cycle sent
2026-09-30T04:44:07+08:00 Loop 50: L105-21R_n1 | waiting OS boot
2026-09-30T04:44:07+08:00 Loop 50: L105-21R_n3 | aux cycle sent
2026-09-30T04:44:07+08:00 Loop 50: L105-21R_n3 | waiting OS boot
2026-09-30T04:44:07+08:00 Loop 50: L105-21R_n2 | aux cycle sent
2026-09-30T04:44:07+08:00 Loop 50: L105-21R_n2 | waiting OS boot
2026-09-30T04:44:35+08:00 Loop 50: still running — L105-21R_n1: waiting OS boot, L105-21R_n2: waiting OS boot, L105-21R_n3: waiting OS boot
2026-09-30T04:45:05+08:00 Loop 50: still running — L105-21R_n1: waiting OS boot, L105-21R_n2: waiting OS boot, L105-21R_n3: waiting OS boot
2026-09-30T04:45:35+08:00 Loop 50: still running — L105-21R_n1: waiting OS boot, L105-21R_n2: waiting OS boot, L105-21R_n3: waiting OS boot
2026-09-30T04:46:05+08:00 Loop 50: still running — L105-21R_n1: waiting OS boot, L105-21R_n2: waiting OS boot, L105-21R_n3: waiting OS boot
2026-09-30T04:46:35+08:00 Loop 50: still running — L105-21R_n1: waiting OS boot, L105-21R_n2: waiting OS boot, L105-21R_n3: waiting OS boot
2026-09-30T04:47:05+08:00 Loop 50: still running — L105-21R_n1: waiting OS boot, L105-21R_n2: waiting OS boot, L105-21R_n3: waiting OS boot
2026-09-30T04:47:35+08:00 Loop 50: still running — L105-21R_n1: waiting OS boot, L105-21R_n2: waiting OS boot, L105-21R_n3: waiting OS boot
2026-09-30T04:48:05+08:00 Loop 50: still running — L105-21R_n1: waiting OS boot, L105-21R_n2: waiting OS boot, L105-21R_n3: waiting OS boot
2026-09-30T04:48:35+08:00 Loop 50: still running — L105-21R_n1: waiting OS boot, L105-21R_n2: waiting OS boot, L105-21R_n3: waiting OS boot
2026-09-30T04:48:45+08:00 Loop 50: L105-21R_n3 | OS up, system check running
2026-09-30T04:48:46+08:00 Loop 50: L105-21R_n1 | OS up, system check running
2026-09-30T04:48:48+08:00 Loop 50: L105-21R_n2 | OS up, system check running
2026-09-30T04:49:05+08:00 Loop 50: still running — L105-21R_n1: OS up, system check running, L105-21R_n2: OS up, system check running, L105-21R_n3: OS up, system check running
2026-09-30T04:49:06+08:00 Loop 50: L105-21R_n3 | system check done
2026-09-30T04:49:06+08:00 Loop 50: L105-21R_n3 | DONE
2026-09-30T04:49:06+08:00 L105-21R_n3 | LOOP 50 | FAIL
2026-09-30T04:49:06+08:00   FAIL BF4: Expected at least 1; detected 0
2026-09-30T04:49:06+08:00   WARN PrMo0CPU0EnfEDP0: 2 rows share this sensor name with differing values; review each row
2026-09-30T04:49:06+08:00   WARN PrMo0CPU1EnfEDP0: 2 rows share this sensor name with differing values; review each row
2026-09-30T04:49:08+08:00 Loop 50: L105-21R_n1 | system check done
2026-09-30T04:49:08+08:00 Loop 50: L105-21R_n1 | DONE
2026-09-30T04:49:08+08:00 L105-21R_n1 | LOOP 50 | FAIL
2026-09-30T04:49:08+08:00   FAIL BF4: Expected at least 1; detected 0
2026-09-30T04:49:08+08:00   FAIL 0004:01:00.0: Non-Volatile memory controller: KIOXIA Corporation NVMe SSD Controller XD8 (rev 01) (prog-if 02 [NVM Express]): LnkSta: Speed 32GT/s, Width x2 (downgraded)
2026-09-30T04:49:08+08:00   WARN PrMo0CPU0EnfEDP0: 2 rows share this sensor name with differing values; review each row
2026-09-30T04:49:08+08:00   WARN PrMo0CPU1EnfEDP0: 2 rows share this sensor name with differing values; review each row
2026-09-30T04:49:09+08:00 Loop 50: L105-21R_n2 | system check done
2026-09-30T04:49:09+08:00 Loop 50: L105-21R_n2 | DONE
2026-09-30T04:49:09+08:00 L105-21R_n2 | LOOP 50 | FAIL
2026-09-30T04:49:09+08:00   FAIL BF4: Expected at least 1; detected 0
2026-09-30T04:49:09+08:00   WARN PrMo0CPU0EnfEDP0: 2 rows share this sensor name with differing values; review each row
2026-09-30T04:49:09+08:00   WARN PrMo0CPU1EnfEDP0: 2 rows share this sensor name with differing values; review each row
2026-09-30T04:49:09+08:00 Loop 51: starting 3 target(s) concurrently
2026-09-30T04:49:11+08:00 Loop 51: L105-21R_n2 | aux cycle sent
2026-09-30T04:49:11+08:00 Loop 51: L105-21R_n2 | waiting OS boot
2026-09-30T04:49:11+08:00 Loop 51: L105-21R_n3 | aux cycle sent
2026-09-30T04:49:11+08:00 Loop 51: L105-21R_n3 | waiting OS boot
2026-09-30T04:49:11+08:00 Loop 51: L105-21R_n1 | aux cycle sent
2026-09-30T04:49:11+08:00 Loop 51: L105-21R_n1 | waiting OS boot
2026-09-30T04:49:39+08:00 Loop 51: still running — L105-21R_n1: waiting OS boot, L105-21R_n2: waiting OS boot, L105-21R_n3: waiting OS boot
2026-09-30T04:50:09+08:00 Loop 51: still running — L105-21R_n1: waiting OS boot, L105-21R_n2: waiting OS boot, L105-21R_n3: waiting OS boot
2026-09-30T04:50:39+08:00 Loop 51: still running — L105-21R_n1: waiting OS boot, L105-21R_n2: waiting OS boot, L105-21R_n3: waiting OS boot
2026-09-30T04:51:09+08:00 Loop 51: still running — L105-21R_n1: waiting OS boot, L105-21R_n2: waiting OS boot, L105-21R_n3: waiting OS boot
2026-09-30T04:51:39+08:00 Loop 51: still running — L105-21R_n1: waiting OS boot, L105-21R_n2: waiting OS boot, L105-21R_n3: waiting OS boot
2026-09-30T04:52:09+08:00 Loop 51: still running — L105-21R_n1: waiting OS boot, L105-21R_n2: waiting OS boot, L105-21R_n3: waiting OS boot
2026-09-30T04:52:39+08:00 Loop 51: still running — L105-21R_n1: waiting OS boot, L105-21R_n2: waiting OS boot, L105-21R_n3: waiting OS boot
2026-09-30T04:53:09+08:00 Loop 51: still running — L105-21R_n1: waiting OS boot, L105-21R_n2: waiting OS boot, L105-21R_n3: waiting OS boot
2026-09-30T04:53:39+08:00 Loop 51: still running — L105-21R_n1: waiting OS boot, L105-21R_n2: waiting OS boot, L105-21R_n3: waiting OS boot
2026-09-30T04:53:46+08:00 Loop 51: L105-21R_n1 | OS up, system check running
2026-09-30T04:53:49+08:00 Loop 51: L105-21R_n2 | OS up, system check running
2026-09-30T04:53:49+08:00 Loop 51: L105-21R_n3 | OS up, system check running
2026-09-30T04:54:07+08:00 Loop 51: L105-21R_n1 | system check done
2026-09-30T04:54:07+08:00 Loop 51: L105-21R_n1 | DONE
2026-09-30T04:54:07+08:00 L105-21R_n1 | LOOP 51 | FAIL
2026-09-30T04:54:07+08:00   FAIL BF4: Expected at least 1; detected 0
2026-09-30T04:54:07+08:00   FAIL 0004:01:00.0: Non-Volatile memory controller: KIOXIA Corporation NVMe SSD Controller XD8 (rev 01) (prog-if 02 [NVM Express]): LnkSta: Speed 32GT/s, Width x2 (downgraded)
2026-09-30T04:54:07+08:00   WARN PrMo0CPU0EnfEDP0: 2 rows share this sensor name with differing values; review each row
2026-09-30T04:54:07+08:00   WARN PrMo0CPU1EnfEDP0: 2 rows share this sensor name with differing values; review each row
2026-09-30T04:54:09+08:00 Loop 51: L105-21R_n2 | system check done
2026-09-30T04:54:09+08:00 Loop 51: L105-21R_n2 | DONE
2026-09-30T04:54:09+08:00 L105-21R_n2 | LOOP 51 | FAIL
2026-09-30T04:54:09+08:00   FAIL BF4: Expected at least 1; detected 0
2026-09-30T04:54:09+08:00   WARN PrMo0CPU0EnfEDP0: 2 rows share this sensor name with differing values; review each row
2026-09-30T04:54:09+08:00   WARN PrMo0CPU1EnfEDP0: 2 rows share this sensor name with differing values; review each row
2026-09-30T04:54:10+08:00 Loop 51: L105-21R_n3 | system check done
2026-09-30T04:54:10+08:00 Loop 51: L105-21R_n3 | DONE
2026-09-30T04:54:10+08:00 L105-21R_n3 | LOOP 51 | FAIL
2026-09-30T04:54:10+08:00   FAIL BF4: Expected at least 1; detected 0
2026-09-30T04:54:10+08:00   WARN PrMo0CPU0EnfEDP0: 2 rows share this sensor name with differing values; review each row
2026-09-30T04:54:10+08:00   WARN PrMo0CPU1EnfEDP0: 2 rows share this sensor name with differing values; review each row
2026-09-30T04:54:10+08:00 Loop 52: starting 3 target(s) concurrently
2026-09-30T04:54:11+08:00 Loop 52: L105-21R_n3 | aux cycle sent
2026-09-30T04:54:11+08:00 Loop 52: L105-21R_n3 | waiting OS boot
2026-09-30T04:54:11+08:00 Loop 52: L105-21R_n2 | aux cycle sent
2026-09-30T04:54:11+08:00 Loop 52: L105-21R_n2 | waiting OS boot
2026-09-30T04:54:11+08:00 Loop 52: L105-21R_n1 | aux cycle sent
2026-09-30T04:54:11+08:00 Loop 52: L105-21R_n1 | waiting OS boot
2026-09-30T04:54:40+08:00 Loop 52: still running — L105-21R_n1: waiting OS boot, L105-21R_n2: waiting OS boot, L105-21R_n3: waiting OS boot
2026-09-30T04:55:10+08:00 Loop 52: still running — L105-21R_n1: waiting OS boot, L105-21R_n2: waiting OS boot, L105-21R_n3: waiting OS boot
2026-09-30T04:55:40+08:00 Loop 52: still running — L105-21R_n1: waiting OS boot, L105-21R_n2: waiting OS boot, L105-21R_n3: waiting OS boot
2026-09-30T04:56:10+08:00 Loop 52: still running — L105-21R_n1: waiting OS boot, L105-21R_n2: waiting OS boot, L105-21R_n3: waiting OS boot
2026-09-30T04:56:40+08:00 Loop 52: still running — L105-21R_n1: waiting OS boot, L105-21R_n2: waiting OS boot, L105-21R_n3: waiting OS boot
2026-09-30T04:57:10+08:00 Loop 52: still running — L105-21R_n1: waiting OS boot, L105-21R_n2: waiting OS boot, L105-21R_n3: waiting OS boot
2026-09-30T04:57:40+08:00 Loop 52: still running — L105-21R_n1: waiting OS boot, L105-21R_n2: waiting OS boot, L105-21R_n3: waiting OS boot
2026-09-30T04:58:10+08:00 Loop 52: still running — L105-21R_n1: waiting OS boot, L105-21R_n2: waiting OS boot, L105-21R_n3: waiting OS boot
2026-09-30T04:58:40+08:00 Loop 52: still running — L105-21R_n1: waiting OS boot, L105-21R_n2: waiting OS boot, L105-21R_n3: waiting OS boot
2026-09-30T04:58:48+08:00 Loop 52: L105-21R_n1 | OS up, system check running
2026-09-30T04:58:49+08:00 Loop 52: L105-21R_n2 | OS up, system check running
2026-09-30T04:58:49+08:00 Loop 52: L105-21R_n3 | OS up, system check running
2026-09-30T04:59:09+08:00 Loop 52: L105-21R_n1 | system check done
2026-09-30T04:59:09+08:00 Loop 52: L105-21R_n1 | DONE
2026-09-30T04:59:09+08:00 L105-21R_n1 | LOOP 52 | FAIL
2026-09-30T04:59:09+08:00   FAIL BF4: Expected at least 1; detected 0
2026-09-30T04:59:09+08:00   FAIL 0004:01:00.0: Non-Volatile memory controller: KIOXIA Corporation NVMe SSD Controller XD8 (rev 01) (prog-if 02 [NVM Express]): LnkSta: Speed 32GT/s, Width x2 (downgraded)
2026-09-30T04:59:09+08:00   WARN PrMo0CPU0EnfEDP0: 2 rows share this sensor name with differing values; review each row
2026-09-30T04:59:09+08:00   WARN PrMo0CPU1EnfEDP0: 2 rows share this sensor name with differing values; review each row
2026-09-30T04:59:10+08:00 Loop 52: L105-21R_n2 | system check done
2026-09-30T04:59:10+08:00 Loop 52: L105-21R_n2 | DONE
2026-09-30T04:59:10+08:00 L105-21R_n2 | LOOP 52 | FAIL
2026-09-30T04:59:10+08:00   FAIL BF4: Expected at least 1; detected 0
2026-09-30T04:59:10+08:00   WARN PrMo0CPU0EnfEDP0: 2 rows share this sensor name with differing values; review each row
2026-09-30T04:59:10+08:00   WARN PrMo0CPU1EnfEDP0: 2 rows share this sensor name with differing values; review each row
2026-09-30T04:59:11+08:00 Loop 52: L105-21R_n3 | system check done
2026-09-30T04:59:11+08:00 Loop 52: L105-21R_n3 | DONE
2026-09-30T04:59:11+08:00 L105-21R_n3 | LOOP 52 | FAIL
2026-09-30T04:59:11+08:00   FAIL BF4: Expected at least 1; detected 0
2026-09-30T04:59:11+08:00   WARN PrMo0CPU0EnfEDP0: 2 rows share this sensor name with differing values; review each row
2026-09-30T04:59:11+08:00   WARN PrMo0CPU1EnfEDP0: 2 rows share this sensor name with differing values; review each row
2026-09-30T04:59:11+08:00 Loop 53: starting 3 target(s) concurrently
2026-09-30T04:59:12+08:00 Loop 53: L105-21R_n1 | aux cycle sent
2026-09-30T04:59:12+08:00 Loop 53: L105-21R_n1 | waiting OS boot
2026-09-30T04:59:12+08:00 Loop 53: L105-21R_n3 | aux cycle sent
2026-09-30T04:59:12+08:00 Loop 53: L105-21R_n3 | waiting OS boot
2026-09-30T04:59:12+08:00 Loop 53: L105-21R_n2 | aux cycle sent
2026-09-30T04:59:12+08:00 Loop 53: L105-21R_n2 | waiting OS boot
2026-09-30T04:59:41+08:00 Loop 53: still running — L105-21R_n1: waiting OS boot, L105-21R_n2: waiting OS boot, L105-21R_n3: waiting OS boot
2026-09-30T05:00:11+08:00 Loop 53: still running — L105-21R_n1: waiting OS boot, L105-21R_n2: waiting OS boot, L105-21R_n3: waiting OS boot
2026-09-30T05:00:41+08:00 Loop 53: still running — L105-21R_n1: waiting OS boot, L105-21R_n2: waiting OS boot, L105-21R_n3: waiting OS boot
2026-09-30T05:01:11+08:00 Loop 53: still running — L105-21R_n1: waiting OS boot, L105-21R_n2: waiting OS boot, L105-21R_n3: waiting OS boot
2026-09-30T05:01:41+08:00 Loop 53: still running — L105-21R_n1: waiting OS boot, L105-21R_n2: waiting OS boot, L105-21R_n3: waiting OS boot
2026-09-30T05:02:11+08:00 Loop 53: still running — L105-21R_n1: waiting OS boot, L105-21R_n2: waiting OS boot, L105-21R_n3: waiting OS boot
2026-09-30T05:02:41+08:00 Loop 53: still running — L105-21R_n1: waiting OS boot, L105-21R_n2: waiting OS boot, L105-21R_n3: waiting OS boot
2026-09-30T05:03:11+08:00 Loop 53: still running — L105-21R_n1: waiting OS boot, L105-21R_n2: waiting OS boot, L105-21R_n3: waiting OS boot
2026-09-30T05:03:41+08:00 Loop 53: still running — L105-21R_n1: waiting OS boot, L105-21R_n2: waiting OS boot, L105-21R_n3: waiting OS boot
2026-09-30T05:03:49+08:00 Loop 53: L105-21R_n1 | OS up, system check running
2026-09-30T05:03:52+08:00 Loop 53: L105-21R_n3 | OS up, system check running
2026-09-30T05:03:52+08:00 Loop 53: L105-21R_n2 | OS up, system check running
2026-09-30T05:04:10+08:00 Loop 53: L105-21R_n1 | system check done
2026-09-30T05:04:10+08:00 Loop 53: L105-21R_n1 | DONE
2026-09-30T05:04:10+08:00 L105-21R_n1 | LOOP 53 | FAIL
2026-09-30T05:04:10+08:00   FAIL BF4: Expected at least 1; detected 0
2026-09-30T05:04:10+08:00   FAIL 0004:01:00.0: Non-Volatile memory controller: KIOXIA Corporation NVMe SSD Controller XD8 (rev 01) (prog-if 02 [NVM Express]): LnkSta: Speed 32GT/s, Width x2 (downgraded)
2026-09-30T05:04:10+08:00   WARN PrMo0CPU0EnfEDP0: 2 rows share this sensor name with differing values; review each row
2026-09-30T05:04:10+08:00   WARN PrMo0CPU1EnfEDP0: 2 rows share this sensor name with differing values; review each row
2026-09-30T05:04:13+08:00 Loop 53: L105-21R_n2 | system check done
2026-09-30T05:04:13+08:00 Loop 53: L105-21R_n2 | DONE
2026-09-30T05:04:13+08:00 L105-21R_n2 | LOOP 53 | FAIL
2026-09-30T05:04:13+08:00   FAIL BF4: Expected at least 1; detected 0
2026-09-30T05:04:13+08:00   WARN PrMo0CPU0EnfEDP0: 2 rows share this sensor name with differing values; review each row
2026-09-30T05:04:13+08:00   WARN PrMo0CPU1EnfEDP0: 2 rows share this sensor name with differing values; review each row
2026-09-30T05:04:13+08:00 Loop 53: L105-21R_n3 | system check done
2026-09-30T05:04:13+08:00 Loop 53: L105-21R_n3 | DONE
2026-09-30T05:04:13+08:00 L105-21R_n3 | LOOP 53 | FAIL
2026-09-30T05:04:13+08:00   FAIL BF4: Expected at least 1; detected 0
2026-09-30T05:04:13+08:00   WARN PrMo0CPU0EnfEDP0: 2 rows share this sensor name with differing values; review each row
2026-09-30T05:04:13+08:00   WARN PrMo0CPU1EnfEDP0: 2 rows share this sensor name with differing values; review each row
2026-09-30T05:04:13+08:00 Loop 54: starting 3 target(s) concurrently
2026-09-30T05:04:14+08:00 Loop 54: L105-21R_n1 | aux cycle sent
2026-09-30T05:04:14+08:00 Loop 54: L105-21R_n1 | waiting OS boot
2026-09-30T05:04:14+08:00 Loop 54: L105-21R_n2 | aux cycle sent
2026-09-30T05:04:14+08:00 Loop 54: L105-21R_n2 | waiting OS boot
2026-09-30T05:04:14+08:00 Loop 54: L105-21R_n3 | aux cycle sent
2026-09-30T05:04:14+08:00 Loop 54: L105-21R_n3 | waiting OS boot
2026-09-30T05:04:43+08:00 Loop 54: still running — L105-21R_n1: waiting OS boot, L105-21R_n2: waiting OS boot, L105-21R_n3: waiting OS boot
2026-09-30T05:05:13+08:00 Loop 54: still running — L105-21R_n1: waiting OS boot, L105-21R_n2: waiting OS boot, L105-21R_n3: waiting OS boot
2026-09-30T05:05:43+08:00 Loop 54: still running — L105-21R_n1: waiting OS boot, L105-21R_n2: waiting OS boot, L105-21R_n3: waiting OS boot
2026-09-30T05:06:13+08:00 Loop 54: still running — L105-21R_n1: waiting OS boot, L105-21R_n2: waiting OS boot, L105-21R_n3: waiting OS boot
2026-09-30T05:06:43+08:00 Loop 54: still running — L105-21R_n1: waiting OS boot, L105-21R_n2: waiting OS boot, L105-21R_n3: waiting OS boot
2026-09-30T05:07:13+08:00 Loop 54: still running — L105-21R_n1: waiting OS boot, L105-21R_n2: waiting OS boot, L105-21R_n3: waiting OS boot
2026-09-30T05:07:43+08:00 Loop 54: still running — L105-21R_n1: waiting OS boot, L105-21R_n2: waiting OS boot, L105-21R_n3: waiting OS boot
2026-09-30T05:08:13+08:00 Loop 54: still running — L105-21R_n1: waiting OS boot, L105-21R_n2: waiting OS boot, L105-21R_n3: waiting OS boot
2026-09-30T05:08:43+08:00 Loop 54: still running — L105-21R_n1: waiting OS boot, L105-21R_n2: waiting OS boot, L105-21R_n3: waiting OS boot
2026-09-30T05:08:49+08:00 Loop 54: L105-21R_n1 | OS up, system check running
2026-09-30T05:08:54+08:00 Loop 54: L105-21R_n2 | OS up, system check running
2026-09-30T05:08:55+08:00 Loop 54: L105-21R_n3 | OS up, system check running
2026-09-30T05:09:10+08:00 Loop 54: L105-21R_n1 | system check done
2026-09-30T05:09:10+08:00 Loop 54: L105-21R_n1 | DONE
2026-09-30T05:09:10+08:00 L105-21R_n1 | LOOP 54 | FAIL
2026-09-30T05:09:10+08:00   FAIL dmesg: [ 10.289492] {1}[Hardware Error]: Hardware error from APEI Generic Hardware Error Source: 8194
2026-09-30T05:09:10+08:00   FAIL dmesg: [ 10.295257] {1}[Hardware Error]: event severity: info
2026-09-30T05:09:10+08:00   FAIL dmesg: [ 10.300241] {1}[Hardware Error]: Error 0, type: info
2026-09-30T05:09:10+08:00   FAIL dmesg: [ 10.305226] {1}[Hardware Error]: section type: unknown, 9068e568-6ca0-11f0-aeaf-159343591eac
2026-09-30T05:09:10+08:00   FAIL dmesg: [ 10.313731] {1}[Hardware Error]: section length: 0xe0
2026-09-30T05:09:10+08:00   FAIL dmesg: [ 10.318888] {1}[Hardware Error]: 00000000: 00000101 00000000 00000000 00000000 ................
2026-09-30T05:09:10+08:00   FAIL dmesg: [ 10.327737] {1}[Hardware Error]: 00000010: 4c504343 43555845 00000046 00000000 CCPLEXUCF.......
2026-09-30T05:09:10+08:00   FAIL dmesg: [ 10.336587] {1}[Hardware Error]: 00000020: 00200000 00014107 16fd8140 18000000 .. ..A..@.......
2026-09-30T05:09:10+08:00   FAIL dmesg: [ 10.345437] {1}[Hardware Error]: 00000030: 7818c182 00000001 2112a000 0000fe00 ...x.......!....
2026-09-30T05:09:10+08:00   FAIL dmesg: [ 10.354288] {1}[Hardware Error]: 00000040: 000000a0 00000000 00000001 00000090 ................
2026-09-30T05:09:10+08:00   FAIL dmesg: [ 10.363138] {1}[Hardware Error]: 00000050: 2112a000 0000fe00 1000a9a2 9ef9ffff ...!............
2026-09-30T05:09:10+08:00   FAIL dmesg: [ 10.371989] {1}[Hardware Error]: 00000060: 2112a008 0000fe00 0000010d 1ef9fff7 ...!............
2026-09-30T05:09:10+08:00   FAIL dmesg: [ 10.380839] {1}[Hardware Error]: 00000070: 2112a010 0000fe00 d480050d 00000000 ...!............
2026-09-30T05:09:10+08:00   FAIL dmesg: [ 10.389689] {1}[Hardware Error]: 00000080: 2112a018 0000fe00 8da97d80 00000000 ...!.....}......
2026-09-30T05:09:10+08:00   FAIL dmesg: [ 10.398540] {1}[Hardware Error]: 00000090: 2112a020 0000fe00 fd045340 90000000 ..!....@S......
2026-09-30T05:09:10+08:00   FAIL dmesg: [ 10.407390] {1}[Hardware Error]: 000000a0: 2112a028 0000fe00 11000000 0108282d (..!........-(..
2026-09-30T05:09:10+08:00   FAIL dmesg: [ 10.416240] {1}[Hardware Error]: 000000b0: 2112a030 0000fe00 0025c080 00000000 0..!......%.....
2026-09-30T05:09:10+08:00   FAIL dmesg: [ 10.425091] {1}[Hardware Error]: 000000c0: 2112a038 0000fe00 00000000 80903834 8..!........48..
2026-09-30T05:09:10+08:00   FAIL dmesg: [ 10.433941] {1}[Hardware Error]: 000000d0: 2112afa8 0000fe00 00800000 00000000 ...!............
2026-09-30T05:09:10+08:00   FAIL BF4: Expected at least 1; detected 0
2026-09-30T05:09:10+08:00   FAIL 0004:01:00.0: Non-Volatile memory controller: KIOXIA Corporation NVMe SSD Controller XD8 (rev 01) (prog-if 02 [NVM Express]): LnkSta: Speed 32GT/s, Width x2 (downgraded)
2026-09-30T05:09:10+08:00   WARN PrMo0CPU0EnfEDP0: 2 rows share this sensor name with differing values; review each row
2026-09-30T05:09:10+08:00   WARN PrMo0CPU1EnfEDP0: 2 rows share this sensor name with differing values; review each row
2026-09-30T05:09:15+08:00 Loop 54: L105-21R_n2 | system check done
2026-09-30T05:09:15+08:00 Loop 54: L105-21R_n2 | DONE
2026-09-30T05:09:15+08:00 L105-21R_n2 | LOOP 54 | FAIL
2026-09-30T05:09:15+08:00   FAIL BF4: Expected at least 1; detected 0
2026-09-30T05:09:15+08:00   WARN PrMo0CPU0EnfEDP0: 2 rows share this sensor name with differing values; review each row
2026-09-30T05:09:15+08:00   WARN PrMo0CPU1EnfEDP0: 2 rows share this sensor name with differing values; review each row
2026-09-30T05:09:15+08:00 Loop 54: L105-21R_n3 | system check done
2026-09-30T05:09:15+08:00 Loop 54: L105-21R_n3 | DONE
2026-09-30T05:09:15+08:00 L105-21R_n3 | LOOP 54 | FAIL
2026-09-30T05:09:15+08:00   FAIL BF4: Expected at least 1; detected 0
2026-09-30T05:09:15+08:00   WARN PrMo0CPU0EnfEDP0: 2 rows share this sensor name with differing values; review each row
2026-09-30T05:09:15+08:00   WARN PrMo0CPU1EnfEDP0: 2 rows share this sensor name with differing values; review each row
2026-09-30T05:09:15+08:00 Loop 55: starting 3 target(s) concurrently
2026-09-30T05:09:17+08:00 Loop 55: L105-21R_n1 | aux cycle sent
2026-09-30T05:09:17+08:00 Loop 55: L105-21R_n1 | waiting OS boot
2026-09-30T05:09:17+08:00 Loop 55: L105-21R_n2 | aux cycle sent
2026-09-30T05:09:17+08:00 Loop 55: L105-21R_n2 | waiting OS boot
2026-09-30T05:09:17+08:00 Loop 55: L105-21R_n3 | aux cycle sent
2026-09-30T05:09:17+08:00 Loop 55: L105-21R_n3 | waiting OS boot
2026-09-30T05:09:45+08:00 Loop 55: still running — L105-21R_n1: waiting OS boot, L105-21R_n2: waiting OS boot, L105-21R_n3: waiting OS boot
2026-09-30T05:10:15+08:00 Loop 55: still running — L105-21R_n1: waiting OS boot, L105-21R_n2: waiting OS boot, L105-21R_n3: waiting OS boot
2026-09-30T05:10:45+08:00 Loop 55: still running — L105-21R_n1: waiting OS boot, L105-21R_n2: waiting OS boot, L105-21R_n3: waiting OS boot
2026-09-30T05:11:15+08:00 Loop 55: still running — L105-21R_n1: waiting OS boot, L105-21R_n2: waiting OS boot, L105-21R_n3: waiting OS boot
2026-09-30T05:11:45+08:00 Loop 55: still running — L105-21R_n1: waiting OS boot, L105-21R_n2: waiting OS boot, L105-21R_n3: waiting OS boot
2026-09-30T05:12:15+08:00 Loop 55: still running — L105-21R_n1: waiting OS boot, L105-21R_n2: waiting OS boot, L105-21R_n3: waiting OS boot
2026-09-30T05:12:45+08:00 Loop 55: still running — L105-21R_n1: waiting OS boot, L105-21R_n2: waiting OS boot, L105-21R_n3: waiting OS boot
2026-09-30T05:13:15+08:00 Loop 55: still running — L105-21R_n1: waiting OS boot, L105-21R_n2: waiting OS boot, L105-21R_n3: waiting OS boot
2026-09-30T05:13:46+08:00 Loop 55: still running — L105-21R_n1: waiting OS boot, L105-21R_n2: waiting OS boot, L105-21R_n3: waiting OS boot
2026-09-30T05:13:52+08:00 Loop 55: L105-21R_n1 | OS up, system check running
2026-09-30T05:13:57+08:00 Loop 55: L105-21R_n3 | OS up, system check running
2026-09-30T05:13:57+08:00 Loop 55: L105-21R_n2 | OS up, system check running
2026-09-30T05:14:14+08:00 Loop 55: L105-21R_n1 | system check done
2026-09-30T05:14:14+08:00 Loop 55: L105-21R_n1 | DONE
2026-09-30T05:14:14+08:00 L105-21R_n1 | LOOP 55 | FAIL
2026-09-30T05:14:14+08:00   FAIL BF4: Expected at least 1; detected 0
2026-09-30T05:14:14+08:00   FAIL 0004:01:00.0: Non-Volatile memory controller: KIOXIA Corporation NVMe SSD Controller XD8 (rev 01) (prog-if 02 [NVM Express]): LnkSta: Speed 32GT/s, Width x2 (downgraded)
2026-09-30T05:14:14+08:00   WARN PrMo0CPU0EnfEDP0: 2 rows share this sensor name with differing values; review each row
2026-09-30T05:14:14+08:00   WARN PrMo0CPU1EnfEDP0: 2 rows share this sensor name with differing values; review each row
2026-09-30T05:14:17+08:00 Loop 55: L105-21R_n3 | system check done
2026-09-30T05:14:17+08:00 Loop 55: L105-21R_n3 | DONE
2026-09-30T05:14:17+08:00 L105-21R_n3 | LOOP 55 | FAIL
2026-09-30T05:14:17+08:00   FAIL BF4: Expected at least 1; detected 0
2026-09-30T05:14:17+08:00   WARN PrMo0CPU0EnfEDP0: 2 rows share this sensor name with differing values; review each row
2026-09-30T05:14:17+08:00   WARN PrMo0CPU1EnfEDP0: 2 rows share this sensor name with differing values; review each row
2026-09-30T05:14:18+08:00 Loop 55: L105-21R_n2 | system check done
2026-09-30T05:14:18+08:00 Loop 55: L105-21R_n2 | DONE
2026-09-30T05:14:18+08:00 L105-21R_n2 | LOOP 55 | FAIL
2026-09-30T05:14:18+08:00   FAIL BF4: Expected at least 1; detected 0
2026-09-30T05:14:18+08:00   WARN PrMo0CPU0EnfEDP0: 2 rows share this sensor name with differing values; review each row
2026-09-30T05:14:18+08:00   WARN PrMo0CPU1EnfEDP0: 2 rows share this sensor name with differing values; review each row
2026-09-30T05:14:18+08:00 Loop 56: starting 3 target(s) concurrently
2026-09-30T05:14:20+08:00 Loop 56: L105-21R_n1 | aux cycle sent
2026-09-30T05:14:20+08:00 Loop 56: L105-21R_n1 | waiting OS boot
2026-09-30T05:14:20+08:00 Loop 56: L105-21R_n3 | aux cycle sent
2026-09-30T05:14:20+08:00 Loop 56: L105-21R_n3 | waiting OS boot
2026-09-30T05:14:20+08:00 Loop 56: L105-21R_n2 | aux cycle sent
2026-09-30T05:14:20+08:00 Loop 56: L105-21R_n2 | waiting OS boot
2026-09-30T05:14:48+08:00 Loop 56: still running — L105-21R_n1: waiting OS boot, L105-21R_n2: waiting OS boot, L105-21R_n3: waiting OS boot
2026-09-30T05:15:18+08:00 Loop 56: still running — L105-21R_n1: waiting OS boot, L105-21R_n2: waiting OS boot, L105-21R_n3: waiting OS boot
2026-09-30T05:15:48+08:00 Loop 56: still running — L105-21R_n1: waiting OS boot, L105-21R_n2: waiting OS boot, L105-21R_n3: waiting OS boot
2026-09-30T05:16:18+08:00 Loop 56: still running — L105-21R_n1: waiting OS boot, L105-21R_n2: waiting OS boot, L105-21R_n3: waiting OS boot
2026-09-30T05:16:48+08:00 Loop 56: still running — L105-21R_n1: waiting OS boot, L105-21R_n2: waiting OS boot, L105-21R_n3: waiting OS boot
2026-09-30T05:17:18+08:00 Loop 56: still running — L105-21R_n1: waiting OS boot, L105-21R_n2: waiting OS boot, L105-21R_n3: waiting OS boot
2026-09-30T05:17:48+08:00 Loop 56: still running — L105-21R_n1: waiting OS boot, L105-21R_n2: waiting OS boot, L105-21R_n3: waiting OS boot
2026-09-30T05:18:18+08:00 Loop 56: still running — L105-21R_n1: waiting OS boot, L105-21R_n2: waiting OS boot, L105-21R_n3: waiting OS boot
2026-09-30T05:18:48+08:00 Loop 56: still running — L105-21R_n1: waiting OS boot, L105-21R_n2: waiting OS boot, L105-21R_n3: waiting OS boot
2026-09-30T05:18:59+08:00 Loop 56: L105-21R_n2 | OS up, system check running
2026-09-30T05:19:00+08:00 Loop 56: L105-21R_n3 | OS up, system check running
2026-09-30T05:19:18+08:00 Loop 56: still running — L105-21R_n1: waiting OS boot, L105-21R_n2: OS up, system check running, L105-21R_n3: OS up, system check running
2026-09-30T05:19:20+08:00 Loop 56: L105-21R_n2 | system check done
2026-09-30T05:19:20+08:00 Loop 56: L105-21R_n2 | DONE
2026-09-30T05:19:20+08:00 L105-21R_n2 | LOOP 56 | FAIL
2026-09-30T05:19:20+08:00   FAIL BF4: Expected at least 1; detected 0
2026-09-30T05:19:20+08:00   WARN PrMo0CPU0EnfEDP0: 2 rows share this sensor name with differing values; review each row
2026-09-30T05:19:20+08:00   WARN PrMo0CPU1EnfEDP0: 2 rows share this sensor name with differing values; review each row
2026-09-30T05:19:21+08:00 Loop 56: L105-21R_n3 | system check done
2026-09-30T05:19:21+08:00 Loop 56: L105-21R_n3 | DONE
2026-09-30T05:19:21+08:00 L105-21R_n3 | LOOP 56 | FAIL
2026-09-30T05:19:21+08:00   FAIL BF4: Expected at least 1; detected 0
2026-09-30T05:19:21+08:00   WARN PrMo0CPU0EnfEDP0: 2 rows share this sensor name with differing values; review each row
2026-09-30T05:19:21+08:00   WARN PrMo0CPU1EnfEDP0: 2 rows share this sensor name with differing values; review each row
2026-09-30T05:19:21+08:00 Loop 56: L105-21R_n1 | OS up, system check running
2026-09-30T05:19:43+08:00 Loop 56: L105-21R_n1 | system check done
2026-09-30T05:19:43+08:00 Loop 56: L105-21R_n1 | DONE
2026-09-30T05:19:43+08:00 L105-21R_n1 | LOOP 56 | FAIL
2026-09-30T05:19:43+08:00   FAIL BF4: Expected at least 1; detected 0
2026-09-30T05:19:43+08:00   FAIL 0004:01:00.0: Non-Volatile memory controller: KIOXIA Corporation NVMe SSD Controller XD8 (rev 01) (prog-if 02 [NVM Express]): LnkSta: Speed 32GT/s, Width x2 (downgraded)
2026-09-30T05:19:43+08:00   WARN PrMo0CPU0EnfEDP0: 2 rows share this sensor name with differing values; review each row
2026-09-30T05:19:43+08:00   WARN PrMo0CPU1EnfEDP0: 2 rows share this sensor name with differing values; review each row
2026-09-30T05:19:43+08:00 Loop 57: starting 3 target(s) concurrently
2026-09-30T05:19:45+08:00 Loop 57: L105-21R_n1 | aux cycle sent
2026-09-30T05:19:45+08:00 Loop 57: L105-21R_n1 | waiting OS boot
2026-09-30T05:19:45+08:00 Loop 57: L105-21R_n3 | aux cycle sent
2026-09-30T05:19:45+08:00 Loop 57: L105-21R_n3 | waiting OS boot
2026-09-30T05:19:45+08:00 Loop 57: L105-21R_n2 | aux cycle sent
2026-09-30T05:19:45+08:00 Loop 57: L105-21R_n2 | waiting OS boot
2026-09-30T05:20:13+08:00 Loop 57: still running — L105-21R_n1: waiting OS boot, L105-21R_n2: waiting OS boot, L105-21R_n3: waiting OS boot
2026-09-30T05:20:43+08:00 Loop 57: still running — L105-21R_n1: waiting OS boot, L105-21R_n2: waiting OS boot, L105-21R_n3: waiting OS boot
2026-09-30T05:21:13+08:00 Loop 57: still running — L105-21R_n1: waiting OS boot, L105-21R_n2: waiting OS boot, L105-21R_n3: waiting OS boot
2026-09-30T05:21:43+08:00 Loop 57: still running — L105-21R_n1: waiting OS boot, L105-21R_n2: waiting OS boot, L105-21R_n3: waiting OS boot
2026-09-30T05:22:13+08:00 Loop 57: still running — L105-21R_n1: waiting OS boot, L105-21R_n2: waiting OS boot, L105-21R_n3: waiting OS boot
2026-09-30T05:22:43+08:00 Loop 57: still running — L105-21R_n1: waiting OS boot, L105-21R_n2: waiting OS boot, L105-21R_n3: waiting OS boot
2026-09-30T05:23:13+08:00 Loop 57: still running — L105-21R_n1: waiting OS boot, L105-21R_n2: waiting OS boot, L105-21R_n3: waiting OS boot
2026-09-30T05:23:43+08:00 Loop 57: still running — L105-21R_n1: waiting OS boot, L105-21R_n2: waiting OS boot, L105-21R_n3: waiting OS boot
2026-09-30T05:24:13+08:00 Loop 57: still running — L105-21R_n1: waiting OS boot, L105-21R_n2: waiting OS boot, L105-21R_n3: waiting OS boot
2026-09-30T05:24:23+08:00 Loop 57: L105-21R_n2 | OS up, system check running
2026-09-30T05:24:23+08:00 Loop 57: L105-21R_n3 | OS up, system check running
2026-09-30T05:24:27+08:00 Loop 57: L105-21R_n1 | OS up, system check running
2026-09-30T05:24:43+08:00 Loop 57: still running — L105-21R_n1: OS up, system check running, L105-21R_n2: OS up, system check running, L105-21R_n3: OS up, system check running
2026-09-30T05:24:44+08:00 Loop 57: L105-21R_n3 | system check done
2026-09-30T05:24:44+08:00 Loop 57: L105-21R_n3 | DONE
2026-09-30T05:24:44+08:00 L105-21R_n3 | LOOP 57 | FAIL
2026-09-30T05:24:44+08:00   FAIL BF4: Expected at least 1; detected 0
2026-09-30T05:24:44+08:00   WARN PrMo0CPU0EnfEDP0: 2 rows share this sensor name with differing values; review each row
2026-09-30T05:24:44+08:00   WARN PrMo0CPU1EnfEDP0: 2 rows share this sensor name with differing values; review each row
2026-09-30T05:24:44+08:00 Loop 57: L105-21R_n2 | system check done
2026-09-30T05:24:44+08:00 Loop 57: L105-21R_n2 | DONE
2026-09-30T05:24:44+08:00 L105-21R_n2 | LOOP 57 | FAIL
2026-09-30T05:24:44+08:00   FAIL BF4: Expected at least 1; detected 0
2026-09-30T05:24:44+08:00   WARN PrMo0CPU0EnfEDP0: 2 rows share this sensor name with differing values; review each row
2026-09-30T05:24:44+08:00   WARN PrMo0CPU1EnfEDP0: 2 rows share this sensor name with differing values; review each row
2026-09-30T05:24:48+08:00 Loop 57: L105-21R_n1 | system check done
2026-09-30T05:24:48+08:00 Loop 57: L105-21R_n1 | DONE
2026-09-30T05:24:48+08:00 L105-21R_n1 | LOOP 57 | FAIL
2026-09-30T05:24:48+08:00   FAIL BF4: Expected at least 1; detected 0
2026-09-30T05:24:48+08:00   FAIL 0004:01:00.0: Non-Volatile memory controller: KIOXIA Corporation NVMe SSD Controller XD8 (rev 01) (prog-if 02 [NVM Express]): LnkSta: Speed 32GT/s, Width x2 (downgraded)
2026-09-30T05:24:48+08:00   WARN PrMo0CPU0EnfEDP0: 2 rows share this sensor name with differing values; review each row
2026-09-30T05:24:48+08:00   WARN PrMo0CPU1EnfEDP0: 2 rows share this sensor name with differing values; review each row
2026-09-30T05:24:48+08:00 Loop 58: starting 3 target(s) concurrently
2026-09-30T05:24:49+08:00 Loop 58: L105-21R_n1 | aux cycle sent
2026-09-30T05:24:49+08:00 Loop 58: L105-21R_n1 | waiting OS boot
2026-09-30T05:24:50+08:00 Loop 58: L105-21R_n3 | aux cycle sent
2026-09-30T05:24:50+08:00 Loop 58: L105-21R_n3 | waiting OS boot
2026-09-30T05:24:50+08:00 Loop 58: L105-21R_n2 | aux cycle sent
2026-09-30T05:24:50+08:00 Loop 58: L105-21R_n2 | waiting OS boot
2026-09-30T05:25:18+08:00 Loop 58: still running — L105-21R_n1: waiting OS boot, L105-21R_n2: waiting OS boot, L105-21R_n3: waiting OS boot
2026-09-30T05:25:48+08:00 Loop 58: still running — L105-21R_n1: waiting OS boot, L105-21R_n2: waiting OS boot, L105-21R_n3: waiting OS boot
2026-09-30T05:26:18+08:00 Loop 58: still running — L105-21R_n1: waiting OS boot, L105-21R_n2: waiting OS boot, L105-21R_n3: waiting OS boot
2026-09-30T05:26:48+08:00 Loop 58: still running — L105-21R_n1: waiting OS boot, L105-21R_n2: waiting OS boot, L105-21R_n3: waiting OS boot
2026-09-30T05:27:18+08:00 Loop 58: still running — L105-21R_n1: waiting OS boot, L105-21R_n2: waiting OS boot, L105-21R_n3: waiting OS boot
2026-09-30T05:27:48+08:00 Loop 58: still running — L105-21R_n1: waiting OS boot, L105-21R_n2: waiting OS boot, L105-21R_n3: waiting OS boot
2026-09-30T05:28:18+08:00 Loop 58: still running — L105-21R_n1: waiting OS boot, L105-21R_n2: waiting OS boot, L105-21R_n3: waiting OS boot
2026-09-30T05:28:48+08:00 Loop 58: still running — L105-21R_n1: waiting OS boot, L105-21R_n2: waiting OS boot, L105-21R_n3: waiting OS boot
2026-09-30T05:29:18+08:00 Loop 58: still running — L105-21R_n1: waiting OS boot, L105-21R_n2: waiting OS boot, L105-21R_n3: waiting OS boot
2026-09-30T05:29:26+08:00 Loop 58: L105-21R_n1 | OS up, system check running
2026-09-30T05:29:30+08:00 Loop 58: L105-21R_n3 | OS up, system check running
2026-09-30T05:29:30+08:00 Loop 58: L105-21R_n2 | OS up, system check running
2026-09-30T05:29:48+08:00 Loop 58: L105-21R_n1 | system check done
2026-09-30T05:29:48+08:00 Loop 58: L105-21R_n1 | DONE
2026-09-30T05:29:48+08:00 L105-21R_n1 | LOOP 58 | FAIL
2026-09-30T05:29:48+08:00   FAIL BF4: Expected at least 1; detected 0
2026-09-30T05:29:48+08:00   FAIL 0004:01:00.0: Non-Volatile memory controller: KIOXIA Corporation NVMe SSD Controller XD8 (rev 01) (prog-if 02 [NVM Express]): LnkSta: Speed 32GT/s, Width x2 (downgraded)
2026-09-30T05:29:48+08:00   WARN PrMo0CPU0EnfEDP0: 2 rows share this sensor name with differing values; review each row
2026-09-30T05:29:48+08:00   WARN PrMo0CPU1EnfEDP0: 2 rows share this sensor name with differing values; review each row
2026-09-30T05:29:50+08:00 Loop 58: L105-21R_n3 | system check done
2026-09-30T05:29:50+08:00 Loop 58: L105-21R_n3 | DONE
2026-09-30T05:29:50+08:00 L105-21R_n3 | LOOP 58 | FAIL
2026-09-30T05:29:50+08:00   FAIL BF4: Expected at least 1; detected 0
2026-09-30T05:29:50+08:00   WARN PrMo0CPU0EnfEDP0: 2 rows share this sensor name with differing values; review each row
2026-09-30T05:29:50+08:00   WARN PrMo0CPU1EnfEDP0: 2 rows share this sensor name with differing values; review each row
2026-09-30T05:29:50+08:00 Loop 58: L105-21R_n2 | system check done
2026-09-30T05:29:50+08:00 Loop 58: L105-21R_n2 | DONE
2026-09-30T05:29:50+08:00 L105-21R_n2 | LOOP 58 | FAIL
2026-09-30T05:29:50+08:00   FAIL BF4: Expected at least 1; detected 0
2026-09-30T05:29:50+08:00   WARN PrMo0CPU0EnfEDP0: 2 rows share this sensor name with differing values; review each row
2026-09-30T05:29:50+08:00   WARN PrMo0CPU1EnfEDP0: 2 rows share this sensor name with differing values; review each row
2026-09-30T05:29:51+08:00 Loop 59: starting 3 target(s) concurrently
2026-09-30T05:29:52+08:00 Loop 59: L105-21R_n2 | aux cycle sent
2026-09-30T05:29:52+08:00 Loop 59: L105-21R_n2 | waiting OS boot
2026-09-30T05:29:52+08:00 Loop 59: L105-21R_n3 | aux cycle sent
2026-09-30T05:29:52+08:00 Loop 59: L105-21R_n3 | waiting OS boot
2026-09-30T05:29:52+08:00 Loop 59: L105-21R_n1 | aux cycle sent
2026-09-30T05:29:52+08:00 Loop 59: L105-21R_n1 | waiting OS boot
2026-09-30T05:30:21+08:00 Loop 59: still running — L105-21R_n1: waiting OS boot, L105-21R_n2: waiting OS boot, L105-21R_n3: waiting OS boot
2026-09-30T05:30:51+08:00 Loop 59: still running — L105-21R_n1: waiting OS boot, L105-21R_n2: waiting OS boot, L105-21R_n3: waiting OS boot
2026-09-30T05:31:21+08:00 Loop 59: still running — L105-21R_n1: waiting OS boot, L105-21R_n2: waiting OS boot, L105-21R_n3: waiting OS boot
2026-09-30T05:31:51+08:00 Loop 59: still running — L105-21R_n1: waiting OS boot, L105-21R_n2: waiting OS boot, L105-21R_n3: waiting OS boot
2026-09-30T05:32:21+08:00 Loop 59: still running — L105-21R_n1: waiting OS boot, L105-21R_n2: waiting OS boot, L105-21R_n3: waiting OS boot
2026-09-30T05:32:51+08:00 Loop 59: still running — L105-21R_n1: waiting OS boot, L105-21R_n2: waiting OS boot, L105-21R_n3: waiting OS boot
2026-09-30T05:33:21+08:00 Loop 59: still running — L105-21R_n1: waiting OS boot, L105-21R_n2: waiting OS boot, L105-21R_n3: waiting OS boot
2026-09-30T05:33:51+08:00 Loop 59: still running — L105-21R_n1: waiting OS boot, L105-21R_n2: waiting OS boot, L105-21R_n3: waiting OS boot
2026-09-30T05:34:21+08:00 Loop 59: still running — L105-21R_n1: waiting OS boot, L105-21R_n2: waiting OS boot, L105-21R_n3: waiting OS boot
2026-09-30T05:34:32+08:00 Loop 59: L105-21R_n2 | OS up, system check running
2026-09-30T05:34:33+08:00 Loop 59: L105-21R_n3 | OS up, system check running
2026-09-30T05:34:51+08:00 Loop 59: still running — L105-21R_n1: waiting OS boot, L105-21R_n2: OS up, system check running, L105-21R_n3: OS up, system check running
2026-09-30T05:34:53+08:00 Loop 59: L105-21R_n2 | system check done
2026-09-30T05:34:53+08:00 Loop 59: L105-21R_n2 | DONE
2026-09-30T05:34:53+08:00 L105-21R_n2 | LOOP 59 | FAIL
2026-09-30T05:34:53+08:00   FAIL BF4: Expected at least 1; detected 0
2026-09-30T05:34:53+08:00   WARN PrMo0CPU0EnfEDP0: 2 rows share this sensor name with differing values; review each row
2026-09-30T05:34:53+08:00   WARN PrMo0CPU1EnfEDP0: 2 rows share this sensor name with differing values; review each row
2026-09-30T05:34:53+08:00 Loop 59: L105-21R_n3 | system check done
2026-09-30T05:34:53+08:00 Loop 59: L105-21R_n3 | DONE
2026-09-30T05:34:53+08:00 L105-21R_n3 | LOOP 59 | FAIL
2026-09-30T05:34:53+08:00   FAIL BF4: Expected at least 1; detected 0
2026-09-30T05:34:53+08:00   WARN PrMo0CPU0EnfEDP0: 2 rows share this sensor name with differing values; review each row
2026-09-30T05:34:53+08:00   WARN PrMo0CPU1EnfEDP0: 2 rows share this sensor name with differing values; review each row
2026-09-30T05:34:59+08:00 Loop 59: L105-21R_n1 | OS up, system check running
2026-09-30T05:35:20+08:00 Loop 59: L105-21R_n1 | system check done
2026-09-30T05:35:20+08:00 Loop 59: L105-21R_n1 | DONE
2026-09-30T05:35:20+08:00 L105-21R_n1 | LOOP 59 | FAIL
2026-09-30T05:35:20+08:00   FAIL BF4: Expected at least 1; detected 0
2026-09-30T05:35:20+08:00   FAIL 0004:01:00.0: Non-Volatile memory controller: KIOXIA Corporation NVMe SSD Controller XD8 (rev 01) (prog-if 02 [NVM Express]): LnkSta: Speed 32GT/s, Width x2 (downgraded)
2026-09-30T05:35:20+08:00   WARN PrMo0CPU0EnfEDP0: 2 rows share this sensor name with differing values; review each row
2026-09-30T05:35:20+08:00   WARN PrMo0CPU1EnfEDP0: 2 rows share this sensor name with differing values; review each row
2026-09-30T05:35:20+08:00 Loop 60: starting 3 target(s) concurrently
2026-09-30T05:35:21+08:00 Loop 60: L105-21R_n1 | aux cycle sent
2026-09-30T05:35:21+08:00 Loop 60: L105-21R_n1 | waiting OS boot
2026-09-30T05:35:21+08:00 Loop 60: L105-21R_n3 | aux cycle sent
2026-09-30T05:35:21+08:00 Loop 60: L105-21R_n3 | waiting OS boot
2026-09-30T05:35:21+08:00 Loop 60: L105-21R_n2 | aux cycle sent
2026-09-30T05:35:21+08:00 Loop 60: L105-21R_n2 | waiting OS boot
2026-09-30T05:35:50+08:00 Loop 60: still running — L105-21R_n1: waiting OS boot, L105-21R_n2: waiting OS boot, L105-21R_n3: waiting OS boot
2026-09-30T05:36:20+08:00 Loop 60: still running — L105-21R_n1: waiting OS boot, L105-21R_n2: waiting OS boot, L105-21R_n3: waiting OS boot
2026-09-30T05:36:50+08:00 Loop 60: still running — L105-21R_n1: waiting OS boot, L105-21R_n2: waiting OS boot, L105-21R_n3: waiting OS boot
2026-09-30T05:37:20+08:00 Loop 60: still running — L105-21R_n1: waiting OS boot, L105-21R_n2: waiting OS boot, L105-21R_n3: waiting OS boot
2026-09-30T05:37:50+08:00 Loop 60: still running — L105-21R_n1: waiting OS boot, L105-21R_n2: waiting OS boot, L105-21R_n3: waiting OS boot
2026-09-30T05:38:20+08:00 Loop 60: still running — L105-21R_n1: waiting OS boot, L105-21R_n2: waiting OS boot, L105-21R_n3: waiting OS boot
2026-09-30T05:38:50+08:00 Loop 60: still running — L105-21R_n1: waiting OS boot, L105-21R_n2: waiting OS boot, L105-21R_n3: waiting OS boot
2026-09-30T05:39:20+08:00 Loop 60: still running — L105-21R_n1: waiting OS boot, L105-21R_n2: waiting OS boot, L105-21R_n3: waiting OS boot
2026-09-30T05:39:50+08:00 Loop 60: still running — L105-21R_n1: waiting OS boot, L105-21R_n2: waiting OS boot, L105-21R_n3: waiting OS boot
2026-09-30T05:39:57+08:00 Loop 60: L105-21R_n1 | OS up, system check running
2026-09-30T05:39:59+08:00 Loop 60: L105-21R_n2 | OS up, system check running
2026-09-30T05:39:59+08:00 Loop 60: L105-21R_n3 | OS up, system check running
2026-09-30T05:40:20+08:00 Loop 60: L105-21R_n1 | system check done
2026-09-30T05:40:20+08:00 Loop 60: L105-21R_n1 | DONE
2026-09-30T05:40:20+08:00 L105-21R_n1 | LOOP 60 | FAIL
2026-09-30T05:40:20+08:00   FAIL BF4: Expected at least 1; detected 0
2026-09-30T05:40:20+08:00   FAIL 0004:01:00.0: Non-Volatile memory controller: KIOXIA Corporation NVMe SSD Controller XD8 (rev 01) (prog-if 02 [NVM Express]): LnkSta: Speed 32GT/s, Width x2 (downgraded)
2026-09-30T05:40:20+08:00   WARN PrMo0CPU0EnfEDP0: 2 rows share this sensor name with differing values; review each row
2026-09-30T05:40:20+08:00   WARN PrMo0CPU1EnfEDP0: 2 rows share this sensor name with differing values; review each row
2026-09-30T05:40:20+08:00 Loop 60: L105-21R_n2 | system check done
2026-09-30T05:40:20+08:00 Loop 60: L105-21R_n2 | DONE
2026-09-30T05:40:20+08:00 L105-21R_n2 | LOOP 60 | FAIL
2026-09-30T05:40:20+08:00   FAIL BF4: Expected at least 1; detected 0
2026-09-30T05:40:20+08:00   WARN PrMo0CPU0EnfEDP0: 2 rows share this sensor name with differing values; review each row
2026-09-30T05:40:20+08:00   WARN PrMo0CPU1EnfEDP0: 2 rows share this sensor name with differing values; review each row
2026-09-30T05:40:21+08:00 Loop 60: L105-21R_n3 | system check done
2026-09-30T05:40:21+08:00 Loop 60: L105-21R_n3 | DONE
2026-09-30T05:40:21+08:00 L105-21R_n3 | LOOP 60 | FAIL
2026-09-30T05:40:21+08:00   FAIL BF4: Expected at least 1; detected 0
2026-09-30T05:40:21+08:00   WARN PrMo0CPU0EnfEDP0: 2 rows share this sensor name with differing values; review each row
2026-09-30T05:40:21+08:00   WARN PrMo0CPU1EnfEDP0: 2 rows share this sensor name with differing values; review each row
2026-09-30T05:40:21+08:00 Loop 61: starting 3 target(s) concurrently
2026-09-30T05:40:22+08:00 Loop 61: L105-21R_n1 | aux cycle sent
2026-09-30T05:40:22+08:00 Loop 61: L105-21R_n1 | waiting OS boot
2026-09-30T05:40:23+08:00 Loop 61: L105-21R_n3 | aux cycle sent
2026-09-30T05:40:23+08:00 Loop 61: L105-21R_n3 | waiting OS boot
2026-09-30T05:40:23+08:00 Loop 61: L105-21R_n2 | aux cycle sent
2026-09-30T05:40:23+08:00 Loop 61: L105-21R_n2 | waiting OS boot
2026-09-30T05:40:51+08:00 Loop 61: still running — L105-21R_n1: waiting OS boot, L105-21R_n2: waiting OS boot, L105-21R_n3: waiting OS boot
2026-09-30T05:41:21+08:00 Loop 61: still running — L105-21R_n1: waiting OS boot, L105-21R_n2: waiting OS boot, L105-21R_n3: waiting OS boot
2026-09-30T05:41:51+08:00 Loop 61: still running — L105-21R_n1: waiting OS boot, L105-21R_n2: waiting OS boot, L105-21R_n3: waiting OS boot
2026-09-30T05:42:21+08:00 Loop 61: still running — L105-21R_n1: waiting OS boot, L105-21R_n2: waiting OS boot, L105-21R_n3: waiting OS boot
2026-09-30T05:42:51+08:00 Loop 61: still running — L105-21R_n1: waiting OS boot, L105-21R_n2: waiting OS boot, L105-21R_n3: waiting OS boot
2026-09-30T05:43:21+08:00 Loop 61: still running — L105-21R_n1: waiting OS boot, L105-21R_n2: waiting OS boot, L105-21R_n3: waiting OS boot
2026-09-30T05:43:51+08:00 Loop 61: still running — L105-21R_n1: waiting OS boot, L105-21R_n2: waiting OS boot, L105-21R_n3: waiting OS boot
2026-09-30T05:44:21+08:00 Loop 61: still running — L105-21R_n1: waiting OS boot, L105-21R_n2: waiting OS boot, L105-21R_n3: waiting OS boot
2026-09-30T05:44:51+08:00 Loop 61: still running — L105-21R_n1: waiting OS boot, L105-21R_n2: waiting OS boot, L105-21R_n3: waiting OS boot
2026-09-30T05:44:57+08:00 Loop 61: L105-21R_n1 | OS up, system check running
2026-09-30T05:45:00+08:00 Loop 61: L105-21R_n2 | OS up, system check running
2026-09-30T05:45:01+08:00 Loop 61: L105-21R_n3 | OS up, system check running
2026-09-30T05:45:19+08:00 Loop 61: L105-21R_n1 | system check done
2026-09-30T05:45:19+08:00 Loop 61: L105-21R_n1 | DONE
2026-09-30T05:45:19+08:00 L105-21R_n1 | LOOP 61 | FAIL
2026-09-30T05:45:19+08:00   FAIL BF4: Expected at least 1; detected 0
2026-09-30T05:45:19+08:00   FAIL 0004:01:00.0: Non-Volatile memory controller: KIOXIA Corporation NVMe SSD Controller XD8 (rev 01) (prog-if 02 [NVM Express]): LnkSta: Speed 32GT/s, Width x2 (downgraded)
2026-09-30T05:45:19+08:00   WARN PrMo0CPU0EnfEDP0: 2 rows share this sensor name with differing values; review each row
2026-09-30T05:45:19+08:00   WARN PrMo0CPU1EnfEDP0: 2 rows share this sensor name with differing values; review each row
2026-09-30T05:45:21+08:00 Loop 61: L105-21R_n2 | system check done
2026-09-30T05:45:21+08:00 Loop 61: L105-21R_n2 | DONE
2026-09-30T05:45:21+08:00 L105-21R_n2 | LOOP 61 | FAIL
2026-09-30T05:45:21+08:00   FAIL BF4: Expected at least 1; detected 0
2026-09-30T05:45:21+08:00   WARN PrMo0CPU0EnfEDP0: 2 rows share this sensor name with differing values; review each row
2026-09-30T05:45:21+08:00   WARN PrMo0CPU1EnfEDP0: 2 rows share this sensor name with differing values; review each row
2026-09-30T05:45:21+08:00 Loop 61: L105-21R_n3 | system check done
2026-09-30T05:45:21+08:00 Loop 61: L105-21R_n3 | DONE
2026-09-30T05:45:21+08:00 L105-21R_n3 | LOOP 61 | FAIL
2026-09-30T05:45:21+08:00   FAIL BF4: Expected at least 1; detected 0
2026-09-30T05:45:21+08:00   WARN PrMo0CPU0EnfEDP0: 2 rows share this sensor name with differing values; review each row
2026-09-30T05:45:21+08:00   WARN PrMo0CPU1EnfEDP0: 2 rows share this sensor name with differing values; review each row
2026-09-30T05:45:22+08:00 Loop 62: starting 3 target(s) concurrently
2026-09-30T05:45:23+08:00 Loop 62: L105-21R_n1 | aux cycle sent
2026-09-30T05:45:23+08:00 Loop 62: L105-21R_n1 | waiting OS boot
2026-09-30T05:45:23+08:00 Loop 62: L105-21R_n2 | aux cycle sent
2026-09-30T05:45:23+08:00 Loop 62: L105-21R_n2 | waiting OS boot
2026-09-30T05:45:23+08:00 Loop 62: L105-21R_n3 | aux cycle sent
2026-09-30T05:45:23+08:00 Loop 62: L105-21R_n3 | waiting OS boot
2026-09-30T05:45:52+08:00 Loop 62: still running — L105-21R_n1: waiting OS boot, L105-21R_n2: waiting OS boot, L105-21R_n3: waiting OS boot
2026-09-30T05:46:22+08:00 Loop 62: still running — L105-21R_n1: waiting OS boot, L105-21R_n2: waiting OS boot, L105-21R_n3: waiting OS boot
2026-09-30T05:46:52+08:00 Loop 62: still running — L105-21R_n1: waiting OS boot, L105-21R_n2: waiting OS boot, L105-21R_n3: waiting OS boot
2026-09-30T05:47:22+08:00 Loop 62: still running — L105-21R_n1: waiting OS boot, L105-21R_n2: waiting OS boot, L105-21R_n3: waiting OS boot
2026-09-30T05:47:52+08:00 Loop 62: still running — L105-21R_n1: waiting OS boot, L105-21R_n2: waiting OS boot, L105-21R_n3: waiting OS boot
2026-09-30T05:48:22+08:00 Loop 62: still running — L105-21R_n1: waiting OS boot, L105-21R_n2: waiting OS boot, L105-21R_n3: waiting OS boot
2026-09-30T05:48:52+08:00 Loop 62: still running — L105-21R_n1: waiting OS boot, L105-21R_n2: waiting OS boot, L105-21R_n3: waiting OS boot
2026-09-30T05:49:22+08:00 Loop 62: still running — L105-21R_n1: waiting OS boot, L105-21R_n2: waiting OS boot, L105-21R_n3: waiting OS boot
2026-09-30T05:49:52+08:00 Loop 62: still running — L105-21R_n1: waiting OS boot, L105-21R_n2: waiting OS boot, L105-21R_n3: waiting OS boot
2026-09-30T05:49:54+08:00 Loop 62: L105-21R_n2 | OS up, system check running
2026-09-30T05:49:59+08:00 Loop 62: L105-21R_n1 | OS up, system check running
2026-09-30T05:50:05+08:00 Loop 62: L105-21R_n3 | OS up, system check running
2026-09-30T05:50:15+08:00 Loop 62: L105-21R_n2 | system check done
2026-09-30T05:50:15+08:00 Loop 62: L105-21R_n2 | DONE
2026-09-30T05:50:15+08:00 L105-21R_n2 | LOOP 62 | FAIL
2026-09-30T05:50:15+08:00   FAIL BF4: Expected at least 1; detected 0
2026-09-30T05:50:15+08:00   WARN PrMo0CPU0EnfEDP0: 2 rows share this sensor name with differing values; review each row
2026-09-30T05:50:15+08:00   WARN PrMo0CPU1EnfEDP0: 2 rows share this sensor name with differing values; review each row
2026-09-30T05:50:20+08:00 Loop 62: L105-21R_n1 | system check done
2026-09-30T05:50:20+08:00 Loop 62: L105-21R_n1 | DONE
2026-09-30T05:50:20+08:00 L105-21R_n1 | LOOP 62 | FAIL
2026-09-30T05:50:20+08:00   FAIL BF4: Expected at least 1; detected 0
2026-09-30T05:50:20+08:00   FAIL 0004:01:00.0: Non-Volatile memory controller: KIOXIA Corporation NVMe SSD Controller XD8 (rev 01) (prog-if 02 [NVM Express]): LnkSta: Speed 32GT/s, Width x2 (downgraded)
2026-09-30T05:50:20+08:00   WARN PrMo0CPU0EnfEDP0: 2 rows share this sensor name with differing values; review each row
2026-09-30T05:50:20+08:00   WARN PrMo0CPU1EnfEDP0: 2 rows share this sensor name with differing values; review each row
2026-09-30T05:50:26+08:00 Loop 62: L105-21R_n3 | system check done
2026-09-30T05:50:26+08:00 Loop 62: L105-21R_n3 | DONE
2026-09-30T05:50:26+08:00 L105-21R_n3 | LOOP 62 | FAIL
2026-09-30T05:50:26+08:00   FAIL BF4: Expected at least 1; detected 0
2026-09-30T05:50:26+08:00   WARN PrMo0CPU0EnfEDP0: 2 rows share this sensor name with differing values; review each row
2026-09-30T05:50:26+08:00   WARN PrMo0CPU1EnfEDP0: 2 rows share this sensor name with differing values; review each row
2026-09-30T05:50:26+08:00 Loop 63: starting 3 target(s) concurrently
2026-09-30T05:50:27+08:00 Loop 63: L105-21R_n1 | aux cycle sent
2026-09-30T05:50:27+08:00 Loop 63: L105-21R_n1 | waiting OS boot
2026-09-30T05:50:27+08:00 Loop 63: L105-21R_n2 | aux cycle sent
2026-09-30T05:50:27+08:00 Loop 63: L105-21R_n2 | waiting OS boot
2026-09-30T05:50:27+08:00 Loop 63: L105-21R_n3 | aux cycle sent
2026-09-30T05:50:27+08:00 Loop 63: L105-21R_n3 | waiting OS boot
2026-09-30T05:50:56+08:00 Loop 63: still running — L105-21R_n1: waiting OS boot, L105-21R_n2: waiting OS boot, L105-21R_n3: waiting OS boot
2026-09-30T05:51:26+08:00 Loop 63: still running — L105-21R_n1: waiting OS boot, L105-21R_n2: waiting OS boot, L105-21R_n3: waiting OS boot
2026-09-30T05:51:56+08:00 Loop 63: still running — L105-21R_n1: waiting OS boot, L105-21R_n2: waiting OS boot, L105-21R_n3: waiting OS boot
2026-09-30T05:52:26+08:00 Loop 63: still running — L105-21R_n1: waiting OS boot, L105-21R_n2: waiting OS boot, L105-21R_n3: waiting OS boot
2026-09-30T05:52:56+08:00 Loop 63: still running — L105-21R_n1: waiting OS boot, L105-21R_n2: waiting OS boot, L105-21R_n3: waiting OS boot
2026-09-30T05:53:26+08:00 Loop 63: still running — L105-21R_n1: waiting OS boot, L105-21R_n2: waiting OS boot, L105-21R_n3: waiting OS boot
2026-09-30T05:53:56+08:00 Loop 63: still running — L105-21R_n1: waiting OS boot, L105-21R_n2: waiting OS boot, L105-21R_n3: waiting OS boot
2026-09-30T05:54:26+08:00 Loop 63: still running — L105-21R_n1: waiting OS boot, L105-21R_n2: waiting OS boot, L105-21R_n3: waiting OS boot
2026-09-30T05:54:56+08:00 Loop 63: still running — L105-21R_n1: waiting OS boot, L105-21R_n2: waiting OS boot, L105-21R_n3: waiting OS boot
2026-09-30T05:55:00+08:00 Loop 63: L105-21R_n1 | OS up, system check running
2026-09-30T05:55:05+08:00 Loop 63: L105-21R_n2 | OS up, system check running
2026-09-30T05:55:05+08:00 Loop 63: L105-21R_n3 | OS up, system check running
2026-09-30T05:55:22+08:00 Loop 63: L105-21R_n1 | system check done
2026-09-30T05:55:22+08:00 Loop 63: L105-21R_n1 | DONE
2026-09-30T05:55:22+08:00 L105-21R_n1 | LOOP 63 | FAIL
2026-09-30T05:55:22+08:00   FAIL BF4: Expected at least 1; detected 0
2026-09-30T05:55:22+08:00   FAIL 0004:01:00.0: Non-Volatile memory controller: KIOXIA Corporation NVMe SSD Controller XD8 (rev 01) (prog-if 02 [NVM Express]): LnkSta: Speed 32GT/s, Width x2 (downgraded)
2026-09-30T05:55:22+08:00   WARN PrMo0CPU0EnfEDP0: 2 rows share this sensor name with differing values; review each row
2026-09-30T05:55:22+08:00   WARN PrMo0CPU1EnfEDP0: 2 rows share this sensor name with differing values; review each row
2026-09-30T05:55:26+08:00 Loop 63: L105-21R_n2 | system check done
2026-09-30T05:55:26+08:00 Loop 63: L105-21R_n2 | DONE
2026-09-30T05:55:26+08:00 L105-21R_n2 | LOOP 63 | FAIL
2026-09-30T05:55:26+08:00   FAIL BF4: Expected at least 1; detected 0
2026-09-30T05:55:26+08:00   WARN PrMo0CPU0EnfEDP0: 2 rows share this sensor name with differing values; review each row
2026-09-30T05:55:26+08:00   WARN PrMo0CPU1EnfEDP0: 2 rows share this sensor name with differing values; review each row
2026-09-30T05:55:27+08:00 Loop 63: L105-21R_n3 | system check done
2026-09-30T05:55:27+08:00 Loop 63: L105-21R_n3 | DONE
2026-09-30T05:55:27+08:00 L105-21R_n3 | LOOP 63 | FAIL
2026-09-30T05:55:27+08:00   FAIL BF4: Expected at least 1; detected 0
2026-09-30T05:55:27+08:00   WARN PrMo0CPU0EnfEDP0: 2 rows share this sensor name with differing values; review each row
2026-09-30T05:55:27+08:00   WARN PrMo0CPU1EnfEDP0: 2 rows share this sensor name with differing values; review each row
2026-09-30T05:55:27+08:00 Loop 64: starting 3 target(s) concurrently
2026-09-30T05:55:28+08:00 Loop 64: L105-21R_n1 | aux cycle sent
2026-09-30T05:55:28+08:00 Loop 64: L105-21R_n1 | waiting OS boot
2026-09-30T05:55:28+08:00 Loop 64: L105-21R_n2 | aux cycle sent
2026-09-30T05:55:28+08:00 Loop 64: L105-21R_n2 | waiting OS boot
2026-09-30T05:55:28+08:00 Loop 64: L105-21R_n3 | aux cycle sent
2026-09-30T05:55:28+08:00 Loop 64: L105-21R_n3 | waiting OS boot
2026-09-30T05:55:57+08:00 Loop 64: still running — L105-21R_n1: waiting OS boot, L105-21R_n2: waiting OS boot, L105-21R_n3: waiting OS boot
2026-09-30T05:56:27+08:00 Loop 64: still running — L105-21R_n1: waiting OS boot, L105-21R_n2: waiting OS boot, L105-21R_n3: waiting OS boot
2026-09-30T05:56:57+08:00 Loop 64: still running — L105-21R_n1: waiting OS boot, L105-21R_n2: waiting OS boot, L105-21R_n3: waiting OS boot
2026-09-30T05:57:27+08:00 Loop 64: still running — L105-21R_n1: waiting OS boot, L105-21R_n2: waiting OS boot, L105-21R_n3: waiting OS boot
2026-09-30T05:57:57+08:00 Loop 64: still running — L105-21R_n1: waiting OS boot, L105-21R_n2: waiting OS boot, L105-21R_n3: waiting OS boot
2026-09-30T05:58:27+08:00 Loop 64: still running — L105-21R_n1: waiting OS boot, L105-21R_n2: waiting OS boot, L105-21R_n3: waiting OS boot
2026-09-30T05:58:57+08:00 Loop 64: still running — L105-21R_n1: waiting OS boot, L105-21R_n2: waiting OS boot, L105-21R_n3: waiting OS boot
2026-09-30T05:59:27+08:00 Loop 64: still running — L105-21R_n1: waiting OS boot, L105-21R_n2: waiting OS boot, L105-21R_n3: waiting OS boot
2026-09-30T05:59:57+08:00 Loop 64: still running — L105-21R_n1: waiting OS boot, L105-21R_n2: waiting OS boot, L105-21R_n3: waiting OS boot
2026-09-30T06:00:06+08:00 Loop 64: L105-21R_n1 | OS up, system check running
2026-09-30T06:00:08+08:00 Loop 64: L105-21R_n3 | OS up, system check running
2026-09-30T06:00:08+08:00 Loop 64: L105-21R_n2 | OS up, system check running
2026-09-30T06:00:27+08:00 Loop 64: L105-21R_n1 | system check done
2026-09-30T06:00:27+08:00 Loop 64: L105-21R_n1 | DONE
2026-09-30T06:00:27+08:00 L105-21R_n1 | LOOP 64 | FAIL
2026-09-30T06:00:27+08:00   FAIL BF4: Expected at least 1; detected 0
2026-09-30T06:00:27+08:00   FAIL 0004:01:00.0: Non-Volatile memory controller: KIOXIA Corporation NVMe SSD Controller XD8 (rev 01) (prog-if 02 [NVM Express]): LnkSta: Speed 32GT/s, Width x2 (downgraded)
2026-09-30T06:00:27+08:00   WARN PrMo0CPU0EnfEDP0: 2 rows share this sensor name with differing values; review each row
2026-09-30T06:00:27+08:00   WARN PrMo0CPU1EnfEDP0: 2 rows share this sensor name with differing values; review each row
2026-09-30T06:00:29+08:00 Loop 64: L105-21R_n3 | system check done
2026-09-30T06:00:29+08:00 Loop 64: L105-21R_n3 | DONE
2026-09-30T06:00:29+08:00 L105-21R_n3 | LOOP 64 | FAIL
2026-09-30T06:00:29+08:00   FAIL BF4: Expected at least 1; detected 0
2026-09-30T06:00:29+08:00   WARN PrMo0CPU0EnfEDP0: 2 rows share this sensor name with differing values; review each row
2026-09-30T06:00:29+08:00   WARN PrMo0CPU1EnfEDP0: 2 rows share this sensor name with differing values; review each row
2026-09-30T06:00:29+08:00 Loop 64: L105-21R_n2 | system check done
2026-09-30T06:00:29+08:00 Loop 64: L105-21R_n2 | DONE
2026-09-30T06:00:29+08:00 L105-21R_n2 | LOOP 64 | FAIL
2026-09-30T06:00:29+08:00   FAIL BF4: Expected at least 1; detected 0
2026-09-30T06:00:29+08:00   WARN PrMo0CPU0EnfEDP0: 2 rows share this sensor name with differing values; review each row
2026-09-30T06:00:29+08:00   WARN PrMo0CPU1EnfEDP0: 2 rows share this sensor name with differing values; review each row
2026-09-30T06:00:30+08:00 Loop 65: starting 3 target(s) concurrently
2026-09-30T06:00:31+08:00 Loop 65: L105-21R_n1 | aux cycle sent
2026-09-30T06:00:31+08:00 Loop 65: L105-21R_n1 | waiting OS boot
2026-09-30T06:00:31+08:00 Loop 65: L105-21R_n3 | aux cycle sent
2026-09-30T06:00:31+08:00 Loop 65: L105-21R_n3 | waiting OS boot
2026-09-30T06:00:31+08:00 Loop 65: L105-21R_n2 | aux cycle sent
2026-09-30T06:00:31+08:00 Loop 65: L105-21R_n2 | waiting OS boot
2026-09-30T06:01:00+08:00 Loop 65: still running — L105-21R_n1: waiting OS boot, L105-21R_n2: waiting OS boot, L105-21R_n3: waiting OS boot
2026-09-30T06:01:30+08:00 Loop 65: still running — L105-21R_n1: waiting OS boot, L105-21R_n2: waiting OS boot, L105-21R_n3: waiting OS boot
2026-09-30T06:02:00+08:00 Loop 65: still running — L105-21R_n1: waiting OS boot, L105-21R_n2: waiting OS boot, L105-21R_n3: waiting OS boot
2026-09-30T06:02:30+08:00 Loop 65: still running — L105-21R_n1: waiting OS boot, L105-21R_n2: waiting OS boot, L105-21R_n3: waiting OS boot
2026-09-30T06:03:00+08:00 Loop 65: still running — L105-21R_n1: waiting OS boot, L105-21R_n2: waiting OS boot, L105-21R_n3: waiting OS boot
2026-09-30T06:03:30+08:00 Loop 65: still running — L105-21R_n1: waiting OS boot, L105-21R_n2: waiting OS boot, L105-21R_n3: waiting OS boot
2026-09-30T06:04:00+08:00 Loop 65: still running — L105-21R_n1: waiting OS boot, L105-21R_n2: waiting OS boot, L105-21R_n3: waiting OS boot
2026-09-30T06:04:30+08:00 Loop 65: still running — L105-21R_n1: waiting OS boot, L105-21R_n2: waiting OS boot, L105-21R_n3: waiting OS boot
2026-09-30T06:05:00+08:00 Loop 65: still running — L105-21R_n1: waiting OS boot, L105-21R_n2: waiting OS boot, L105-21R_n3: waiting OS boot
2026-09-30T06:05:08+08:00 Loop 65: L105-21R_n2 | OS up, system check running
2026-09-30T06:05:10+08:00 Loop 65: L105-21R_n3 | OS up, system check running
2026-09-30T06:05:11+08:00 Loop 65: L105-21R_n1 | OS up, system check running
2026-09-30T06:05:29+08:00 Loop 65: L105-21R_n2 | system check done
2026-09-30T06:05:29+08:00 Loop 65: L105-21R_n2 | DONE
2026-09-30T06:05:29+08:00 L105-21R_n2 | LOOP 65 | FAIL
2026-09-30T06:05:29+08:00   FAIL BF4: Expected at least 1; detected 0
2026-09-30T06:05:29+08:00   WARN PrMo0CPU0EnfEDP0: 2 rows share this sensor name with differing values; review each row
2026-09-30T06:05:29+08:00   WARN PrMo0CPU1EnfEDP0: 2 rows share this sensor name with differing values; review each row
2026-09-30T06:05:30+08:00 Loop 65: L105-21R_n3 | system check done
2026-09-30T06:05:30+08:00 Loop 65: L105-21R_n3 | DONE
2026-09-30T06:05:30+08:00 L105-21R_n3 | LOOP 65 | FAIL
2026-09-30T06:05:30+08:00   FAIL BF4: Expected at least 1; detected 0
2026-09-30T06:05:30+08:00   WARN PrMo0CPU0EnfEDP0: 2 rows share this sensor name with differing values; review each row
2026-09-30T06:05:30+08:00   WARN PrMo0CPU1EnfEDP0: 2 rows share this sensor name with differing values; review each row
2026-09-30T06:05:32+08:00 Loop 65: L105-21R_n1 | system check done
2026-09-30T06:05:32+08:00 Loop 65: L105-21R_n1 | DONE
2026-09-30T06:05:32+08:00 L105-21R_n1 | LOOP 65 | FAIL
2026-09-30T06:05:32+08:00   FAIL BF4: Expected at least 1; detected 0
2026-09-30T06:05:32+08:00   FAIL 0004:01:00.0: Non-Volatile memory controller: KIOXIA Corporation NVMe SSD Controller XD8 (rev 01) (prog-if 02 [NVM Express]): LnkSta: Speed 32GT/s, Width x2 (downgraded)
2026-09-30T06:05:32+08:00   WARN PrMo0CPU0EnfEDP0: 2 rows share this sensor name with differing values; review each row
2026-09-30T06:05:32+08:00   WARN PrMo0CPU1EnfEDP0: 2 rows share this sensor name with differing values; review each row
2026-09-30T06:05:33+08:00 Loop 66: starting 3 target(s) concurrently
2026-09-30T06:05:34+08:00 Loop 66: L105-21R_n1 | aux cycle sent
2026-09-30T06:05:34+08:00 Loop 66: L105-21R_n1 | waiting OS boot
2026-09-30T06:05:34+08:00 Loop 66: L105-21R_n3 | aux cycle sent
2026-09-30T06:05:34+08:00 Loop 66: L105-21R_n3 | waiting OS boot
2026-09-30T06:05:34+08:00 Loop 66: L105-21R_n2 | aux cycle sent
2026-09-30T06:05:34+08:00 Loop 66: L105-21R_n2 | waiting OS boot
2026-09-30T06:06:03+08:00 Loop 66: still running — L105-21R_n1: waiting OS boot, L105-21R_n2: waiting OS boot, L105-21R_n3: waiting OS boot
2026-09-30T06:06:33+08:00 Loop 66: still running — L105-21R_n1: waiting OS boot, L105-21R_n2: waiting OS boot, L105-21R_n3: waiting OS boot
2026-09-30T06:07:03+08:00 Loop 66: still running — L105-21R_n1: waiting OS boot, L105-21R_n2: waiting OS boot, L105-21R_n3: waiting OS boot
2026-09-30T06:07:33+08:00 Loop 66: still running — L105-21R_n1: waiting OS boot, L105-21R_n2: waiting OS boot, L105-21R_n3: waiting OS boot
2026-09-30T06:08:03+08:00 Loop 66: still running — L105-21R_n1: waiting OS boot, L105-21R_n2: waiting OS boot, L105-21R_n3: waiting OS boot
2026-09-30T06:08:33+08:00 Loop 66: still running — L105-21R_n1: waiting OS boot, L105-21R_n2: waiting OS boot, L105-21R_n3: waiting OS boot
2026-09-30T06:09:03+08:00 Loop 66: still running — L105-21R_n1: waiting OS boot, L105-21R_n2: waiting OS boot, L105-21R_n3: waiting OS boot
2026-09-30T06:09:33+08:00 Loop 66: still running — L105-21R_n1: waiting OS boot, L105-21R_n2: waiting OS boot, L105-21R_n3: waiting OS boot
2026-09-30T06:10:03+08:00 Loop 66: still running — L105-21R_n1: waiting OS boot, L105-21R_n2: waiting OS boot, L105-21R_n3: waiting OS boot
2026-09-30T06:10:08+08:00 Loop 66: L105-21R_n1 | OS up, system check running
2026-09-30T06:10:14+08:00 Loop 66: L105-21R_n2 | OS up, system check running
2026-09-30T06:10:14+08:00 Loop 66: L105-21R_n3 | OS up, system check running
2026-09-30T06:10:30+08:00 Loop 66: L105-21R_n1 | system check done
2026-09-30T06:10:30+08:00 Loop 66: L105-21R_n1 | DONE
2026-09-30T06:10:30+08:00 L105-21R_n1 | LOOP 66 | FAIL
2026-09-30T06:10:30+08:00   FAIL BF4: Expected at least 1; detected 0
2026-09-30T06:10:30+08:00   FAIL 0004:01:00.0: Non-Volatile memory controller: KIOXIA Corporation NVMe SSD Controller XD8 (rev 01) (prog-if 02 [NVM Express]): LnkSta: Speed 32GT/s, Width x2 (downgraded)
2026-09-30T06:10:30+08:00   WARN PrMo0CPU0EnfEDP0: 2 rows share this sensor name with differing values; review each row
2026-09-30T06:10:30+08:00   WARN PrMo0CPU1EnfEDP0: 2 rows share this sensor name with differing values; review each row
2026-09-30T06:10:34+08:00 Loop 66: L105-21R_n3 | system check done
2026-09-30T06:10:34+08:00 Loop 66: L105-21R_n3 | DONE
2026-09-30T06:10:34+08:00 L105-21R_n3 | LOOP 66 | FAIL
2026-09-30T06:10:34+08:00   FAIL BF4: Expected at least 1; detected 0
2026-09-30T06:10:34+08:00   WARN PrMo0CPU0EnfEDP0: 2 rows share this sensor name with differing values; review each row
2026-09-30T06:10:34+08:00   WARN PrMo0CPU1EnfEDP0: 2 rows share this sensor name with differing values; review each row
2026-09-30T06:10:34+08:00 Loop 66: L105-21R_n2 | system check done
2026-09-30T06:10:34+08:00 Loop 66: L105-21R_n2 | DONE
2026-09-30T06:10:34+08:00 L105-21R_n2 | LOOP 66 | FAIL
2026-09-30T06:10:34+08:00   FAIL BF4: Expected at least 1; detected 0
2026-09-30T06:10:34+08:00   WARN PrMo0CPU0EnfEDP0: 2 rows share this sensor name with differing values; review each row
2026-09-30T06:10:34+08:00   WARN PrMo0CPU1EnfEDP0: 2 rows share this sensor name with differing values; review each row
2026-09-30T06:10:35+08:00 Loop 67: starting 3 target(s) concurrently
2026-09-30T06:10:36+08:00 Loop 67: L105-21R_n1 | aux cycle sent
2026-09-30T06:10:36+08:00 Loop 67: L105-21R_n1 | waiting OS boot
2026-09-30T06:10:36+08:00 Loop 67: L105-21R_n3 | aux cycle sent
2026-09-30T06:10:36+08:00 Loop 67: L105-21R_n3 | waiting OS boot
2026-09-30T06:10:36+08:00 Loop 67: L105-21R_n2 | aux cycle sent
2026-09-30T06:10:36+08:00 Loop 67: L105-21R_n2 | waiting OS boot
2026-09-30T06:11:05+08:00 Loop 67: still running — L105-21R_n1: waiting OS boot, L105-21R_n2: waiting OS boot, L105-21R_n3: waiting OS boot
2026-09-30T06:11:35+08:00 Loop 67: still running — L105-21R_n1: waiting OS boot, L105-21R_n2: waiting OS boot, L105-21R_n3: waiting OS boot
2026-09-30T06:12:05+08:00 Loop 67: still running — L105-21R_n1: waiting OS boot, L105-21R_n2: waiting OS boot, L105-21R_n3: waiting OS boot
2026-09-30T06:12:35+08:00 Loop 67: still running — L105-21R_n1: waiting OS boot, L105-21R_n2: waiting OS boot, L105-21R_n3: waiting OS boot
2026-09-30T06:13:05+08:00 Loop 67: still running — L105-21R_n1: waiting OS boot, L105-21R_n2: waiting OS boot, L105-21R_n3: waiting OS boot
2026-09-30T06:13:35+08:00 Loop 67: still running — L105-21R_n1: waiting OS boot, L105-21R_n2: waiting OS boot, L105-21R_n3: waiting OS boot
2026-09-30T06:14:05+08:00 Loop 67: still running — L105-21R_n1: waiting OS boot, L105-21R_n2: waiting OS boot, L105-21R_n3: waiting OS boot
2026-09-30T06:14:35+08:00 Loop 67: still running — L105-21R_n1: waiting OS boot, L105-21R_n2: waiting OS boot, L105-21R_n3: waiting OS boot
2026-09-30T06:15:05+08:00 Loop 67: still running — L105-21R_n1: waiting OS boot, L105-21R_n2: waiting OS boot, L105-21R_n3: waiting OS boot
2026-09-30T06:15:10+08:00 Loop 67: L105-21R_n1 | OS up, system check running
2026-09-30T06:15:14+08:00 Loop 67: L105-21R_n2 | OS up, system check running
2026-09-30T06:15:14+08:00 Loop 67: L105-21R_n3 | OS up, system check running
2026-09-30T06:15:31+08:00 Loop 67: L105-21R_n1 | system check done
2026-09-30T06:15:31+08:00 Loop 67: L105-21R_n1 | DONE
2026-09-30T06:15:31+08:00 L105-21R_n1 | LOOP 67 | FAIL
2026-09-30T06:15:31+08:00   FAIL BF4: Expected at least 1; detected 0
2026-09-30T06:15:31+08:00   FAIL 0004:01:00.0: Non-Volatile memory controller: KIOXIA Corporation NVMe SSD Controller XD8 (rev 01) (prog-if 02 [NVM Express]): LnkSta: Speed 32GT/s, Width x2 (downgraded)
2026-09-30T06:15:31+08:00   WARN PrMo0CPU0EnfEDP0: 2 rows share this sensor name with differing values; review each row
2026-09-30T06:15:31+08:00   WARN PrMo0CPU1EnfEDP0: 2 rows share this sensor name with differing values; review each row
2026-09-30T06:15:35+08:00 Loop 67: L105-21R_n3 | system check done
2026-09-30T06:15:35+08:00 Loop 67: L105-21R_n3 | DONE
2026-09-30T06:15:35+08:00 L105-21R_n3 | LOOP 67 | FAIL
2026-09-30T06:15:35+08:00   FAIL BF4: Expected at least 1; detected 0
2026-09-30T06:15:35+08:00   WARN PrMo0CPU0EnfEDP0: 2 rows share this sensor name with differing values; review each row
2026-09-30T06:15:35+08:00   WARN PrMo0CPU1EnfEDP0: 2 rows share this sensor name with differing values; review each row
2026-09-30T06:15:35+08:00 Loop 67: L105-21R_n2 | system check done
2026-09-30T06:15:35+08:00 Loop 67: L105-21R_n2 | DONE
2026-09-30T06:15:35+08:00 L105-21R_n2 | LOOP 67 | FAIL
2026-09-30T06:15:35+08:00   FAIL BF4: Expected at least 1; detected 0
2026-09-30T06:15:35+08:00   WARN PrMo0CPU0EnfEDP0: 2 rows share this sensor name with differing values; review each row
2026-09-30T06:15:35+08:00   WARN PrMo0CPU1EnfEDP0: 2 rows share this sensor name with differing values; review each row
2026-09-30T06:15:36+08:00 Loop 68: starting 3 target(s) concurrently
2026-09-30T06:15:37+08:00 Loop 68: L105-21R_n3 | aux cycle sent
2026-09-30T06:15:37+08:00 Loop 68: L105-21R_n3 | waiting OS boot
2026-09-30T06:15:37+08:00 Loop 68: L105-21R_n2 | aux cycle sent
2026-09-30T06:15:37+08:00 Loop 68: L105-21R_n2 | waiting OS boot
2026-09-30T06:15:37+08:00 Loop 68: L105-21R_n1 | aux cycle sent
2026-09-30T06:15:37+08:00 Loop 68: L105-21R_n1 | waiting OS boot
2026-09-30T06:16:06+08:00 Loop 68: still running — L105-21R_n1: waiting OS boot, L105-21R_n2: waiting OS boot, L105-21R_n3: waiting OS boot
2026-09-30T06:16:36+08:00 Loop 68: still running — L105-21R_n1: waiting OS boot, L105-21R_n2: waiting OS boot, L105-21R_n3: waiting OS boot
2026-09-30T06:17:06+08:00 Loop 68: still running — L105-21R_n1: waiting OS boot, L105-21R_n2: waiting OS boot, L105-21R_n3: waiting OS boot
2026-09-30T06:17:36+08:00 Loop 68: still running — L105-21R_n1: waiting OS boot, L105-21R_n2: waiting OS boot, L105-21R_n3: waiting OS boot
2026-09-30T06:18:06+08:00 Loop 68: still running — L105-21R_n1: waiting OS boot, L105-21R_n2: waiting OS boot, L105-21R_n3: waiting OS boot
2026-09-30T06:18:36+08:00 Loop 68: still running — L105-21R_n1: waiting OS boot, L105-21R_n2: waiting OS boot, L105-21R_n3: waiting OS boot
2026-09-30T06:19:06+08:00 Loop 68: still running — L105-21R_n1: waiting OS boot, L105-21R_n2: waiting OS boot, L105-21R_n3: waiting OS boot
2026-09-30T06:19:36+08:00 Loop 68: still running — L105-21R_n1: waiting OS boot, L105-21R_n2: waiting OS boot, L105-21R_n3: waiting OS boot
2026-09-30T06:20:06+08:00 Loop 68: still running — L105-21R_n1: waiting OS boot, L105-21R_n2: waiting OS boot, L105-21R_n3: waiting OS boot
2026-09-30T06:20:10+08:00 Loop 68: L105-21R_n1 | OS up, system check running
2026-09-30T06:20:17+08:00 Loop 68: L105-21R_n2 | OS up, system check running
2026-09-30T06:20:18+08:00 Loop 68: L105-21R_n3 | OS up, system check running
2026-09-30T06:20:32+08:00 Loop 68: L105-21R_n1 | system check done
2026-09-30T06:20:32+08:00 Loop 68: L105-21R_n1 | DONE
2026-09-30T06:20:32+08:00 L105-21R_n1 | LOOP 68 | FAIL
2026-09-30T06:20:32+08:00   FAIL BF4: Expected at least 1; detected 0
2026-09-30T06:20:32+08:00   FAIL 0004:01:00.0: Non-Volatile memory controller: KIOXIA Corporation NVMe SSD Controller XD8 (rev 01) (prog-if 02 [NVM Express]): LnkSta: Speed 32GT/s, Width x2 (downgraded)
2026-09-30T06:20:32+08:00   WARN PrMo0CPU0EnfEDP0: 2 rows share this sensor name with differing values; review each row
2026-09-30T06:20:32+08:00   WARN PrMo0CPU1EnfEDP0: 2 rows share this sensor name with differing values; review each row
2026-09-30T06:20:38+08:00 Loop 68: L105-21R_n2 | system check done
2026-09-30T06:20:38+08:00 Loop 68: L105-21R_n2 | DONE
2026-09-30T06:20:38+08:00 L105-21R_n2 | LOOP 68 | FAIL
2026-09-30T06:20:38+08:00   FAIL BF4: Expected at least 1; detected 0
2026-09-30T06:20:38+08:00   WARN PrMo0CPU0EnfEDP0: 2 rows share this sensor name with differing values; review each row
2026-09-30T06:20:38+08:00   WARN PrMo0CPU1EnfEDP0: 2 rows share this sensor name with differing values; review each row
2026-09-30T06:20:39+08:00 Loop 68: L105-21R_n3 | system check done
2026-09-30T06:20:39+08:00 Loop 68: L105-21R_n3 | DONE
2026-09-30T06:20:39+08:00 L105-21R_n3 | LOOP 68 | FAIL
2026-09-30T06:20:39+08:00   FAIL BF4: Expected at least 1; detected 0
2026-09-30T06:20:39+08:00   WARN PrMo0CPU0EnfEDP0: 2 rows share this sensor name with differing values; review each row
2026-09-30T06:20:39+08:00   WARN PrMo0CPU1EnfEDP0: 2 rows share this sensor name with differing values; review each row
2026-09-30T06:20:39+08:00 Loop 69: starting 3 target(s) concurrently
2026-09-30T06:20:40+08:00 Loop 69: L105-21R_n3 | aux cycle sent
2026-09-30T06:20:40+08:00 Loop 69: L105-21R_n3 | waiting OS boot
2026-09-30T06:20:40+08:00 Loop 69: L105-21R_n1 | aux cycle sent
2026-09-30T06:20:40+08:00 Loop 69: L105-21R_n1 | waiting OS boot
2026-09-30T06:20:40+08:00 Loop 69: L105-21R_n2 | aux cycle sent
2026-09-30T06:20:40+08:00 Loop 69: L105-21R_n2 | waiting OS boot
2026-09-30T06:21:09+08:00 Loop 69: still running — L105-21R_n1: waiting OS boot, L105-21R_n2: waiting OS boot, L105-21R_n3: waiting OS boot
2026-09-30T06:21:39+08:00 Loop 69: still running — L105-21R_n1: waiting OS boot, L105-21R_n2: waiting OS boot, L105-21R_n3: waiting OS boot
2026-09-30T06:22:09+08:00 Loop 69: still running — L105-21R_n1: waiting OS boot, L105-21R_n2: waiting OS boot, L105-21R_n3: waiting OS boot
2026-09-30T06:22:39+08:00 Loop 69: still running — L105-21R_n1: waiting OS boot, L105-21R_n2: waiting OS boot, L105-21R_n3: waiting OS boot
2026-09-30T06:23:09+08:00 Loop 69: still running — L105-21R_n1: waiting OS boot, L105-21R_n2: waiting OS boot, L105-21R_n3: waiting OS boot
2026-09-30T06:23:39+08:00 Loop 69: still running — L105-21R_n1: waiting OS boot, L105-21R_n2: waiting OS boot, L105-21R_n3: waiting OS boot
2026-09-30T06:24:09+08:00 Loop 69: still running — L105-21R_n1: waiting OS boot, L105-21R_n2: waiting OS boot, L105-21R_n3: waiting OS boot
2026-09-30T06:24:39+08:00 Loop 69: still running — L105-21R_n1: waiting OS boot, L105-21R_n2: waiting OS boot, L105-21R_n3: waiting OS boot
2026-09-30T06:25:09+08:00 Loop 69: still running — L105-21R_n1: waiting OS boot, L105-21R_n2: waiting OS boot, L105-21R_n3: waiting OS boot
2026-09-30T06:25:20+08:00 Loop 69: L105-21R_n2 | OS up, system check running
2026-09-30T06:25:22+08:00 Loop 69: L105-21R_n3 | OS up, system check running
2026-09-30T06:25:27+08:00 Loop 69: L105-21R_n1 | OS up, system check running
2026-09-30T06:25:39+08:00 Loop 69: still running — L105-21R_n1: OS up, system check running, L105-21R_n2: OS up, system check running, L105-21R_n3: OS up, system check running
2026-09-30T06:25:41+08:00 Loop 69: L105-21R_n2 | system check done
2026-09-30T06:25:41+08:00 Loop 69: L105-21R_n2 | DONE
2026-09-30T06:25:41+08:00 L105-21R_n2 | LOOP 69 | FAIL
2026-09-30T06:25:41+08:00   FAIL BF4: Expected at least 1; detected 0
2026-09-30T06:25:41+08:00   WARN PrMo0CPU0EnfEDP0: 2 rows share this sensor name with differing values; review each row
2026-09-30T06:25:41+08:00   WARN PrMo0CPU1EnfEDP0: 2 rows share this sensor name with differing values; review each row
2026-09-30T06:25:42+08:00 Loop 69: L105-21R_n3 | system check done
2026-09-30T06:25:42+08:00 Loop 69: L105-21R_n3 | DONE
2026-09-30T06:25:42+08:00 L105-21R_n3 | LOOP 69 | FAIL
2026-09-30T06:25:42+08:00   FAIL BF4: Expected at least 1; detected 0
2026-09-30T06:25:42+08:00   WARN PrMo0CPU0EnfEDP0: 2 rows share this sensor name with differing values; review each row
2026-09-30T06:25:42+08:00   WARN PrMo0CPU1EnfEDP0: 2 rows share this sensor name with differing values; review each row
2026-09-30T06:25:48+08:00 Loop 69: L105-21R_n1 | system check done
2026-09-30T06:25:48+08:00 Loop 69: L105-21R_n1 | DONE
2026-09-30T06:25:48+08:00 L105-21R_n1 | LOOP 69 | FAIL
2026-09-30T06:25:48+08:00   FAIL BF4: Expected at least 1; detected 0
2026-09-30T06:25:48+08:00   FAIL 0004:01:00.0: Non-Volatile memory controller: KIOXIA Corporation NVMe SSD Controller XD8 (rev 01) (prog-if 02 [NVM Express]): LnkSta: Speed 32GT/s, Width x2 (downgraded)
2026-09-30T06:25:48+08:00   WARN PrMo0CPU0EnfEDP0: 2 rows share this sensor name with differing values; review each row
2026-09-30T06:25:48+08:00   WARN PrMo0CPU1EnfEDP0: 2 rows share this sensor name with differing values; review each row
2026-09-30T06:25:49+08:00 Loop 70: starting 3 target(s) concurrently
2026-09-30T06:25:50+08:00 Loop 70: L105-21R_n3 | aux cycle sent
2026-09-30T06:25:50+08:00 Loop 70: L105-21R_n3 | waiting OS boot
2026-09-30T06:25:50+08:00 Loop 70: L105-21R_n1 | aux cycle sent
2026-09-30T06:25:50+08:00 Loop 70: L105-21R_n1 | waiting OS boot
2026-09-30T06:25:50+08:00 Loop 70: L105-21R_n2 | aux cycle sent
2026-09-30T06:25:50+08:00 Loop 70: L105-21R_n2 | waiting OS boot
2026-09-30T06:26:19+08:00 Loop 70: still running — L105-21R_n1: waiting OS boot, L105-21R_n2: waiting OS boot, L105-21R_n3: waiting OS boot
2026-09-30T06:26:49+08:00 Loop 70: still running — L105-21R_n1: waiting OS boot, L105-21R_n2: waiting OS boot, L105-21R_n3: waiting OS boot
2026-09-30T06:27:19+08:00 Loop 70: still running — L105-21R_n1: waiting OS boot, L105-21R_n2: waiting OS boot, L105-21R_n3: waiting OS boot
2026-09-30T06:27:49+08:00 Loop 70: still running — L105-21R_n1: waiting OS boot, L105-21R_n2: waiting OS boot, L105-21R_n3: waiting OS boot
2026-09-30T06:28:19+08:00 Loop 70: still running — L105-21R_n1: waiting OS boot, L105-21R_n2: waiting OS boot, L105-21R_n3: waiting OS boot
2026-09-30T06:28:49+08:00 Loop 70: still running — L105-21R_n1: waiting OS boot, L105-21R_n2: waiting OS boot, L105-21R_n3: waiting OS boot
2026-09-30T06:29:19+08:00 Loop 70: still running — L105-21R_n1: waiting OS boot, L105-21R_n2: waiting OS boot, L105-21R_n3: waiting OS boot
2026-09-30T06:29:49+08:00 Loop 70: still running — L105-21R_n1: waiting OS boot, L105-21R_n2: waiting OS boot, L105-21R_n3: waiting OS boot
2026-09-30T06:30:19+08:00 Loop 70: still running — L105-21R_n1: waiting OS boot, L105-21R_n2: waiting OS boot, L105-21R_n3: waiting OS boot
2026-09-30T06:30:21+08:00 Loop 70: L105-21R_n1 | OS up, system check running
2026-09-30T06:30:28+08:00 Loop 70: L105-21R_n2 | OS up, system check running
2026-09-30T06:30:43+08:00 Loop 70: L105-21R_n1 | system check done
2026-09-30T06:30:43+08:00 Loop 70: L105-21R_n1 | DONE
2026-09-30T06:30:43+08:00 L105-21R_n1 | LOOP 70 | FAIL
2026-09-30T06:30:43+08:00   FAIL BF4: Expected at least 1; detected 0
2026-09-30T06:30:43+08:00   FAIL 0004:01:00.0: Non-Volatile memory controller: KIOXIA Corporation NVMe SSD Controller XD8 (rev 01) (prog-if 02 [NVM Express]): LnkSta: Speed 32GT/s, Width x2 (downgraded)
2026-09-30T06:30:43+08:00   WARN PrMo0CPU0EnfEDP0: 2 rows share this sensor name with differing values; review each row
2026-09-30T06:30:43+08:00   WARN PrMo0CPU1EnfEDP0: 2 rows share this sensor name with differing values; review each row
2026-09-30T06:30:49+08:00 Loop 70: L105-21R_n2 | system check done
2026-09-30T06:30:49+08:00 Loop 70: L105-21R_n2 | DONE
2026-09-30T06:30:49+08:00 L105-21R_n2 | LOOP 70 | FAIL
2026-09-30T06:30:49+08:00   FAIL BF4: Expected at least 1; detected 0
2026-09-30T06:30:49+08:00   WARN PrMo0CPU0EnfEDP0: 2 rows share this sensor name with differing values; review each row
2026-09-30T06:30:49+08:00   WARN PrMo0CPU1EnfEDP0: 2 rows share this sensor name with differing values; review each row
2026-09-30T06:30:57+08:00 Loop 70: L105-21R_n3 | OS up, system check running
2026-09-30T06:31:17+08:00 Loop 70: L105-21R_n3 | system check done
2026-09-30T06:31:17+08:00 Loop 70: L105-21R_n3 | DONE
2026-09-30T06:31:17+08:00 L105-21R_n3 | LOOP 70 | FAIL
2026-09-30T06:31:17+08:00   FAIL BF4: Expected at least 1; detected 0
2026-09-30T06:31:17+08:00   WARN PrMo0CPU0EnfEDP0: 2 rows share this sensor name with differing values; review each row
2026-09-30T06:31:17+08:00   WARN PrMo0CPU1EnfEDP0: 2 rows share this sensor name with differing values; review each row
2026-09-30T06:31:17+08:00 Loop 71: starting 3 target(s) concurrently
2026-09-30T06:31:19+08:00 Loop 71: L105-21R_n2 | aux cycle sent
2026-09-30T06:31:19+08:00 Loop 71: L105-21R_n2 | waiting OS boot
2026-09-30T06:31:19+08:00 Loop 71: L105-21R_n1 | aux cycle sent
2026-09-30T06:31:19+08:00 Loop 71: L105-21R_n1 | waiting OS boot
2026-09-30T06:31:19+08:00 Loop 71: L105-21R_n3 | aux cycle sent
2026-09-30T06:31:19+08:00 Loop 71: L105-21R_n3 | waiting OS boot
2026-09-30T06:31:47+08:00 Loop 71: still running — L105-21R_n1: waiting OS boot, L105-21R_n2: waiting OS boot, L105-21R_n3: waiting OS boot
2026-09-30T06:32:17+08:00 Loop 71: still running — L105-21R_n1: waiting OS boot, L105-21R_n2: waiting OS boot, L105-21R_n3: waiting OS boot
2026-09-30T06:32:47+08:00 Loop 71: still running — L105-21R_n1: waiting OS boot, L105-21R_n2: waiting OS boot, L105-21R_n3: waiting OS boot
2026-09-30T06:33:17+08:00 Loop 71: still running — L105-21R_n1: waiting OS boot, L105-21R_n2: waiting OS boot, L105-21R_n3: waiting OS boot
2026-09-30T06:33:47+08:00 Loop 71: still running — L105-21R_n1: waiting OS boot, L105-21R_n2: waiting OS boot, L105-21R_n3: waiting OS boot
2026-09-30T06:34:17+08:00 Loop 71: still running — L105-21R_n1: waiting OS boot, L105-21R_n2: waiting OS boot, L105-21R_n3: waiting OS boot
2026-09-30T06:34:47+08:00 Loop 71: still running — L105-21R_n1: waiting OS boot, L105-21R_n2: waiting OS boot, L105-21R_n3: waiting OS boot
2026-09-30T06:35:17+08:00 Loop 71: still running — L105-21R_n1: waiting OS boot, L105-21R_n2: waiting OS boot, L105-21R_n3: waiting OS boot
2026-09-30T06:35:47+08:00 Loop 71: still running — L105-21R_n1: waiting OS boot, L105-21R_n2: waiting OS boot, L105-21R_n3: waiting OS boot
2026-09-30T06:35:53+08:00 Loop 71: L105-21R_n1 | OS up, system check running
2026-09-30T06:35:57+08:00 Loop 71: L105-21R_n2 | OS up, system check running
2026-09-30T06:35:57+08:00 Loop 71: L105-21R_n3 | OS up, system check running
2026-09-30T06:36:15+08:00 Loop 71: L105-21R_n1 | system check done
2026-09-30T06:36:15+08:00 Loop 71: L105-21R_n1 | DONE
2026-09-30T06:36:15+08:00 L105-21R_n1 | LOOP 71 | FAIL
2026-09-30T06:36:15+08:00   FAIL BF4: Expected at least 1; detected 0
2026-09-30T06:36:15+08:00   FAIL 0004:01:00.0: Non-Volatile memory controller: KIOXIA Corporation NVMe SSD Controller XD8 (rev 01) (prog-if 02 [NVM Express]): LnkSta: Speed 32GT/s, Width x2 (downgraded)
2026-09-30T06:36:15+08:00   WARN PrMo0CPU0EnfEDP0: 2 rows share this sensor name with differing values; review each row
2026-09-30T06:36:15+08:00   WARN PrMo0CPU1EnfEDP0: 2 rows share this sensor name with differing values; review each row
2026-09-30T06:36:18+08:00 Loop 71: L105-21R_n2 | system check done
2026-09-30T06:36:18+08:00 Loop 71: L105-21R_n2 | DONE
2026-09-30T06:36:18+08:00 L105-21R_n2 | LOOP 71 | FAIL
2026-09-30T06:36:18+08:00   FAIL BF4: Expected at least 1; detected 0
2026-09-30T06:36:18+08:00   WARN PrMo0CPU0EnfEDP0: 2 rows share this sensor name with differing values; review each row
2026-09-30T06:36:18+08:00   WARN PrMo0CPU1EnfEDP0: 2 rows share this sensor name with differing values; review each row
2026-09-30T06:36:18+08:00 Loop 71: L105-21R_n3 | system check done
2026-09-30T06:36:18+08:00 Loop 71: L105-21R_n3 | DONE
2026-09-30T06:36:18+08:00 L105-21R_n3 | LOOP 71 | FAIL
2026-09-30T06:36:18+08:00   FAIL BF4: Expected at least 1; detected 0
2026-09-30T06:36:18+08:00   WARN PrMo0CPU0EnfEDP0: 2 rows share this sensor name with differing values; review each row
2026-09-30T06:36:18+08:00   WARN PrMo0CPU1EnfEDP0: 2 rows share this sensor name with differing values; review each row
2026-09-30T06:36:18+08:00 Loop 72: starting 3 target(s) concurrently
2026-09-30T06:36:20+08:00 Loop 72: L105-21R_n3 | aux cycle sent
2026-09-30T06:36:20+08:00 Loop 72: L105-21R_n3 | waiting OS boot
2026-09-30T06:36:20+08:00 Loop 72: L105-21R_n2 | aux cycle sent
2026-09-30T06:36:20+08:00 Loop 72: L105-21R_n2 | waiting OS boot
2026-09-30T06:36:20+08:00 Loop 72: L105-21R_n1 | aux cycle sent
2026-09-30T06:36:20+08:00 Loop 72: L105-21R_n1 | waiting OS boot
2026-09-30T06:36:48+08:00 Loop 72: still running — L105-21R_n1: waiting OS boot, L105-21R_n2: waiting OS boot, L105-21R_n3: waiting OS boot
2026-09-30T06:37:18+08:00 Loop 72: still running — L105-21R_n1: waiting OS boot, L105-21R_n2: waiting OS boot, L105-21R_n3: waiting OS boot
2026-09-30T06:37:48+08:00 Loop 72: still running — L105-21R_n1: waiting OS boot, L105-21R_n2: waiting OS boot, L105-21R_n3: waiting OS boot
2026-09-30T06:38:18+08:00 Loop 72: still running — L105-21R_n1: waiting OS boot, L105-21R_n2: waiting OS boot, L105-21R_n3: waiting OS boot
2026-09-30T06:38:48+08:00 Loop 72: still running — L105-21R_n1: waiting OS boot, L105-21R_n2: waiting OS boot, L105-21R_n3: waiting OS boot
2026-09-30T06:39:18+08:00 Loop 72: still running — L105-21R_n1: waiting OS boot, L105-21R_n2: waiting OS boot, L105-21R_n3: waiting OS boot
2026-09-30T06:39:48+08:00 Loop 72: still running — L105-21R_n1: waiting OS boot, L105-21R_n2: waiting OS boot, L105-21R_n3: waiting OS boot
2026-09-30T06:40:18+08:00 Loop 72: still running — L105-21R_n1: waiting OS boot, L105-21R_n2: waiting OS boot, L105-21R_n3: waiting OS boot
2026-09-30T06:40:48+08:00 Loop 72: still running — L105-21R_n1: waiting OS boot, L105-21R_n2: waiting OS boot, L105-21R_n3: waiting OS boot
2026-09-30T06:40:50+08:00 Loop 72: L105-21R_n1 | OS up, system check running
2026-09-30T06:40:58+08:00 Loop 72: L105-21R_n2 | OS up, system check running
2026-09-30T06:40:58+08:00 Loop 72: L105-21R_n3 | OS up, system check running
2026-09-30T06:41:12+08:00 Loop 72: L105-21R_n1 | system check done
2026-09-30T06:41:12+08:00 Loop 72: L105-21R_n1 | DONE
2026-09-30T06:41:12+08:00 L105-21R_n1 | LOOP 72 | FAIL
2026-09-30T06:41:12+08:00   FAIL BF4: Expected at least 1; detected 0
2026-09-30T06:41:12+08:00   FAIL 0004:01:00.0: Non-Volatile memory controller: KIOXIA Corporation NVMe SSD Controller XD8 (rev 01) (prog-if 02 [NVM Express]): LnkSta: Speed 32GT/s, Width x2 (downgraded)
2026-09-30T06:41:12+08:00   WARN PrMo0CPU0EnfEDP0: 2 rows share this sensor name with differing values; review each row
2026-09-30T06:41:12+08:00   WARN PrMo0CPU1EnfEDP0: 2 rows share this sensor name with differing values; review each row
2026-09-30T06:41:18+08:00 Loop 72: L105-21R_n2 | system check done
2026-09-30T06:41:18+08:00 Loop 72: L105-21R_n2 | DONE
2026-09-30T06:41:18+08:00 L105-21R_n2 | LOOP 72 | FAIL
2026-09-30T06:41:18+08:00   FAIL BF4: Expected at least 1; detected 0
2026-09-30T06:41:18+08:00   WARN PrMo0CPU0EnfEDP0: 2 rows share this sensor name with differing values; review each row
2026-09-30T06:41:18+08:00   WARN PrMo0CPU1EnfEDP0: 2 rows share this sensor name with differing values; review each row
2026-09-30T06:41:19+08:00 Loop 72: L105-21R_n3 | system check done
2026-09-30T06:41:19+08:00 Loop 72: L105-21R_n3 | DONE
2026-09-30T06:41:19+08:00 L105-21R_n3 | LOOP 72 | FAIL
2026-09-30T06:41:19+08:00   FAIL BF4: Expected at least 1; detected 0
2026-09-30T06:41:19+08:00   WARN PrMo0CPU0EnfEDP0: 2 rows share this sensor name with differing values; review each row
2026-09-30T06:41:19+08:00   WARN PrMo0CPU1EnfEDP0: 2 rows share this sensor name with differing values; review each row
2026-09-30T06:41:20+08:00 Loop 73: starting 3 target(s) concurrently
2026-09-30T06:41:21+08:00 Loop 73: L105-21R_n2 | aux cycle sent
2026-09-30T06:41:21+08:00 Loop 73: L105-21R_n2 | waiting OS boot
2026-09-30T06:41:21+08:00 Loop 73: L105-21R_n3 | aux cycle sent
2026-09-30T06:41:21+08:00 Loop 73: L105-21R_n3 | waiting OS boot
2026-09-30T06:41:21+08:00 Loop 73: L105-21R_n1 | aux cycle sent
2026-09-30T06:41:21+08:00 Loop 73: L105-21R_n1 | waiting OS boot
2026-09-30T06:41:50+08:00 Loop 73: still running — L105-21R_n1: waiting OS boot, L105-21R_n2: waiting OS boot, L105-21R_n3: waiting OS boot
2026-09-30T06:42:20+08:00 Loop 73: still running — L105-21R_n1: waiting OS boot, L105-21R_n2: waiting OS boot, L105-21R_n3: waiting OS boot
2026-09-30T06:42:50+08:00 Loop 73: still running — L105-21R_n1: waiting OS boot, L105-21R_n2: waiting OS boot, L105-21R_n3: waiting OS boot
2026-09-30T06:43:20+08:00 Loop 73: still running — L105-21R_n1: waiting OS boot, L105-21R_n2: waiting OS boot, L105-21R_n3: waiting OS boot
2026-09-30T06:43:50+08:00 Loop 73: still running — L105-21R_n1: waiting OS boot, L105-21R_n2: waiting OS boot, L105-21R_n3: waiting OS boot
2026-09-30T06:44:20+08:00 Loop 73: still running — L105-21R_n1: waiting OS boot, L105-21R_n2: waiting OS boot, L105-21R_n3: waiting OS boot
2026-09-30T06:44:50+08:00 Loop 73: still running — L105-21R_n1: waiting OS boot, L105-21R_n2: waiting OS boot, L105-21R_n3: waiting OS boot
2026-09-30T06:45:20+08:00 Loop 73: still running — L105-21R_n1: waiting OS boot, L105-21R_n2: waiting OS boot, L105-21R_n3: waiting OS boot
2026-09-30T06:45:50+08:00 Loop 73: still running — L105-21R_n1: waiting OS boot, L105-21R_n2: waiting OS boot, L105-21R_n3: waiting OS boot
2026-09-30T06:45:59+08:00 Loop 73: L105-21R_n2 | OS up, system check running
2026-09-30T06:45:59+08:00 Loop 73: L105-21R_n3 | OS up, system check running
2026-09-30T06:45:59+08:00 Loop 73: L105-21R_n1 | OS up, system check running
2026-09-30T06:46:20+08:00 Loop 73: still running — L105-21R_n1: OS up, system check running, L105-21R_n2: OS up, system check running, L105-21R_n3: OS up, system check running
2026-09-30T06:46:20+08:00 Loop 73: L105-21R_n2 | system check done
2026-09-30T06:46:20+08:00 Loop 73: L105-21R_n2 | DONE
2026-09-30T06:46:20+08:00 L105-21R_n2 | LOOP 73 | FAIL
2026-09-30T06:46:20+08:00   FAIL BF4: Expected at least 1; detected 0
2026-09-30T06:46:20+08:00   WARN PrMo0CPU0EnfEDP0: 2 rows share this sensor name with differing values; review each row
2026-09-30T06:46:20+08:00   WARN PrMo0CPU1EnfEDP0: 2 rows share this sensor name with differing values; review each row
2026-09-30T06:46:20+08:00 Loop 73: L105-21R_n3 | system check done
2026-09-30T06:46:20+08:00 Loop 73: L105-21R_n3 | DONE
2026-09-30T06:46:20+08:00 L105-21R_n3 | LOOP 73 | FAIL
2026-09-30T06:46:20+08:00   FAIL BF4: Expected at least 1; detected 0
2026-09-30T06:46:20+08:00   WARN PrMo0CPU0EnfEDP0: 2 rows share this sensor name with differing values; review each row
2026-09-30T06:46:20+08:00   WARN PrMo0CPU1EnfEDP0: 2 rows share this sensor name with differing values; review each row
2026-09-30T06:46:21+08:00 Loop 73: L105-21R_n1 | system check done
2026-09-30T06:46:21+08:00 Loop 73: L105-21R_n1 | DONE
2026-09-30T06:46:21+08:00 L105-21R_n1 | LOOP 73 | FAIL
2026-09-30T06:46:21+08:00   FAIL BF4: Expected at least 1; detected 0
2026-09-30T06:46:21+08:00   FAIL 0004:01:00.0: Non-Volatile memory controller: KIOXIA Corporation NVMe SSD Controller XD8 (rev 01) (prog-if 02 [NVM Express]): LnkSta: Speed 32GT/s, Width x2 (downgraded)
2026-09-30T06:46:21+08:00   WARN PrMo0CPU0EnfEDP0: 2 rows share this sensor name with differing values; review each row
2026-09-30T06:46:21+08:00   WARN PrMo0CPU1EnfEDP0: 2 rows share this sensor name with differing values; review each row
2026-09-30T06:46:21+08:00 Loop 74: starting 3 target(s) concurrently
2026-09-30T06:46:23+08:00 Loop 74: L105-21R_n1 | aux cycle sent
2026-09-30T06:46:23+08:00 Loop 74: L105-21R_n1 | waiting OS boot
2026-09-30T06:46:23+08:00 Loop 74: L105-21R_n2 | aux cycle sent
2026-09-30T06:46:23+08:00 Loop 74: L105-21R_n2 | waiting OS boot
2026-09-30T06:46:23+08:00 Loop 74: L105-21R_n3 | aux cycle sent
2026-09-30T06:46:23+08:00 Loop 74: L105-21R_n3 | waiting OS boot
2026-09-30T06:46:51+08:00 Loop 74: still running — L105-21R_n1: waiting OS boot, L105-21R_n2: waiting OS boot, L105-21R_n3: waiting OS boot
2026-09-30T06:47:21+08:00 Loop 74: still running — L105-21R_n1: waiting OS boot, L105-21R_n2: waiting OS boot, L105-21R_n3: waiting OS boot
2026-09-30T06:47:51+08:00 Loop 74: still running — L105-21R_n1: waiting OS boot, L105-21R_n2: waiting OS boot, L105-21R_n3: waiting OS boot
2026-09-30T06:48:21+08:00 Loop 74: still running — L105-21R_n1: waiting OS boot, L105-21R_n2: waiting OS boot, L105-21R_n3: waiting OS boot
2026-09-30T06:48:51+08:00 Loop 74: still running — L105-21R_n1: waiting OS boot, L105-21R_n2: waiting OS boot, L105-21R_n3: waiting OS boot
2026-09-30T06:49:21+08:00 Loop 74: still running — L105-21R_n1: waiting OS boot, L105-21R_n2: waiting OS boot, L105-21R_n3: waiting OS boot
2026-09-30T06:49:51+08:00 Loop 74: still running — L105-21R_n1: waiting OS boot, L105-21R_n2: waiting OS boot, L105-21R_n3: waiting OS boot
2026-09-30T06:50:21+08:00 Loop 74: still running — L105-21R_n1: waiting OS boot, L105-21R_n2: waiting OS boot, L105-21R_n3: waiting OS boot
2026-09-30T06:50:51+08:00 Loop 74: still running — L105-21R_n1: waiting OS boot, L105-21R_n2: waiting OS boot, L105-21R_n3: waiting OS boot
2026-09-30T06:50:59+08:00 Loop 74: L105-21R_n1 | OS up, system check running
2026-09-30T06:51:01+08:00 Loop 74: L105-21R_n2 | OS up, system check running
2026-09-30T06:51:01+08:00 Loop 74: L105-21R_n3 | OS up, system check running
2026-09-30T06:51:20+08:00 Loop 74: L105-21R_n1 | system check done
2026-09-30T06:51:20+08:00 Loop 74: L105-21R_n1 | DONE
2026-09-30T06:51:21+08:00 L105-21R_n1 | LOOP 74 | FAIL
2026-09-30T06:51:21+08:00   FAIL BF4: Expected at least 1; detected 0
2026-09-30T06:51:21+08:00   FAIL 0004:01:00.0: Non-Volatile memory controller: KIOXIA Corporation NVMe SSD Controller XD8 (rev 01) (prog-if 02 [NVM Express]): LnkSta: Speed 32GT/s, Width x2 (downgraded)
2026-09-30T06:51:21+08:00   WARN PrMo0CPU0EnfEDP0: 2 rows share this sensor name with differing values; review each row
2026-09-30T06:51:21+08:00   WARN PrMo0CPU1EnfEDP0: 2 rows share this sensor name with differing values; review each row
2026-09-30T06:51:21+08:00 Loop 74: L105-21R_n2 | system check done
2026-09-30T06:51:21+08:00 Loop 74: L105-21R_n2 | DONE
2026-09-30T06:51:21+08:00 L105-21R_n2 | LOOP 74 | FAIL
2026-09-30T06:51:21+08:00   FAIL BF4: Expected at least 1; detected 0
2026-09-30T06:51:21+08:00   WARN PrMo0CPU0EnfEDP0: 2 rows share this sensor name with differing values; review each row
2026-09-30T06:51:21+08:00   WARN PrMo0CPU1EnfEDP0: 2 rows share this sensor name with differing values; review each row
2026-09-30T06:51:22+08:00 Loop 74: L105-21R_n3 | system check done
2026-09-30T06:51:22+08:00 Loop 74: L105-21R_n3 | DONE
2026-09-30T06:51:22+08:00 L105-21R_n3 | LOOP 74 | FAIL
2026-09-30T06:51:22+08:00   FAIL BF4: Expected at least 1; detected 0
2026-09-30T06:51:22+08:00   WARN PrMo0CPU0EnfEDP0: 2 rows share this sensor name with differing values; review each row
2026-09-30T06:51:22+08:00   WARN PrMo0CPU1EnfEDP0: 2 rows share this sensor name with differing values; review each row
2026-09-30T06:51:22+08:00 Loop 75: starting 3 target(s) concurrently
2026-09-30T06:51:23+08:00 Loop 75: L105-21R_n2 | aux cycle sent
2026-09-30T06:51:23+08:00 Loop 75: L105-21R_n2 | waiting OS boot
2026-09-30T06:51:24+08:00 Loop 75: L105-21R_n1 | aux cycle sent
2026-09-30T06:51:24+08:00 Loop 75: L105-21R_n1 | waiting OS boot
2026-09-30T06:51:24+08:00 Loop 75: L105-21R_n3 | aux cycle sent
2026-09-30T06:51:24+08:00 Loop 75: L105-21R_n3 | waiting OS boot
2026-09-30T06:51:52+08:00 Loop 75: still running — L105-21R_n1: waiting OS boot, L105-21R_n2: waiting OS boot, L105-21R_n3: waiting OS boot
2026-09-30T06:52:22+08:00 Loop 75: still running — L105-21R_n1: waiting OS boot, L105-21R_n2: waiting OS boot, L105-21R_n3: waiting OS boot
2026-09-30T06:52:52+08:00 Loop 75: still running — L105-21R_n1: waiting OS boot, L105-21R_n2: waiting OS boot, L105-21R_n3: waiting OS boot
2026-09-30T06:53:22+08:00 Loop 75: still running — L105-21R_n1: waiting OS boot, L105-21R_n2: waiting OS boot, L105-21R_n3: waiting OS boot
2026-09-30T06:53:52+08:00 Loop 75: still running — L105-21R_n1: waiting OS boot, L105-21R_n2: waiting OS boot, L105-21R_n3: waiting OS boot
2026-09-30T06:54:22+08:00 Loop 75: still running — L105-21R_n1: waiting OS boot, L105-21R_n2: waiting OS boot, L105-21R_n3: waiting OS boot
2026-09-30T06:54:52+08:00 Loop 75: still running — L105-21R_n1: waiting OS boot, L105-21R_n2: waiting OS boot, L105-21R_n3: waiting OS boot
2026-09-30T06:55:22+08:00 Loop 75: still running — L105-21R_n1: waiting OS boot, L105-21R_n2: waiting OS boot, L105-21R_n3: waiting OS boot
2026-09-30T06:55:52+08:00 Loop 75: still running — L105-21R_n1: waiting OS boot, L105-21R_n2: waiting OS boot, L105-21R_n3: waiting OS boot
2026-09-30T06:56:01+08:00 Loop 75: L105-21R_n3 | OS up, system check running
2026-09-30T06:56:03+08:00 Loop 75: L105-21R_n2 | OS up, system check running
2026-09-30T06:56:04+08:00 Loop 75: L105-21R_n1 | OS up, system check running
2026-09-30T06:56:22+08:00 Loop 75: still running — L105-21R_n1: OS up, system check running, L105-21R_n2: OS up, system check running, L105-21R_n3: OS up, system check running
2026-09-30T06:56:22+08:00 Loop 75: L105-21R_n3 | system check done
2026-09-30T06:56:22+08:00 Loop 75: L105-21R_n3 | DONE
2026-09-30T06:56:22+08:00 L105-21R_n3 | LOOP 75 | FAIL
2026-09-30T06:56:22+08:00   FAIL BF4: Expected at least 1; detected 0
2026-09-30T06:56:22+08:00   WARN PrMo0CPU0EnfEDP0: 2 rows share this sensor name with differing values; review each row
2026-09-30T06:56:22+08:00   WARN PrMo0CPU1EnfEDP0: 2 rows share this sensor name with differing values; review each row
2026-09-30T06:56:24+08:00 Loop 75: L105-21R_n2 | system check done
2026-09-30T06:56:24+08:00 Loop 75: L105-21R_n2 | DONE
2026-09-30T06:56:24+08:00 L105-21R_n2 | LOOP 75 | FAIL
2026-09-30T06:56:24+08:00   FAIL BF4: Expected at least 1; detected 0
2026-09-30T06:56:24+08:00   WARN PrMo0CPU0EnfEDP0: 2 rows share this sensor name with differing values; review each row
2026-09-30T06:56:24+08:00   WARN PrMo0CPU1EnfEDP0: 2 rows share this sensor name with differing values; review each row
2026-09-30T06:56:24+08:00 Loop 75: L105-21R_n1 | system check done
2026-09-30T06:56:24+08:00 Loop 75: L105-21R_n1 | DONE
2026-09-30T06:56:24+08:00 L105-21R_n1 | LOOP 75 | FAIL
2026-09-30T06:56:24+08:00   FAIL BF4: Expected at least 1; detected 0
2026-09-30T06:56:24+08:00   FAIL 0004:01:00.0: Non-Volatile memory controller: KIOXIA Corporation NVMe SSD Controller XD8 (rev 01) (prog-if 02 [NVM Express]): LnkSta: Speed 32GT/s, Width x2 (downgraded)
2026-09-30T06:56:24+08:00   WARN PrMo0CPU0EnfEDP0: 2 rows share this sensor name with differing values; review each row
2026-09-30T06:56:24+08:00   WARN PrMo0CPU1EnfEDP0: 2 rows share this sensor name with differing values; review each row
2026-09-30T06:56:25+08:00 Loop 76: starting 3 target(s) concurrently
2026-09-30T06:56:26+08:00 Loop 76: L105-21R_n1 | aux cycle sent
2026-09-30T06:56:26+08:00 Loop 76: L105-21R_n1 | waiting OS boot
2026-09-30T06:56:26+08:00 Loop 76: L105-21R_n3 | aux cycle sent
2026-09-30T06:56:26+08:00 Loop 76: L105-21R_n3 | waiting OS boot
2026-09-30T06:56:26+08:00 Loop 76: L105-21R_n2 | aux cycle sent
2026-09-30T06:56:26+08:00 Loop 76: L105-21R_n2 | waiting OS boot
2026-09-30T06:56:55+08:00 Loop 76: still running — L105-21R_n1: waiting OS boot, L105-21R_n2: waiting OS boot, L105-21R_n3: waiting OS boot
2026-09-30T06:57:25+08:00 Loop 76: still running — L105-21R_n1: waiting OS boot, L105-21R_n2: waiting OS boot, L105-21R_n3: waiting OS boot
2026-09-30T06:57:55+08:00 Loop 76: still running — L105-21R_n1: waiting OS boot, L105-21R_n2: waiting OS boot, L105-21R_n3: waiting OS boot
2026-09-30T06:58:25+08:00 Loop 76: still running — L105-21R_n1: waiting OS boot, L105-21R_n2: waiting OS boot, L105-21R_n3: waiting OS boot
2026-09-30T06:58:55+08:00 Loop 76: still running — L105-21R_n1: waiting OS boot, L105-21R_n2: waiting OS boot, L105-21R_n3: waiting OS boot
2026-09-30T06:59:25+08:00 Loop 76: still running — L105-21R_n1: waiting OS boot, L105-21R_n2: waiting OS boot, L105-21R_n3: waiting OS boot
2026-09-30T06:59:55+08:00 Loop 76: still running — L105-21R_n1: waiting OS boot, L105-21R_n2: waiting OS boot, L105-21R_n3: waiting OS boot
2026-09-30T07:00:25+08:00 Loop 76: still running — L105-21R_n1: waiting OS boot, L105-21R_n2: waiting OS boot, L105-21R_n3: waiting OS boot
2026-09-30T07:00:55+08:00 Loop 76: still running — L105-21R_n1: waiting OS boot, L105-21R_n2: waiting OS boot, L105-21R_n3: waiting OS boot
2026-09-30T07:01:00+08:00 Loop 76: L105-21R_n1 | OS up, system check running
2026-09-30T07:01:04+08:00 Loop 76: L105-21R_n2 | OS up, system check running
2026-09-30T07:01:04+08:00 Loop 76: L105-21R_n3 | OS up, system check running
2026-09-30T07:01:22+08:00 Loop 76: L105-21R_n1 | system check done
2026-09-30T07:01:22+08:00 Loop 76: L105-21R_n1 | DONE
2026-09-30T07:01:22+08:00 L105-21R_n1 | LOOP 76 | FAIL
2026-09-30T07:01:22+08:00   FAIL BF4: Expected at least 1; detected 0
2026-09-30T07:01:22+08:00   FAIL 0004:01:00.0: Non-Volatile memory controller: KIOXIA Corporation NVMe SSD Controller XD8 (rev 01) (prog-if 02 [NVM Express]): LnkSta: Speed 32GT/s, Width x2 (downgraded)
2026-09-30T07:01:22+08:00   WARN PrMo0CPU0EnfEDP0: 2 rows share this sensor name with differing values; review each row
2026-09-30T07:01:22+08:00   WARN PrMo0CPU1EnfEDP0: 2 rows share this sensor name with differing values; review each row
2026-09-30T07:01:25+08:00 Loop 76: L105-21R_n2 | system check done
2026-09-30T07:01:25+08:00 Loop 76: L105-21R_n2 | DONE
2026-09-30T07:01:25+08:00 L105-21R_n2 | LOOP 76 | FAIL
2026-09-30T07:01:25+08:00   FAIL BF4: Expected at least 1; detected 0
2026-09-30T07:01:25+08:00   WARN PrMo0CPU0EnfEDP0: 2 rows share this sensor name with differing values; review each row
2026-09-30T07:01:25+08:00   WARN PrMo0CPU1EnfEDP0: 2 rows share this sensor name with differing values; review each row
2026-09-30T07:01:26+08:00 Loop 76: L105-21R_n3 | system check done
2026-09-30T07:01:26+08:00 Loop 76: L105-21R_n3 | DONE
2026-09-30T07:01:26+08:00 L105-21R_n3 | LOOP 76 | FAIL
2026-09-30T07:01:26+08:00   FAIL BF4: Expected at least 1; detected 0
2026-09-30T07:01:26+08:00   WARN PrMo0CPU0EnfEDP0: 2 rows share this sensor name with differing values; review each row
2026-09-30T07:01:26+08:00   WARN PrMo0CPU1EnfEDP0: 2 rows share this sensor name with differing values; review each row
2026-09-30T07:01:26+08:00 Loop 77: starting 3 target(s) concurrently
2026-09-30T07:01:28+08:00 Loop 77: L105-21R_n2 | aux cycle sent
2026-09-30T07:01:28+08:00 Loop 77: L105-21R_n2 | waiting OS boot
2026-09-30T07:01:28+08:00 Loop 77: L105-21R_n1 | aux cycle sent
2026-09-30T07:01:28+08:00 Loop 77: L105-21R_n1 | waiting OS boot
2026-09-30T07:01:28+08:00 Loop 77: L105-21R_n3 | aux cycle sent
2026-09-30T07:01:28+08:00 Loop 77: L105-21R_n3 | waiting OS boot
2026-09-30T07:01:56+08:00 Loop 77: still running — L105-21R_n1: waiting OS boot, L105-21R_n2: waiting OS boot, L105-21R_n3: waiting OS boot
2026-09-30T07:02:26+08:00 Loop 77: still running — L105-21R_n1: waiting OS boot, L105-21R_n2: waiting OS boot, L105-21R_n3: waiting OS boot
2026-09-30T07:02:56+08:00 Loop 77: still running — L105-21R_n1: waiting OS boot, L105-21R_n2: waiting OS boot, L105-21R_n3: waiting OS boot
2026-09-30T07:03:26+08:00 Loop 77: still running — L105-21R_n1: waiting OS boot, L105-21R_n2: waiting OS boot, L105-21R_n3: waiting OS boot
2026-09-30T07:03:56+08:00 Loop 77: still running — L105-21R_n1: waiting OS boot, L105-21R_n2: waiting OS boot, L105-21R_n3: waiting OS boot
2026-09-30T07:04:26+08:00 Loop 77: still running — L105-21R_n1: waiting OS boot, L105-21R_n2: waiting OS boot, L105-21R_n3: waiting OS boot
2026-09-30T07:04:56+08:00 Loop 77: still running — L105-21R_n1: waiting OS boot, L105-21R_n2: waiting OS boot, L105-21R_n3: waiting OS boot
2026-09-30T07:05:26+08:00 Loop 77: still running — L105-21R_n1: waiting OS boot, L105-21R_n2: waiting OS boot, L105-21R_n3: waiting OS boot
2026-09-30T07:05:56+08:00 Loop 77: still running — L105-21R_n1: waiting OS boot, L105-21R_n2: waiting OS boot, L105-21R_n3: waiting OS boot
2026-09-30T07:06:03+08:00 Loop 77: L105-21R_n1 | OS up, system check running
2026-09-30T07:06:09+08:00 Loop 77: L105-21R_n2 | OS up, system check running
2026-09-30T07:06:09+08:00 Loop 77: L105-21R_n3 | OS up, system check running
2026-09-30T07:06:25+08:00 Loop 77: L105-21R_n1 | system check done
2026-09-30T07:06:25+08:00 Loop 77: L105-21R_n1 | DONE
2026-09-30T07:06:25+08:00 L105-21R_n1 | LOOP 77 | FAIL
2026-09-30T07:06:25+08:00   FAIL BF4: Expected at least 1; detected 0
2026-09-30T07:06:25+08:00   FAIL 0004:01:00.0: Non-Volatile memory controller: KIOXIA Corporation NVMe SSD Controller XD8 (rev 01) (prog-if 02 [NVM Express]): LnkSta: Speed 32GT/s, Width x2 (downgraded)
2026-09-30T07:06:25+08:00   WARN PrMo0CPU0EnfEDP0: 2 rows share this sensor name with differing values; review each row
2026-09-30T07:06:25+08:00   WARN PrMo0CPU1EnfEDP0: 2 rows share this sensor name with differing values; review each row
2026-09-30T07:06:30+08:00 Loop 77: L105-21R_n3 | system check done
2026-09-30T07:06:30+08:00 Loop 77: L105-21R_n3 | DONE
2026-09-30T07:06:30+08:00 L105-21R_n3 | LOOP 77 | FAIL
2026-09-30T07:06:30+08:00   FAIL BF4: Expected at least 1; detected 0
2026-09-30T07:06:30+08:00   WARN PrMo0CPU0EnfEDP0: 2 rows share this sensor name with differing values; review each row
2026-09-30T07:06:30+08:00   WARN PrMo0CPU1EnfEDP0: 2 rows share this sensor name with differing values; review each row
2026-09-30T07:06:30+08:00 Loop 77: L105-21R_n2 | system check done
2026-09-30T07:06:30+08:00 Loop 77: L105-21R_n2 | DONE
2026-09-30T07:06:30+08:00 L105-21R_n2 | LOOP 77 | FAIL
2026-09-30T07:06:30+08:00   FAIL BF4: Expected at least 1; detected 0
2026-09-30T07:06:30+08:00   WARN PrMo0CPU0EnfEDP0: 2 rows share this sensor name with differing values; review each row
2026-09-30T07:06:30+08:00   WARN PrMo0CPU1EnfEDP0: 2 rows share this sensor name with differing values; review each row
2026-09-30T07:06:30+08:00 Loop 78: starting 3 target(s) concurrently
2026-09-30T07:06:32+08:00 Loop 78: L105-21R_n2 | aux cycle sent
2026-09-30T07:06:32+08:00 Loop 78: L105-21R_n2 | waiting OS boot
2026-09-30T07:06:32+08:00 Loop 78: L105-21R_n1 | aux cycle sent
2026-09-30T07:06:32+08:00 Loop 78: L105-21R_n1 | waiting OS boot
2026-09-30T07:06:32+08:00 Loop 78: L105-21R_n3 | aux cycle sent
2026-09-30T07:06:32+08:00 Loop 78: L105-21R_n3 | waiting OS boot
2026-09-30T07:07:00+08:00 Loop 78: still running — L105-21R_n1: waiting OS boot, L105-21R_n2: waiting OS boot, L105-21R_n3: waiting OS boot
2026-09-30T07:07:30+08:00 Loop 78: still running — L105-21R_n1: waiting OS boot, L105-21R_n2: waiting OS boot, L105-21R_n3: waiting OS boot
2026-09-30T07:08:00+08:00 Loop 78: still running — L105-21R_n1: waiting OS boot, L105-21R_n2: waiting OS boot, L105-21R_n3: waiting OS boot
2026-09-30T07:08:30+08:00 Loop 78: still running — L105-21R_n1: waiting OS boot, L105-21R_n2: waiting OS boot, L105-21R_n3: waiting OS boot
2026-09-30T07:09:00+08:00 Loop 78: still running — L105-21R_n1: waiting OS boot, L105-21R_n2: waiting OS boot, L105-21R_n3: waiting OS boot
2026-09-30T07:09:30+08:00 Loop 78: still running — L105-21R_n1: waiting OS boot, L105-21R_n2: waiting OS boot, L105-21R_n3: waiting OS boot
2026-09-30T07:10:00+08:00 Loop 78: still running — L105-21R_n1: waiting OS boot, L105-21R_n2: waiting OS boot, L105-21R_n3: waiting OS boot
2026-09-30T07:10:30+08:00 Loop 78: still running — L105-21R_n1: waiting OS boot, L105-21R_n2: waiting OS boot, L105-21R_n3: waiting OS boot
2026-09-30T07:11:00+08:00 Loop 78: still running — L105-21R_n1: waiting OS boot, L105-21R_n2: waiting OS boot, L105-21R_n3: waiting OS boot
2026-09-30T07:11:10+08:00 Loop 78: L105-21R_n2 | OS up, system check running
2026-09-30T07:11:11+08:00 Loop 78: L105-21R_n3 | OS up, system check running
2026-09-30T07:11:14+08:00 Loop 78: L105-21R_n1 | OS up, system check running
2026-09-30T07:11:30+08:00 Loop 78: still running — L105-21R_n1: OS up, system check running, L105-21R_n2: OS up, system check running, L105-21R_n3: OS up, system check running
2026-09-30T07:11:31+08:00 Loop 78: L105-21R_n2 | system check done
2026-09-30T07:11:31+08:00 Loop 78: L105-21R_n2 | DONE
2026-09-30T07:11:31+08:00 L105-21R_n2 | LOOP 78 | FAIL
2026-09-30T07:11:31+08:00   FAIL BF4: Expected at least 1; detected 0
2026-09-30T07:11:31+08:00   WARN PrMo0CPU0EnfEDP0: 2 rows share this sensor name with differing values; review each row
2026-09-30T07:11:31+08:00   WARN PrMo0CPU1EnfEDP0: 2 rows share this sensor name with differing values; review each row
2026-09-30T07:11:31+08:00 Loop 78: L105-21R_n3 | system check done
2026-09-30T07:11:31+08:00 Loop 78: L105-21R_n3 | DONE
2026-09-30T07:11:31+08:00 L105-21R_n3 | LOOP 78 | FAIL
2026-09-30T07:11:31+08:00   FAIL BF4: Expected at least 1; detected 0
2026-09-30T07:11:31+08:00   WARN PrMo0CPU0EnfEDP0: 2 rows share this sensor name with differing values; review each row
2026-09-30T07:11:31+08:00   WARN PrMo0CPU1EnfEDP0: 2 rows share this sensor name with differing values; review each row
2026-09-30T07:11:34+08:00 Loop 78: L105-21R_n1 | system check done
2026-09-30T07:11:34+08:00 Loop 78: L105-21R_n1 | DONE
2026-09-30T07:11:34+08:00 L105-21R_n1 | LOOP 78 | FAIL
2026-09-30T07:11:34+08:00   FAIL BF4: Expected at least 1; detected 0
2026-09-30T07:11:34+08:00   FAIL 0004:01:00.0: Non-Volatile memory controller: KIOXIA Corporation NVMe SSD Controller XD8 (rev 01) (prog-if 02 [NVM Express]): LnkSta: Speed 32GT/s, Width x2 (downgraded)
2026-09-30T07:11:34+08:00   WARN PrMo0CPU0EnfEDP0: 2 rows share this sensor name with differing values; review each row
2026-09-30T07:11:34+08:00   WARN PrMo0CPU1EnfEDP0: 2 rows share this sensor name with differing values; review each row
2026-09-30T07:11:35+08:00 Loop 79: starting 3 target(s) concurrently
2026-09-30T07:11:36+08:00 Loop 79: L105-21R_n1 | aux cycle sent
2026-09-30T07:11:36+08:00 Loop 79: L105-21R_n1 | waiting OS boot
2026-09-30T07:11:36+08:00 Loop 79: L105-21R_n3 | aux cycle sent
2026-09-30T07:11:36+08:00 Loop 79: L105-21R_n3 | waiting OS boot
2026-09-30T07:11:36+08:00 Loop 79: L105-21R_n2 | aux cycle sent
2026-09-30T07:11:36+08:00 Loop 79: L105-21R_n2 | waiting OS boot
2026-09-30T07:12:05+08:00 Loop 79: still running — L105-21R_n1: waiting OS boot, L105-21R_n2: waiting OS boot, L105-21R_n3: waiting OS boot
2026-09-30T07:12:35+08:00 Loop 79: still running — L105-21R_n1: waiting OS boot, L105-21R_n2: waiting OS boot, L105-21R_n3: waiting OS boot
2026-09-30T07:13:05+08:00 Loop 79: still running — L105-21R_n1: waiting OS boot, L105-21R_n2: waiting OS boot, L105-21R_n3: waiting OS boot
2026-09-30T07:13:35+08:00 Loop 79: still running — L105-21R_n1: waiting OS boot, L105-21R_n2: waiting OS boot, L105-21R_n3: waiting OS boot
2026-09-30T07:14:05+08:00 Loop 79: still running — L105-21R_n1: waiting OS boot, L105-21R_n2: waiting OS boot, L105-21R_n3: waiting OS boot
2026-09-30T07:14:35+08:00 Loop 79: still running — L105-21R_n1: waiting OS boot, L105-21R_n2: waiting OS boot, L105-21R_n3: waiting OS boot
2026-09-30T07:15:05+08:00 Loop 79: still running — L105-21R_n1: waiting OS boot, L105-21R_n2: waiting OS boot, L105-21R_n3: waiting OS boot
2026-09-30T07:15:35+08:00 Loop 79: still running — L105-21R_n1: waiting OS boot, L105-21R_n2: waiting OS boot, L105-21R_n3: waiting OS boot
2026-09-30T07:16:05+08:00 Loop 79: still running — L105-21R_n1: waiting OS boot, L105-21R_n2: waiting OS boot, L105-21R_n3: waiting OS boot
2026-09-30T07:16:12+08:00 Loop 79: L105-21R_n1 | OS up, system check running
2026-09-30T07:16:16+08:00 Loop 79: L105-21R_n2 | OS up, system check running
2026-09-30T07:16:19+08:00 Loop 79: L105-21R_n3 | OS up, system check running
2026-09-30T07:16:35+08:00 Loop 79: L105-21R_n1 | system check done
2026-09-30T07:16:35+08:00 Loop 79: L105-21R_n1 | DONE
2026-09-30T07:16:35+08:00 L105-21R_n1 | LOOP 79 | FAIL
2026-09-30T07:16:35+08:00   FAIL BF4: Expected at least 1; detected 0
2026-09-30T07:16:35+08:00   FAIL 0004:01:00.0: Non-Volatile memory controller: KIOXIA Corporation NVMe SSD Controller XD8 (rev 01) (prog-if 02 [NVM Express]): LnkSta: Speed 32GT/s, Width x2 (downgraded)
2026-09-30T07:16:35+08:00   WARN PrMo0CPU0EnfEDP0: 2 rows share this sensor name with differing values; review each row
2026-09-30T07:16:35+08:00   WARN PrMo0CPU1EnfEDP0: 2 rows share this sensor name with differing values; review each row
2026-09-30T07:16:37+08:00 Loop 79: L105-21R_n2 | system check done
2026-09-30T07:16:37+08:00 Loop 79: L105-21R_n2 | DONE
2026-09-30T07:16:37+08:00 L105-21R_n2 | LOOP 79 | FAIL
2026-09-30T07:16:37+08:00   FAIL BF4: Expected at least 1; detected 0
2026-09-30T07:16:37+08:00   WARN PrMo0CPU0EnfEDP0: 2 rows share this sensor name with differing values; review each row
2026-09-30T07:16:37+08:00   WARN PrMo0CPU1EnfEDP0: 2 rows share this sensor name with differing values; review each row
2026-09-30T07:16:40+08:00 Loop 79: L105-21R_n3 | system check done
2026-09-30T07:16:40+08:00 Loop 79: L105-21R_n3 | DONE
2026-09-30T07:16:40+08:00 L105-21R_n3 | LOOP 79 | FAIL
2026-09-30T07:16:40+08:00   FAIL BF4: Expected at least 1; detected 0
2026-09-30T07:16:40+08:00   WARN PrMo0CPU0EnfEDP0: 2 rows share this sensor name with differing values; review each row
2026-09-30T07:16:40+08:00   WARN PrMo0CPU1EnfEDP0: 2 rows share this sensor name with differing values; review each row
2026-09-30T07:16:41+08:00 Loop 80: starting 3 target(s) concurrently
2026-09-30T07:16:42+08:00 Loop 80: L105-21R_n2 | aux cycle sent
2026-09-30T07:16:42+08:00 Loop 80: L105-21R_n2 | waiting OS boot
2026-09-30T07:16:42+08:00 Loop 80: L105-21R_n3 | aux cycle sent
2026-09-30T07:16:42+08:00 Loop 80: L105-21R_n3 | waiting OS boot
2026-09-30T07:16:42+08:00 Loop 80: L105-21R_n1 | aux cycle sent
2026-09-30T07:16:42+08:00 Loop 80: L105-21R_n1 | waiting OS boot
2026-09-30T07:17:11+08:00 Loop 80: still running — L105-21R_n1: waiting OS boot, L105-21R_n2: waiting OS boot, L105-21R_n3: waiting OS boot
2026-09-30T07:17:41+08:00 Loop 80: still running — L105-21R_n1: waiting OS boot, L105-21R_n2: waiting OS boot, L105-21R_n3: waiting OS boot
2026-09-30T07:18:11+08:00 Loop 80: still running — L105-21R_n1: waiting OS boot, L105-21R_n2: waiting OS boot, L105-21R_n3: waiting OS boot
2026-09-30T07:18:41+08:00 Loop 80: still running — L105-21R_n1: waiting OS boot, L105-21R_n2: waiting OS boot, L105-21R_n3: waiting OS boot
2026-09-30T07:19:11+08:00 Loop 80: still running — L105-21R_n1: waiting OS boot, L105-21R_n2: waiting OS boot, L105-21R_n3: waiting OS boot
2026-09-30T07:19:41+08:00 Loop 80: still running — L105-21R_n1: waiting OS boot, L105-21R_n2: waiting OS boot, L105-21R_n3: waiting OS boot
2026-09-30T07:20:11+08:00 Loop 80: still running — L105-21R_n1: waiting OS boot, L105-21R_n2: waiting OS boot, L105-21R_n3: waiting OS boot
2026-09-30T07:20:41+08:00 Loop 80: still running — L105-21R_n1: waiting OS boot, L105-21R_n2: waiting OS boot, L105-21R_n3: waiting OS boot
2026-09-30T07:21:11+08:00 Loop 80: still running — L105-21R_n1: waiting OS boot, L105-21R_n2: waiting OS boot, L105-21R_n3: waiting OS boot
2026-09-30T07:21:15+08:00 Loop 80: L105-21R_n1 | OS up, system check running
2026-09-30T07:21:22+08:00 Loop 80: L105-21R_n2 | OS up, system check running
2026-09-30T07:21:23+08:00 Loop 80: L105-21R_n3 | OS up, system check running
2026-09-30T07:21:36+08:00 Loop 80: L105-21R_n1 | system check done
2026-09-30T07:21:36+08:00 Loop 80: L105-21R_n1 | DONE
2026-09-30T07:21:36+08:00 L105-21R_n1 | LOOP 80 | FAIL
2026-09-30T07:21:36+08:00   FAIL BF4: Expected at least 1; detected 0
2026-09-30T07:21:36+08:00   FAIL 0004:01:00.0: Non-Volatile memory controller: KIOXIA Corporation NVMe SSD Controller XD8 (rev 01) (prog-if 02 [NVM Express]): LnkSta: Speed 32GT/s, Width x2 (downgraded)
2026-09-30T07:21:36+08:00   WARN PrMo0CPU0EnfEDP0: 2 rows share this sensor name with differing values; review each row
2026-09-30T07:21:36+08:00   WARN PrMo0CPU1EnfEDP0: 2 rows share this sensor name with differing values; review each row
2026-09-30T07:21:43+08:00 Loop 80: L105-21R_n2 | system check done
2026-09-30T07:21:43+08:00 Loop 80: L105-21R_n2 | DONE
2026-09-30T07:21:43+08:00 L105-21R_n2 | LOOP 80 | FAIL
2026-09-30T07:21:43+08:00   FAIL BF4: Expected at least 1; detected 0
2026-09-30T07:21:43+08:00   WARN PrMo0CPU0EnfEDP0: 2 rows share this sensor name with differing values; review each row
2026-09-30T07:21:43+08:00   WARN PrMo0CPU1EnfEDP0: 2 rows share this sensor name with differing values; review each row
2026-09-30T07:21:43+08:00 Loop 80: L105-21R_n3 | system check done
2026-09-30T07:21:43+08:00 Loop 80: L105-21R_n3 | DONE
2026-09-30T07:21:43+08:00 L105-21R_n3 | LOOP 80 | FAIL
2026-09-30T07:21:43+08:00   FAIL BF4: Expected at least 1; detected 0
2026-09-30T07:21:43+08:00   WARN PrMo0CPU0EnfEDP0: 2 rows share this sensor name with differing values; review each row
2026-09-30T07:21:43+08:00   WARN PrMo0CPU1EnfEDP0: 2 rows share this sensor name with differing values; review each row
2026-09-30T07:21:44+08:00 Loop 81: starting 3 target(s) concurrently
2026-09-30T07:21:45+08:00 Loop 81: L105-21R_n1 | aux cycle sent
2026-09-30T07:21:45+08:00 Loop 81: L105-21R_n1 | waiting OS boot
2026-09-30T07:21:45+08:00 Loop 81: L105-21R_n2 | aux cycle sent
2026-09-30T07:21:45+08:00 Loop 81: L105-21R_n2 | waiting OS boot
2026-09-30T07:21:45+08:00 Loop 81: L105-21R_n3 | aux cycle sent
2026-09-30T07:21:45+08:00 Loop 81: L105-21R_n3 | waiting OS boot
2026-09-30T07:22:14+08:00 Loop 81: still running — L105-21R_n1: waiting OS boot, L105-21R_n2: waiting OS boot, L105-21R_n3: waiting OS boot
2026-09-30T07:22:44+08:00 Loop 81: still running — L105-21R_n1: waiting OS boot, L105-21R_n2: waiting OS boot, L105-21R_n3: waiting OS boot
2026-09-30T07:23:14+08:00 Loop 81: still running — L105-21R_n1: waiting OS boot, L105-21R_n2: waiting OS boot, L105-21R_n3: waiting OS boot
2026-09-30T07:23:44+08:00 Loop 81: still running — L105-21R_n1: waiting OS boot, L105-21R_n2: waiting OS boot, L105-21R_n3: waiting OS boot
2026-09-30T07:24:14+08:00 Loop 81: still running — L105-21R_n1: waiting OS boot, L105-21R_n2: waiting OS boot, L105-21R_n3: waiting OS boot
2026-09-30T07:24:44+08:00 Loop 81: still running — L105-21R_n1: waiting OS boot, L105-21R_n2: waiting OS boot, L105-21R_n3: waiting OS boot
2026-09-30T07:25:14+08:00 Loop 81: still running — L105-21R_n1: waiting OS boot, L105-21R_n2: waiting OS boot, L105-21R_n3: waiting OS boot
2026-09-30T07:25:44+08:00 Loop 81: still running — L105-21R_n1: waiting OS boot, L105-21R_n2: waiting OS boot, L105-21R_n3: waiting OS boot
2026-09-30T07:26:14+08:00 Loop 81: still running — L105-21R_n1: waiting OS boot, L105-21R_n2: waiting OS boot, L105-21R_n3: waiting OS boot
2026-09-30T07:26:17+08:00 Loop 81: L105-21R_n1 | OS up, system check running
2026-09-30T07:26:25+08:00 Loop 81: L105-21R_n2 | OS up, system check running
2026-09-30T07:26:25+08:00 Loop 81: L105-21R_n3 | OS up, system check running
2026-09-30T07:26:40+08:00 Loop 81: L105-21R_n1 | system check done
2026-09-30T07:26:40+08:00 Loop 81: L105-21R_n1 | DONE
2026-09-30T07:26:40+08:00 L105-21R_n1 | LOOP 81 | FAIL
2026-09-30T07:26:40+08:00   FAIL BF4: Expected at least 1; detected 0
2026-09-30T07:26:40+08:00   FAIL 0004:01:00.0: Non-Volatile memory controller: KIOXIA Corporation NVMe SSD Controller XD8 (rev 01) (prog-if 02 [NVM Express]): LnkSta: Speed 32GT/s, Width x2 (downgraded)
2026-09-30T07:26:40+08:00   WARN PrMo0CPU0EnfEDP0: 2 rows share this sensor name with differing values; review each row
2026-09-30T07:26:40+08:00   WARN PrMo0CPU1EnfEDP0: 2 rows share this sensor name with differing values; review each row
2026-09-30T07:26:46+08:00 Loop 81: L105-21R_n2 | system check done
2026-09-30T07:26:46+08:00 Loop 81: L105-21R_n2 | DONE
2026-09-30T07:26:46+08:00 L105-21R_n2 | LOOP 81 | FAIL
2026-09-30T07:26:46+08:00   FAIL BF4: Expected at least 1; detected 0
2026-09-30T07:26:46+08:00   WARN PrMo0CPU0EnfEDP0: 2 rows share this sensor name with differing values; review each row
2026-09-30T07:26:46+08:00   WARN PrMo0CPU1EnfEDP0: 2 rows share this sensor name with differing values; review each row
2026-09-30T07:26:46+08:00 Loop 81: L105-21R_n3 | system check done
2026-09-30T07:26:46+08:00 Loop 81: L105-21R_n3 | DONE
2026-09-30T07:26:46+08:00 L105-21R_n3 | LOOP 81 | FAIL
2026-09-30T07:26:46+08:00   FAIL BF4: Expected at least 1; detected 0
2026-09-30T07:26:46+08:00   WARN PrMo0CPU0EnfEDP0: 2 rows share this sensor name with differing values; review each row
2026-09-30T07:26:46+08:00   WARN PrMo0CPU1EnfEDP0: 2 rows share this sensor name with differing values; review each row
2026-09-30T07:26:46+08:00 Loop 82: starting 3 target(s) concurrently
2026-09-30T07:26:48+08:00 Loop 82: L105-21R_n1 | aux cycle sent
2026-09-30T07:26:48+08:00 Loop 82: L105-21R_n1 | waiting OS boot
2026-09-30T07:26:48+08:00 Loop 82: L105-21R_n3 | aux cycle sent
2026-09-30T07:26:48+08:00 Loop 82: L105-21R_n3 | waiting OS boot
2026-09-30T07:26:48+08:00 Loop 82: L105-21R_n2 | aux cycle sent
2026-09-30T07:26:48+08:00 Loop 82: L105-21R_n2 | waiting OS boot
2026-09-30T07:27:16+08:00 Loop 82: still running — L105-21R_n1: waiting OS boot, L105-21R_n2: waiting OS boot, L105-21R_n3: waiting OS boot
2026-09-30T07:27:46+08:00 Loop 82: still running — L105-21R_n1: waiting OS boot, L105-21R_n2: waiting OS boot, L105-21R_n3: waiting OS boot
2026-09-30T07:28:16+08:00 Loop 82: still running — L105-21R_n1: waiting OS boot, L105-21R_n2: waiting OS boot, L105-21R_n3: waiting OS boot
2026-09-30T07:28:46+08:00 Loop 82: still running — L105-21R_n1: waiting OS boot, L105-21R_n2: waiting OS boot, L105-21R_n3: waiting OS boot
2026-09-30T07:29:16+08:00 Loop 82: still running — L105-21R_n1: waiting OS boot, L105-21R_n2: waiting OS boot, L105-21R_n3: waiting OS boot
2026-09-30T07:29:46+08:00 Loop 82: still running — L105-21R_n1: waiting OS boot, L105-21R_n2: waiting OS boot, L105-21R_n3: waiting OS boot
2026-09-30T07:30:16+08:00 Loop 82: still running — L105-21R_n1: waiting OS boot, L105-21R_n2: waiting OS boot, L105-21R_n3: waiting OS boot
2026-09-30T07:30:46+08:00 Loop 82: still running — L105-21R_n1: waiting OS boot, L105-21R_n2: waiting OS boot, L105-21R_n3: waiting OS boot
2026-09-30T07:31:16+08:00 Loop 82: still running — L105-21R_n1: waiting OS boot, L105-21R_n2: waiting OS boot, L105-21R_n3: waiting OS boot
2026-09-30T07:31:20+08:00 Loop 82: L105-21R_n1 | OS up, system check running
2026-09-30T07:31:27+08:00 Loop 82: L105-21R_n2 | OS up, system check running
2026-09-30T07:31:28+08:00 Loop 82: L105-21R_n3 | OS up, system check running
2026-09-30T07:31:42+08:00 Loop 82: L105-21R_n1 | system check done
2026-09-30T07:31:42+08:00 Loop 82: L105-21R_n1 | DONE
2026-09-30T07:31:42+08:00 L105-21R_n1 | LOOP 82 | FAIL
2026-09-30T07:31:42+08:00   FAIL BF4: Expected at least 1; detected 0
2026-09-30T07:31:42+08:00   FAIL 0004:01:00.0: Non-Volatile memory controller: KIOXIA Corporation NVMe SSD Controller XD8 (rev 01) (prog-if 02 [NVM Express]): LnkSta: Speed 32GT/s, Width x2 (downgraded)
2026-09-30T07:31:42+08:00   WARN PrMo0CPU0EnfEDP0: 2 rows share this sensor name with differing values; review each row
2026-09-30T07:31:42+08:00   WARN PrMo0CPU1EnfEDP0: 2 rows share this sensor name with differing values; review each row
2026-09-30T07:31:48+08:00 Loop 82: L105-21R_n2 | system check done
2026-09-30T07:31:48+08:00 Loop 82: L105-21R_n2 | DONE
2026-09-30T07:31:48+08:00 L105-21R_n2 | LOOP 82 | FAIL
2026-09-30T07:31:48+08:00   FAIL BF4: Expected at least 1; detected 0
2026-09-30T07:31:48+08:00   WARN PrMo0CPU0EnfEDP0: 2 rows share this sensor name with differing values; review each row
2026-09-30T07:31:48+08:00   WARN PrMo0CPU1EnfEDP0: 2 rows share this sensor name with differing values; review each row
2026-09-30T07:31:48+08:00 Loop 82: L105-21R_n3 | system check done
2026-09-30T07:31:48+08:00 Loop 82: L105-21R_n3 | DONE
2026-09-30T07:31:48+08:00 L105-21R_n3 | LOOP 82 | FAIL
2026-09-30T07:31:48+08:00   FAIL BF4: Expected at least 1; detected 0
2026-09-30T07:31:48+08:00   WARN PrMo0CPU0EnfEDP0: 2 rows share this sensor name with differing values; review each row
2026-09-30T07:31:48+08:00   WARN PrMo0CPU1EnfEDP0: 2 rows share this sensor name with differing values; review each row
2026-09-30T07:31:49+08:00 Loop 83: starting 3 target(s) concurrently
2026-09-30T07:31:50+08:00 Loop 83: L105-21R_n1 | aux cycle sent
2026-09-30T07:31:50+08:00 Loop 83: L105-21R_n1 | waiting OS boot
2026-09-30T07:31:50+08:00 Loop 83: L105-21R_n3 | aux cycle sent
2026-09-30T07:31:50+08:00 Loop 83: L105-21R_n3 | waiting OS boot
2026-09-30T07:31:50+08:00 Loop 83: L105-21R_n2 | aux cycle sent
2026-09-30T07:31:50+08:00 Loop 83: L105-21R_n2 | waiting OS boot
2026-09-30T07:32:19+08:00 Loop 83: still running — L105-21R_n1: waiting OS boot, L105-21R_n2: waiting OS boot, L105-21R_n3: waiting OS boot
2026-09-30T07:32:49+08:00 Loop 83: still running — L105-21R_n1: waiting OS boot, L105-21R_n2: waiting OS boot, L105-21R_n3: waiting OS boot
2026-09-30T07:33:19+08:00 Loop 83: still running — L105-21R_n1: waiting OS boot, L105-21R_n2: waiting OS boot, L105-21R_n3: waiting OS boot
2026-09-30T07:33:49+08:00 Loop 83: still running — L105-21R_n1: waiting OS boot, L105-21R_n2: waiting OS boot, L105-21R_n3: waiting OS boot
2026-09-30T07:34:19+08:00 Loop 83: still running — L105-21R_n1: waiting OS boot, L105-21R_n2: waiting OS boot, L105-21R_n3: waiting OS boot
2026-09-30T07:34:49+08:00 Loop 83: still running — L105-21R_n1: waiting OS boot, L105-21R_n2: waiting OS boot, L105-21R_n3: waiting OS boot
2026-09-30T07:35:19+08:00 Loop 83: still running — L105-21R_n1: waiting OS boot, L105-21R_n2: waiting OS boot, L105-21R_n3: waiting OS boot
2026-09-30T07:35:49+08:00 Loop 83: still running — L105-21R_n1: waiting OS boot, L105-21R_n2: waiting OS boot, L105-21R_n3: waiting OS boot
2026-09-30T07:36:19+08:00 Loop 83: still running — L105-21R_n1: waiting OS boot, L105-21R_n2: waiting OS boot, L105-21R_n3: waiting OS boot
2026-09-30T07:36:26+08:00 Loop 83: L105-21R_n1 | OS up, system check running
2026-09-30T07:36:32+08:00 Loop 83: L105-21R_n3 | OS up, system check running
2026-09-30T07:36:32+08:00 Loop 83: L105-21R_n2 | OS up, system check running
2026-09-30T07:36:47+08:00 Loop 83: L105-21R_n1 | system check done
2026-09-30T07:36:47+08:00 Loop 83: L105-21R_n1 | DONE
2026-09-30T07:36:47+08:00 L105-21R_n1 | LOOP 83 | FAIL
2026-09-30T07:36:47+08:00   FAIL BF4: Expected at least 1; detected 0
2026-09-30T07:36:47+08:00   FAIL 0004:01:00.0: Non-Volatile memory controller: KIOXIA Corporation NVMe SSD Controller XD8 (rev 01) (prog-if 02 [NVM Express]): LnkSta: Speed 32GT/s, Width x2 (downgraded)
2026-09-30T07:36:47+08:00   WARN PrMo0CPU0EnfEDP0: 2 rows share this sensor name with differing values; review each row
2026-09-30T07:36:47+08:00   WARN PrMo0CPU1EnfEDP0: 2 rows share this sensor name with differing values; review each row
2026-09-30T07:36:53+08:00 Loop 83: L105-21R_n3 | system check done
2026-09-30T07:36:53+08:00 Loop 83: L105-21R_n3 | DONE
2026-09-30T07:36:53+08:00 L105-21R_n3 | LOOP 83 | FAIL
2026-09-30T07:36:53+08:00   FAIL BF4: Expected at least 1; detected 0
2026-09-30T07:36:53+08:00   WARN PrMo0CPU0EnfEDP0: 2 rows share this sensor name with differing values; review each row
2026-09-30T07:36:53+08:00   WARN PrMo0CPU1EnfEDP0: 2 rows share this sensor name with differing values; review each row
2026-09-30T07:36:53+08:00 Loop 83: L105-21R_n2 | system check done
2026-09-30T07:36:53+08:00 Loop 83: L105-21R_n2 | DONE
2026-09-30T07:36:53+08:00 L105-21R_n2 | LOOP 83 | FAIL
2026-09-30T07:36:53+08:00   FAIL BF4: Expected at least 1; detected 0
2026-09-30T07:36:53+08:00   WARN PrMo0CPU0EnfEDP0: 2 rows share this sensor name with differing values; review each row
2026-09-30T07:36:53+08:00   WARN PrMo0CPU1EnfEDP0: 2 rows share this sensor name with differing values; review each row
2026-09-30T07:36:53+08:00 Loop 84: starting 3 target(s) concurrently
2026-09-30T07:36:55+08:00 Loop 84: L105-21R_n3 | aux cycle sent
2026-09-30T07:36:55+08:00 Loop 84: L105-21R_n3 | waiting OS boot
2026-09-30T07:36:55+08:00 Loop 84: L105-21R_n2 | aux cycle sent
2026-09-30T07:36:55+08:00 Loop 84: L105-21R_n2 | waiting OS boot
2026-09-30T07:36:55+08:00 Loop 84: L105-21R_n1 | aux cycle sent
2026-09-30T07:36:55+08:00 Loop 84: L105-21R_n1 | waiting OS boot
2026-09-30T07:37:23+08:00 Loop 84: still running — L105-21R_n1: waiting OS boot, L105-21R_n2: waiting OS boot, L105-21R_n3: waiting OS boot
2026-09-30T07:37:53+08:00 Loop 84: still running — L105-21R_n1: waiting OS boot, L105-21R_n2: waiting OS boot, L105-21R_n3: waiting OS boot
2026-09-30T07:38:23+08:00 Loop 84: still running — L105-21R_n1: waiting OS boot, L105-21R_n2: waiting OS boot, L105-21R_n3: waiting OS boot
2026-09-30T07:38:53+08:00 Loop 84: still running — L105-21R_n1: waiting OS boot, L105-21R_n2: waiting OS boot, L105-21R_n3: waiting OS boot
2026-09-30T07:39:23+08:00 Loop 84: still running — L105-21R_n1: waiting OS boot, L105-21R_n2: waiting OS boot, L105-21R_n3: waiting OS boot
2026-09-30T07:39:53+08:00 Loop 84: still running — L105-21R_n1: waiting OS boot, L105-21R_n2: waiting OS boot, L105-21R_n3: waiting OS boot
2026-09-30T07:40:23+08:00 Loop 84: still running — L105-21R_n1: waiting OS boot, L105-21R_n2: waiting OS boot, L105-21R_n3: waiting OS boot
2026-09-30T07:40:53+08:00 Loop 84: still running — L105-21R_n1: waiting OS boot, L105-21R_n2: waiting OS boot, L105-21R_n3: waiting OS boot
2026-09-30T07:41:23+08:00 Loop 84: still running — L105-21R_n1: waiting OS boot, L105-21R_n2: waiting OS boot, L105-21R_n3: waiting OS boot
2026-09-30T07:41:30+08:00 Loop 84: L105-21R_n1 | OS up, system check running
2026-09-30T07:41:36+08:00 Loop 84: L105-21R_n2 | OS up, system check running
2026-09-30T07:41:37+08:00 Loop 84: L105-21R_n3 | OS up, system check running
2026-09-30T07:41:52+08:00 Loop 84: L105-21R_n1 | system check done
2026-09-30T07:41:52+08:00 Loop 84: L105-21R_n1 | DONE
2026-09-30T07:41:52+08:00 L105-21R_n1 | LOOP 84 | FAIL
2026-09-30T07:41:52+08:00   FAIL BF4: Expected at least 1; detected 0
2026-09-30T07:41:52+08:00   FAIL 0004:01:00.0: Non-Volatile memory controller: KIOXIA Corporation NVMe SSD Controller XD8 (rev 01) (prog-if 02 [NVM Express]): LnkSta: Speed 32GT/s, Width x2 (downgraded)
2026-09-30T07:41:52+08:00   WARN PrMo0CPU0EnfEDP0: 2 rows share this sensor name with differing values; review each row
2026-09-30T07:41:52+08:00   WARN PrMo0CPU1EnfEDP0: 2 rows share this sensor name with differing values; review each row
2026-09-30T07:41:57+08:00 Loop 84: L105-21R_n2 | system check done
2026-09-30T07:41:57+08:00 Loop 84: L105-21R_n2 | DONE
2026-09-30T07:41:57+08:00 L105-21R_n2 | LOOP 84 | FAIL
2026-09-30T07:41:57+08:00   FAIL BF4: Expected at least 1; detected 0
2026-09-30T07:41:57+08:00   WARN PrMo0CPU0EnfEDP0: 2 rows share this sensor name with differing values; review each row
2026-09-30T07:41:57+08:00   WARN PrMo0CPU1EnfEDP0: 2 rows share this sensor name with differing values; review each row
2026-09-30T07:41:57+08:00 Loop 84: L105-21R_n3 | system check done
2026-09-30T07:41:57+08:00 Loop 84: L105-21R_n3 | DONE
2026-09-30T07:41:57+08:00 L105-21R_n3 | LOOP 84 | FAIL
2026-09-30T07:41:57+08:00   FAIL BF4: Expected at least 1; detected 0
2026-09-30T07:41:57+08:00   WARN PrMo0CPU0EnfEDP0: 2 rows share this sensor name with differing values; review each row
2026-09-30T07:41:57+08:00   WARN PrMo0CPU1EnfEDP0: 2 rows share this sensor name with differing values; review each row
2026-09-30T07:41:58+08:00 Loop 85: starting 3 target(s) concurrently
2026-09-30T07:41:59+08:00 Loop 85: L105-21R_n1 | aux cycle sent
2026-09-30T07:41:59+08:00 Loop 85: L105-21R_n1 | waiting OS boot
2026-09-30T07:41:59+08:00 Loop 85: L105-21R_n3 | aux cycle sent
2026-09-30T07:41:59+08:00 Loop 85: L105-21R_n3 | waiting OS boot
2026-09-30T07:41:59+08:00 Loop 85: L105-21R_n2 | aux cycle sent
2026-09-30T07:41:59+08:00 Loop 85: L105-21R_n2 | waiting OS boot
2026-09-30T07:42:28+08:00 Loop 85: still running — L105-21R_n1: waiting OS boot, L105-21R_n2: waiting OS boot, L105-21R_n3: waiting OS boot
2026-09-30T07:42:58+08:00 Loop 85: still running — L105-21R_n1: waiting OS boot, L105-21R_n2: waiting OS boot, L105-21R_n3: waiting OS boot
2026-09-30T07:43:28+08:00 Loop 85: still running — L105-21R_n1: waiting OS boot, L105-21R_n2: waiting OS boot, L105-21R_n3: waiting OS boot
2026-09-30T07:43:58+08:00 Loop 85: still running — L105-21R_n1: waiting OS boot, L105-21R_n2: waiting OS boot, L105-21R_n3: waiting OS boot
2026-09-30T07:44:28+08:00 Loop 85: still running — L105-21R_n1: waiting OS boot, L105-21R_n2: waiting OS boot, L105-21R_n3: waiting OS boot
2026-09-30T07:44:58+08:00 Loop 85: still running — L105-21R_n1: waiting OS boot, L105-21R_n2: waiting OS boot, L105-21R_n3: waiting OS boot
2026-09-30T07:45:28+08:00 Loop 85: still running — L105-21R_n1: waiting OS boot, L105-21R_n2: waiting OS boot, L105-21R_n3: waiting OS boot
2026-09-30T07:45:58+08:00 Loop 85: still running — L105-21R_n1: waiting OS boot, L105-21R_n2: waiting OS boot, L105-21R_n3: waiting OS boot
2026-09-30T07:46:28+08:00 Loop 85: still running — L105-21R_n1: waiting OS boot, L105-21R_n2: waiting OS boot, L105-21R_n3: waiting OS boot
2026-09-30T07:46:32+08:00 Loop 85: L105-21R_n1 | OS up, system check running
2026-09-30T07:46:39+08:00 Loop 85: L105-21R_n2 | OS up, system check running
2026-09-30T07:46:39+08:00 Loop 85: L105-21R_n3 | OS up, system check running
2026-09-30T07:46:54+08:00 Loop 85: L105-21R_n1 | system check done
2026-09-30T07:46:54+08:00 Loop 85: L105-21R_n1 | DONE
2026-09-30T07:46:54+08:00 L105-21R_n1 | LOOP 85 | FAIL
2026-09-30T07:46:54+08:00   FAIL BF4: Expected at least 1; detected 0
2026-09-30T07:46:54+08:00   FAIL 0004:01:00.0: Non-Volatile memory controller: KIOXIA Corporation NVMe SSD Controller XD8 (rev 01) (prog-if 02 [NVM Express]): LnkSta: Speed 32GT/s, Width x2 (downgraded)
2026-09-30T07:46:54+08:00   WARN PrMo0CPU0EnfEDP0: 2 rows share this sensor name with differing values; review each row
2026-09-30T07:46:54+08:00   WARN PrMo0CPU1EnfEDP0: 2 rows share this sensor name with differing values; review each row
2026-09-30T07:47:00+08:00 Loop 85: L105-21R_n2 | system check done
2026-09-30T07:47:00+08:00 Loop 85: L105-21R_n2 | DONE
2026-09-30T07:47:00+08:00 L105-21R_n2 | LOOP 85 | FAIL
2026-09-30T07:47:00+08:00   FAIL BF4: Expected at least 1; detected 0
2026-09-30T07:47:00+08:00   WARN PrMo0CPU0EnfEDP0: 2 rows share this sensor name with differing values; review each row
2026-09-30T07:47:00+08:00   WARN PrMo0CPU1EnfEDP0: 2 rows share this sensor name with differing values; review each row
2026-09-30T07:47:00+08:00 Loop 85: L105-21R_n3 | system check done
2026-09-30T07:47:00+08:00 Loop 85: L105-21R_n3 | DONE
2026-09-30T07:47:00+08:00 L105-21R_n3 | LOOP 85 | FAIL
2026-09-30T07:47:00+08:00   FAIL BF4: Expected at least 1; detected 0
2026-09-30T07:47:00+08:00   WARN PrMo0CPU0EnfEDP0: 2 rows share this sensor name with differing values; review each row
2026-09-30T07:47:00+08:00   WARN PrMo0CPU1EnfEDP0: 2 rows share this sensor name with differing values; review each row
2026-09-30T07:47:00+08:00 Loop 86: starting 3 target(s) concurrently
2026-09-30T07:47:02+08:00 Loop 86: L105-21R_n1 | aux cycle sent
2026-09-30T07:47:02+08:00 Loop 86: L105-21R_n1 | waiting OS boot
2026-09-30T07:47:02+08:00 Loop 86: L105-21R_n2 | aux cycle sent
2026-09-30T07:47:02+08:00 Loop 86: L105-21R_n2 | waiting OS boot
2026-09-30T07:47:02+08:00 Loop 86: L105-21R_n3 | aux cycle sent
2026-09-30T07:47:02+08:00 Loop 86: L105-21R_n3 | waiting OS boot
2026-09-30T07:47:30+08:00 Loop 86: still running — L105-21R_n1: waiting OS boot, L105-21R_n2: waiting OS boot, L105-21R_n3: waiting OS boot
2026-09-30T07:48:00+08:00 Loop 86: still running — L105-21R_n1: waiting OS boot, L105-21R_n2: waiting OS boot, L105-21R_n3: waiting OS boot
2026-09-30T07:48:30+08:00 Loop 86: still running — L105-21R_n1: waiting OS boot, L105-21R_n2: waiting OS boot, L105-21R_n3: waiting OS boot
2026-09-30T07:49:00+08:00 Loop 86: still running — L105-21R_n1: waiting OS boot, L105-21R_n2: waiting OS boot, L105-21R_n3: waiting OS boot
2026-09-30T07:49:30+08:00 Loop 86: still running — L105-21R_n1: waiting OS boot, L105-21R_n2: waiting OS boot, L105-21R_n3: waiting OS boot
2026-09-30T07:50:00+08:00 Loop 86: still running — L105-21R_n1: waiting OS boot, L105-21R_n2: waiting OS boot, L105-21R_n3: waiting OS boot
2026-09-30T07:50:30+08:00 Loop 86: still running — L105-21R_n1: waiting OS boot, L105-21R_n2: waiting OS boot, L105-21R_n3: waiting OS boot
2026-09-30T07:51:00+08:00 Loop 86: still running — L105-21R_n1: waiting OS boot, L105-21R_n2: waiting OS boot, L105-21R_n3: waiting OS boot
2026-09-30T07:51:30+08:00 Loop 86: still running — L105-21R_n1: waiting OS boot, L105-21R_n2: waiting OS boot, L105-21R_n3: waiting OS boot
2026-09-30T07:51:35+08:00 Loop 86: L105-21R_n1 | OS up, system check running
2026-09-30T07:51:40+08:00 Loop 86: L105-21R_n2 | OS up, system check running
2026-09-30T07:51:40+08:00 Loop 86: L105-21R_n3 | OS up, system check running
2026-09-30T07:51:57+08:00 Loop 86: L105-21R_n1 | system check done
2026-09-30T07:51:57+08:00 Loop 86: L105-21R_n1 | DONE
2026-09-30T07:51:57+08:00 L105-21R_n1 | LOOP 86 | FAIL
2026-09-30T07:51:57+08:00   FAIL BF4: Expected at least 1; detected 0
2026-09-30T07:51:57+08:00   FAIL 0004:01:00.0: Non-Volatile memory controller: KIOXIA Corporation NVMe SSD Controller XD8 (rev 01) (prog-if 02 [NVM Express]): LnkSta: Speed 32GT/s, Width x2 (downgraded)
2026-09-30T07:51:57+08:00   WARN PrMo0CPU0EnfEDP0: 2 rows share this sensor name with differing values; review each row
2026-09-30T07:51:57+08:00   WARN PrMo0CPU1EnfEDP0: 2 rows share this sensor name with differing values; review each row
2026-09-30T07:52:00+08:00 Loop 86: L105-21R_n2 | system check done
2026-09-30T07:52:00+08:00 Loop 86: L105-21R_n2 | DONE
2026-09-30T07:52:00+08:00 L105-21R_n2 | LOOP 86 | FAIL
2026-09-30T07:52:00+08:00   FAIL BF4: Expected at least 1; detected 0
2026-09-30T07:52:00+08:00   WARN PrMo0CPU0EnfEDP0: 2 rows share this sensor name with differing values; review each row
2026-09-30T07:52:00+08:00   WARN PrMo0CPU1EnfEDP0: 2 rows share this sensor name with differing values; review each row
2026-09-30T07:52:02+08:00 Loop 86: L105-21R_n3 | system check done
2026-09-30T07:52:02+08:00 Loop 86: L105-21R_n3 | DONE
2026-09-30T07:52:02+08:00 L105-21R_n3 | LOOP 86 | FAIL
2026-09-30T07:52:02+08:00   FAIL BF4: Expected at least 1; detected 0
2026-09-30T07:52:02+08:00   WARN PrMo0CPU0EnfEDP0: 2 rows share this sensor name with differing values; review each row
2026-09-30T07:52:02+08:00   WARN PrMo0CPU1EnfEDP0: 2 rows share this sensor name with differing values; review each row
2026-09-30T07:52:02+08:00 Loop 87: starting 3 target(s) concurrently
2026-09-30T07:52:04+08:00 Loop 87: L105-21R_n3 | aux cycle sent
2026-09-30T07:52:04+08:00 Loop 87: L105-21R_n3 | waiting OS boot
2026-09-30T07:52:04+08:00 Loop 87: L105-21R_n1 | aux cycle sent
2026-09-30T07:52:04+08:00 Loop 87: L105-21R_n1 | waiting OS boot
2026-09-30T07:52:04+08:00 Loop 87: L105-21R_n2 | aux cycle sent
2026-09-30T07:52:04+08:00 Loop 87: L105-21R_n2 | waiting OS boot
2026-09-30T07:52:32+08:00 Loop 87: still running — L105-21R_n1: waiting OS boot, L105-21R_n2: waiting OS boot, L105-21R_n3: waiting OS boot
2026-09-30T07:53:02+08:00 Loop 87: still running — L105-21R_n1: waiting OS boot, L105-21R_n2: waiting OS boot, L105-21R_n3: waiting OS boot
2026-09-30T07:53:32+08:00 Loop 87: still running — L105-21R_n1: waiting OS boot, L105-21R_n2: waiting OS boot, L105-21R_n3: waiting OS boot
2026-09-30T07:54:02+08:00 Loop 87: still running — L105-21R_n1: waiting OS boot, L105-21R_n2: waiting OS boot, L105-21R_n3: waiting OS boot
2026-09-30T07:54:32+08:00 Loop 87: still running — L105-21R_n1: waiting OS boot, L105-21R_n2: waiting OS boot, L105-21R_n3: waiting OS boot
2026-09-30T07:55:02+08:00 Loop 87: still running — L105-21R_n1: waiting OS boot, L105-21R_n2: waiting OS boot, L105-21R_n3: waiting OS boot
2026-09-30T07:55:32+08:00 Loop 87: still running — L105-21R_n1: waiting OS boot, L105-21R_n2: waiting OS boot, L105-21R_n3: waiting OS boot
2026-09-30T07:56:02+08:00 Loop 87: still running — L105-21R_n1: waiting OS boot, L105-21R_n2: waiting OS boot, L105-21R_n3: waiting OS boot
2026-09-30T07:56:32+08:00 Loop 87: still running — L105-21R_n1: waiting OS boot, L105-21R_n2: waiting OS boot, L105-21R_n3: waiting OS boot
2026-09-30T07:56:36+08:00 Loop 87: L105-21R_n1 | OS up, system check running
2026-09-30T07:56:41+08:00 Loop 87: L105-21R_n2 | OS up, system check running
2026-09-30T07:56:42+08:00 Loop 87: L105-21R_n3 | OS up, system check running
2026-09-30T07:56:58+08:00 Loop 87: L105-21R_n1 | system check done
2026-09-30T07:56:58+08:00 Loop 87: L105-21R_n1 | DONE
2026-09-30T07:56:58+08:00 L105-21R_n1 | LOOP 87 | FAIL
2026-09-30T07:56:58+08:00   FAIL BF4: Expected at least 1; detected 0
2026-09-30T07:56:58+08:00   FAIL 0004:01:00.0: Non-Volatile memory controller: KIOXIA Corporation NVMe SSD Controller XD8 (rev 01) (prog-if 02 [NVM Express]): LnkSta: Speed 32GT/s, Width x2 (downgraded)
2026-09-30T07:56:58+08:00   WARN PrMo0CPU0EnfEDP0: 2 rows share this sensor name with differing values; review each row
2026-09-30T07:56:58+08:00   WARN PrMo0CPU1EnfEDP0: 2 rows share this sensor name with differing values; review each row
2026-09-30T07:57:02+08:00 Loop 87: L105-21R_n2 | system check done
2026-09-30T07:57:02+08:00 Loop 87: L105-21R_n2 | DONE
2026-09-30T07:57:02+08:00 L105-21R_n2 | LOOP 87 | FAIL
2026-09-30T07:57:02+08:00   FAIL BF4: Expected at least 1; detected 0
2026-09-30T07:57:02+08:00   WARN PrMo0CPU0EnfEDP0: 2 rows share this sensor name with differing values; review each row
2026-09-30T07:57:02+08:00   WARN PrMo0CPU1EnfEDP0: 2 rows share this sensor name with differing values; review each row
2026-09-30T07:57:02+08:00 Loop 87: L105-21R_n3 | system check done
2026-09-30T07:57:02+08:00 Loop 87: L105-21R_n3 | DONE
2026-09-30T07:57:02+08:00 L105-21R_n3 | LOOP 87 | FAIL
2026-09-30T07:57:02+08:00   FAIL BF4: Expected at least 1; detected 0
2026-09-30T07:57:02+08:00   WARN PrMo0CPU0EnfEDP0: 2 rows share this sensor name with differing values; review each row
2026-09-30T07:57:02+08:00   WARN PrMo0CPU1EnfEDP0: 2 rows share this sensor name with differing values; review each row
2026-09-30T07:57:03+08:00 Loop 88: starting 3 target(s) concurrently
2026-09-30T07:57:04+08:00 Loop 88: L105-21R_n3 | aux cycle sent
2026-09-30T07:57:04+08:00 Loop 88: L105-21R_n3 | waiting OS boot
2026-09-30T07:57:04+08:00 Loop 88: L105-21R_n2 | aux cycle sent
2026-09-30T07:57:04+08:00 Loop 88: L105-21R_n2 | waiting OS boot
2026-09-30T07:57:05+08:00 Loop 88: L105-21R_n1 | aux cycle sent
2026-09-30T07:57:05+08:00 Loop 88: L105-21R_n1 | waiting OS boot
2026-09-30T07:57:33+08:00 Loop 88: still running — L105-21R_n1: waiting OS boot, L105-21R_n2: waiting OS boot, L105-21R_n3: waiting OS boot
2026-09-30T07:58:03+08:00 Loop 88: still running — L105-21R_n1: waiting OS boot, L105-21R_n2: waiting OS boot, L105-21R_n3: waiting OS boot
2026-09-30T07:58:33+08:00 Loop 88: still running — L105-21R_n1: waiting OS boot, L105-21R_n2: waiting OS boot, L105-21R_n3: waiting OS boot
2026-09-30T07:59:03+08:00 Loop 88: still running — L105-21R_n1: waiting OS boot, L105-21R_n2: waiting OS boot, L105-21R_n3: waiting OS boot
2026-09-30T07:59:33+08:00 Loop 88: still running — L105-21R_n1: waiting OS boot, L105-21R_n2: waiting OS boot, L105-21R_n3: waiting OS boot
2026-09-30T08:00:03+08:00 Loop 88: still running — L105-21R_n1: waiting OS boot, L105-21R_n2: waiting OS boot, L105-21R_n3: waiting OS boot
2026-09-30T08:00:33+08:00 Loop 88: still running — L105-21R_n1: waiting OS boot, L105-21R_n2: waiting OS boot, L105-21R_n3: waiting OS boot
2026-09-30T08:01:03+08:00 Loop 88: still running — L105-21R_n1: waiting OS boot, L105-21R_n2: waiting OS boot, L105-21R_n3: waiting OS boot
2026-09-30T08:01:33+08:00 Loop 88: still running — L105-21R_n1: waiting OS boot, L105-21R_n2: waiting OS boot, L105-21R_n3: waiting OS boot
2026-09-30T08:01:42+08:00 Loop 88: L105-21R_n2 | OS up, system check running
2026-09-30T08:01:42+08:00 Loop 88: L105-21R_n3 | OS up, system check running
2026-09-30T08:01:46+08:00 Loop 88: L105-21R_n1 | OS up, system check running
2026-09-30T08:02:03+08:00 Loop 88: still running — L105-21R_n1: OS up, system check running, L105-21R_n2: OS up, system check running, L105-21R_n3: OS up, system check running
2026-09-30T08:02:03+08:00 Loop 88: L105-21R_n2 | system check done
2026-09-30T08:02:03+08:00 Loop 88: L105-21R_n2 | DONE
2026-09-30T08:02:03+08:00 L105-21R_n2 | LOOP 88 | FAIL
2026-09-30T08:02:03+08:00   FAIL BF4: Expected at least 1; detected 0
2026-09-30T08:02:03+08:00   WARN PrMo0CPU0EnfEDP0: 2 rows share this sensor name with differing values; review each row
2026-09-30T08:02:03+08:00   WARN PrMo0CPU1EnfEDP0: 2 rows share this sensor name with differing values; review each row
2026-09-30T08:02:04+08:00 Loop 88: L105-21R_n3 | system check done
2026-09-30T08:02:04+08:00 Loop 88: L105-21R_n3 | DONE
2026-09-30T08:02:04+08:00 L105-21R_n3 | LOOP 88 | FAIL
2026-09-30T08:02:04+08:00   FAIL BF4: Expected at least 1; detected 0
2026-09-30T08:02:04+08:00   WARN PrMo0CPU0EnfEDP0: 2 rows share this sensor name with differing values; review each row
2026-09-30T08:02:04+08:00   WARN PrMo0CPU1EnfEDP0: 2 rows share this sensor name with differing values; review each row
2026-09-30T08:02:07+08:00 Loop 88: L105-21R_n1 | system check done
2026-09-30T08:02:07+08:00 Loop 88: L105-21R_n1 | DONE
2026-09-30T08:02:07+08:00 L105-21R_n1 | LOOP 88 | FAIL
2026-09-30T08:02:07+08:00   FAIL BF4: Expected at least 1; detected 0
2026-09-30T08:02:07+08:00   FAIL 0004:01:00.0: Non-Volatile memory controller: KIOXIA Corporation NVMe SSD Controller XD8 (rev 01) (prog-if 02 [NVM Express]): LnkSta: Speed 32GT/s, Width x2 (downgraded)
2026-09-30T08:02:07+08:00   WARN PrMo0CPU0EnfEDP0: 2 rows share this sensor name with differing values; review each row
2026-09-30T08:02:07+08:00   WARN PrMo0CPU1EnfEDP0: 2 rows share this sensor name with differing values; review each row
2026-09-30T08:02:08+08:00 Loop 89: starting 3 target(s) concurrently
2026-09-30T08:02:09+08:00 Loop 89: L105-21R_n1 | aux cycle sent
2026-09-30T08:02:09+08:00 Loop 89: L105-21R_n1 | waiting OS boot
2026-09-30T08:02:09+08:00 Loop 89: L105-21R_n2 | aux cycle sent
2026-09-30T08:02:09+08:00 Loop 89: L105-21R_n2 | waiting OS boot
2026-09-30T08:02:09+08:00 Loop 89: L105-21R_n3 | aux cycle sent
2026-09-30T08:02:09+08:00 Loop 89: L105-21R_n3 | waiting OS boot
2026-09-30T08:02:38+08:00 Loop 89: still running — L105-21R_n1: waiting OS boot, L105-21R_n2: waiting OS boot, L105-21R_n3: waiting OS boot
2026-09-30T08:03:08+08:00 Loop 89: still running — L105-21R_n1: waiting OS boot, L105-21R_n2: waiting OS boot, L105-21R_n3: waiting OS boot
2026-09-30T08:03:38+08:00 Loop 89: still running — L105-21R_n1: waiting OS boot, L105-21R_n2: waiting OS boot, L105-21R_n3: waiting OS boot
2026-09-30T08:04:08+08:00 Loop 89: still running — L105-21R_n1: waiting OS boot, L105-21R_n2: waiting OS boot, L105-21R_n3: waiting OS boot
2026-09-30T08:04:38+08:00 Loop 89: still running — L105-21R_n1: waiting OS boot, L105-21R_n2: waiting OS boot, L105-21R_n3: waiting OS boot
2026-09-30T08:05:08+08:00 Loop 89: still running — L105-21R_n1: waiting OS boot, L105-21R_n2: waiting OS boot, L105-21R_n3: waiting OS boot
2026-09-30T08:05:38+08:00 Loop 89: still running — L105-21R_n1: waiting OS boot, L105-21R_n2: waiting OS boot, L105-21R_n3: waiting OS boot
2026-09-30T08:06:08+08:00 Loop 89: still running — L105-21R_n1: waiting OS boot, L105-21R_n2: waiting OS boot, L105-21R_n3: waiting OS boot
2026-09-30T08:06:38+08:00 Loop 89: still running — L105-21R_n1: waiting OS boot, L105-21R_n2: waiting OS boot, L105-21R_n3: waiting OS boot
2026-09-30T08:06:42+08:00 Loop 89: L105-21R_n1 | OS up, system check running
2026-09-30T08:06:47+08:00 Loop 89: L105-21R_n2 | OS up, system check running
2026-09-30T08:06:47+08:00 Loop 89: L105-21R_n3 | OS up, system check running
2026-09-30T08:07:04+08:00 Loop 89: L105-21R_n1 | system check done
2026-09-30T08:07:04+08:00 Loop 89: L105-21R_n1 | DONE
2026-09-30T08:07:04+08:00 L105-21R_n1 | LOOP 89 | FAIL
2026-09-30T08:07:04+08:00   FAIL BF4: Expected at least 1; detected 0
2026-09-30T08:07:04+08:00   FAIL 0004:01:00.0: Non-Volatile memory controller: KIOXIA Corporation NVMe SSD Controller XD8 (rev 01) (prog-if 02 [NVM Express]): LnkSta: Speed 32GT/s, Width x2 (downgraded)
2026-09-30T08:07:04+08:00   WARN PrMo0CPU0EnfEDP0: 2 rows share this sensor name with differing values; review each row
2026-09-30T08:07:04+08:00   WARN PrMo0CPU1EnfEDP0: 2 rows share this sensor name with differing values; review each row
2026-09-30T08:07:08+08:00 Loop 89: L105-21R_n3 | system check done
2026-09-30T08:07:08+08:00 Loop 89: L105-21R_n3 | DONE
2026-09-30T08:07:08+08:00 L105-21R_n3 | LOOP 89 | FAIL
2026-09-30T08:07:08+08:00   FAIL BF4: Expected at least 1; detected 0
2026-09-30T08:07:08+08:00   WARN PrMo0CPU0EnfEDP0: 2 rows share this sensor name with differing values; review each row
2026-09-30T08:07:08+08:00   WARN PrMo0CPU1EnfEDP0: 2 rows share this sensor name with differing values; review each row
2026-09-30T08:07:08+08:00 Loop 89: L105-21R_n2 | system check done
2026-09-30T08:07:08+08:00 Loop 89: L105-21R_n2 | DONE
2026-09-30T08:07:08+08:00 L105-21R_n2 | LOOP 89 | FAIL
2026-09-30T08:07:08+08:00   FAIL BF4: Expected at least 1; detected 0
2026-09-30T08:07:08+08:00   WARN PrMo0CPU0EnfEDP0: 2 rows share this sensor name with differing values; review each row
2026-09-30T08:07:08+08:00   WARN PrMo0CPU1EnfEDP0: 2 rows share this sensor name with differing values; review each row
2026-09-30T08:07:09+08:00 Loop 90: starting 3 target(s) concurrently
2026-09-30T08:07:10+08:00 Loop 90: L105-21R_n2 | aux cycle sent
2026-09-30T08:07:10+08:00 Loop 90: L105-21R_n2 | waiting OS boot
2026-09-30T08:07:10+08:00 Loop 90: L105-21R_n1 | aux cycle sent
2026-09-30T08:07:10+08:00 Loop 90: L105-21R_n1 | waiting OS boot
2026-09-30T08:07:10+08:00 Loop 90: L105-21R_n3 | aux cycle sent
2026-09-30T08:07:10+08:00 Loop 90: L105-21R_n3 | waiting OS boot
2026-09-30T08:07:39+08:00 Loop 90: still running — L105-21R_n1: waiting OS boot, L105-21R_n2: waiting OS boot, L105-21R_n3: waiting OS boot
2026-09-30T08:08:09+08:00 Loop 90: still running — L105-21R_n1: waiting OS boot, L105-21R_n2: waiting OS boot, L105-21R_n3: waiting OS boot
2026-09-30T08:08:39+08:00 Loop 90: still running — L105-21R_n1: waiting OS boot, L105-21R_n2: waiting OS boot, L105-21R_n3: waiting OS boot
2026-09-30T08:09:09+08:00 Loop 90: still running — L105-21R_n1: waiting OS boot, L105-21R_n2: waiting OS boot, L105-21R_n3: waiting OS boot
2026-09-30T08:09:39+08:00 Loop 90: still running — L105-21R_n1: waiting OS boot, L105-21R_n2: waiting OS boot, L105-21R_n3: waiting OS boot
2026-09-30T08:10:09+08:00 Loop 90: still running — L105-21R_n1: waiting OS boot, L105-21R_n2: waiting OS boot, L105-21R_n3: waiting OS boot
2026-09-30T08:10:39+08:00 Loop 90: still running — L105-21R_n1: waiting OS boot, L105-21R_n2: waiting OS boot, L105-21R_n3: waiting OS boot
2026-09-30T08:11:09+08:00 Loop 90: still running — L105-21R_n1: waiting OS boot, L105-21R_n2: waiting OS boot, L105-21R_n3: waiting OS boot
2026-09-30T08:11:39+08:00 Loop 90: still running — L105-21R_n1: waiting OS boot, L105-21R_n2: waiting OS boot, L105-21R_n3: waiting OS boot
2026-09-30T08:11:48+08:00 Loop 90: L105-21R_n2 | OS up, system check running
2026-09-30T08:11:49+08:00 Loop 90: L105-21R_n3 | OS up, system check running
2026-09-30T08:11:54+08:00 Loop 90: L105-21R_n1 | OS up, system check running
2026-09-30T08:12:09+08:00 Loop 90: still running — L105-21R_n1: OS up, system check running, L105-21R_n2: OS up, system check running, L105-21R_n3: OS up, system check running
2026-09-30T08:12:09+08:00 Loop 90: L105-21R_n2 | system check done
2026-09-30T08:12:09+08:00 Loop 90: L105-21R_n2 | DONE
2026-09-30T08:12:09+08:00 L105-21R_n2 | LOOP 90 | FAIL
2026-09-30T08:12:09+08:00   FAIL BF4: Expected at least 1; detected 0
2026-09-30T08:12:09+08:00   WARN PrMo0CPU0EnfEDP0: 2 rows share this sensor name with differing values; review each row
2026-09-30T08:12:09+08:00   WARN PrMo0CPU1EnfEDP0: 2 rows share this sensor name with differing values; review each row
2026-09-30T08:12:09+08:00 Loop 90: L105-21R_n3 | system check done
2026-09-30T08:12:09+08:00 Loop 90: L105-21R_n3 | DONE
2026-09-30T08:12:09+08:00 L105-21R_n3 | LOOP 90 | FAIL
2026-09-30T08:12:09+08:00   FAIL BF4: Expected at least 1; detected 0
2026-09-30T08:12:09+08:00   WARN PrMo0CPU0EnfEDP0: 2 rows share this sensor name with differing values; review each row
2026-09-30T08:12:09+08:00   WARN PrMo0CPU1EnfEDP0: 2 rows share this sensor name with differing values; review each row
2026-09-30T08:12:14+08:00 Loop 90: L105-21R_n1 | system check done
2026-09-30T08:12:14+08:00 Loop 90: L105-21R_n1 | DONE
2026-09-30T08:12:14+08:00 L105-21R_n1 | LOOP 90 | FAIL
2026-09-30T08:12:14+08:00   FAIL BF4: Expected at least 1; detected 0
2026-09-30T08:12:14+08:00   FAIL 0004:01:00.0: Non-Volatile memory controller: KIOXIA Corporation NVMe SSD Controller XD8 (rev 01) (prog-if 02 [NVM Express]): LnkSta: Speed 32GT/s, Width x2 (downgraded)
2026-09-30T08:12:14+08:00   WARN PrMo0CPU0EnfEDP0: 2 rows share this sensor name with differing values; review each row
2026-09-30T08:12:14+08:00   WARN PrMo0CPU1EnfEDP0: 2 rows share this sensor name with differing values; review each row
2026-09-30T08:12:15+08:00 Loop 91: starting 3 target(s) concurrently
2026-09-30T08:12:16+08:00 Loop 91: L105-21R_n3 | aux cycle sent
2026-09-30T08:12:16+08:00 Loop 91: L105-21R_n3 | waiting OS boot
2026-09-30T08:12:16+08:00 Loop 91: L105-21R_n2 | aux cycle sent
2026-09-30T08:12:16+08:00 Loop 91: L105-21R_n2 | waiting OS boot
2026-09-30T08:12:16+08:00 Loop 91: L105-21R_n1 | aux cycle sent
2026-09-30T08:12:16+08:00 Loop 91: L105-21R_n1 | waiting OS boot
2026-09-30T08:12:45+08:00 Loop 91: still running — L105-21R_n1: waiting OS boot, L105-21R_n2: waiting OS boot, L105-21R_n3: waiting OS boot
2026-09-30T08:13:15+08:00 Loop 91: still running — L105-21R_n1: waiting OS boot, L105-21R_n2: waiting OS boot, L105-21R_n3: waiting OS boot
2026-09-30T08:13:45+08:00 Loop 91: still running — L105-21R_n1: waiting OS boot, L105-21R_n2: waiting OS boot, L105-21R_n3: waiting OS boot
2026-09-30T08:14:15+08:00 Loop 91: still running — L105-21R_n1: waiting OS boot, L105-21R_n2: waiting OS boot, L105-21R_n3: waiting OS boot
2026-09-30T08:14:45+08:00 Loop 91: still running — L105-21R_n1: waiting OS boot, L105-21R_n2: waiting OS boot, L105-21R_n3: waiting OS boot
2026-09-30T08:15:15+08:00 Loop 91: still running — L105-21R_n1: waiting OS boot, L105-21R_n2: waiting OS boot, L105-21R_n3: waiting OS boot
2026-09-30T08:15:45+08:00 Loop 91: still running — L105-21R_n1: waiting OS boot, L105-21R_n2: waiting OS boot, L105-21R_n3: waiting OS boot
2026-09-30T08:16:15+08:00 Loop 91: still running — L105-21R_n1: waiting OS boot, L105-21R_n2: waiting OS boot, L105-21R_n3: waiting OS boot
2026-09-30T08:16:45+08:00 Loop 91: still running — L105-21R_n1: waiting OS boot, L105-21R_n2: waiting OS boot, L105-21R_n3: waiting OS boot
2026-09-30T08:16:50+08:00 Loop 91: L105-21R_n1 | OS up, system check running
2026-09-30T08:16:56+08:00 Loop 91: L105-21R_n2 | OS up, system check running
2026-09-30T08:16:56+08:00 Loop 91: L105-21R_n3 | OS up, system check running
2026-09-30T08:17:12+08:00 Loop 91: L105-21R_n1 | system check done
2026-09-30T08:17:12+08:00 Loop 91: L105-21R_n1 | DONE
2026-09-30T08:17:12+08:00 L105-21R_n1 | LOOP 91 | FAIL
2026-09-30T08:17:12+08:00   FAIL BF4: Expected at least 1; detected 0
2026-09-30T08:17:12+08:00   FAIL 0004:01:00.0: Non-Volatile memory controller: KIOXIA Corporation NVMe SSD Controller XD8 (rev 01) (prog-if 02 [NVM Express]): LnkSta: Speed 32GT/s, Width x2 (downgraded)
2026-09-30T08:17:12+08:00   WARN PrMo0CPU0EnfEDP0: 2 rows share this sensor name with differing values; review each row
2026-09-30T08:17:12+08:00   WARN PrMo0CPU1EnfEDP0: 2 rows share this sensor name with differing values; review each row
2026-09-30T08:17:17+08:00 Loop 91: L105-21R_n3 | system check done
2026-09-30T08:17:17+08:00 Loop 91: L105-21R_n3 | DONE
2026-09-30T08:17:17+08:00 L105-21R_n3 | LOOP 91 | FAIL
2026-09-30T08:17:17+08:00   FAIL BF4: Expected at least 1; detected 0
2026-09-30T08:17:17+08:00   WARN PrMo0CPU0EnfEDP0: 2 rows share this sensor name with differing values; review each row
2026-09-30T08:17:17+08:00   WARN PrMo0CPU1EnfEDP0: 2 rows share this sensor name with differing values; review each row
2026-09-30T08:17:17+08:00 Loop 91: L105-21R_n2 | system check done
2026-09-30T08:17:17+08:00 Loop 91: L105-21R_n2 | DONE
2026-09-30T08:17:17+08:00 L105-21R_n2 | LOOP 91 | FAIL
2026-09-30T08:17:17+08:00   FAIL BF4: Expected at least 1; detected 0
2026-09-30T08:17:17+08:00   WARN PrMo0CPU0EnfEDP0: 2 rows share this sensor name with differing values; review each row
2026-09-30T08:17:17+08:00   WARN PrMo0CPU1EnfEDP0: 2 rows share this sensor name with differing values; review each row
2026-09-30T08:17:17+08:00 Loop 92: starting 3 target(s) concurrently
2026-09-30T08:17:19+08:00 Loop 92: L105-21R_n1 | aux cycle sent
2026-09-30T08:17:19+08:00 Loop 92: L105-21R_n1 | waiting OS boot
2026-09-30T08:17:19+08:00 Loop 92: L105-21R_n2 | aux cycle sent
2026-09-30T08:17:19+08:00 Loop 92: L105-21R_n2 | waiting OS boot
2026-09-30T08:17:19+08:00 Loop 92: L105-21R_n3 | aux cycle sent
2026-09-30T08:17:19+08:00 Loop 92: L105-21R_n3 | waiting OS boot
2026-09-30T08:17:47+08:00 Loop 92: still running — L105-21R_n1: waiting OS boot, L105-21R_n2: waiting OS boot, L105-21R_n3: waiting OS boot
2026-09-30T08:18:17+08:00 Loop 92: still running — L105-21R_n1: waiting OS boot, L105-21R_n2: waiting OS boot, L105-21R_n3: waiting OS boot
2026-09-30T08:18:47+08:00 Loop 92: still running — L105-21R_n1: waiting OS boot, L105-21R_n2: waiting OS boot, L105-21R_n3: waiting OS boot
2026-09-30T08:19:17+08:00 Loop 92: still running — L105-21R_n1: waiting OS boot, L105-21R_n2: waiting OS boot, L105-21R_n3: waiting OS boot
2026-09-30T08:19:47+08:00 Loop 92: still running — L105-21R_n1: waiting OS boot, L105-21R_n2: waiting OS boot, L105-21R_n3: waiting OS boot
2026-09-30T08:20:17+08:00 Loop 92: still running — L105-21R_n1: waiting OS boot, L105-21R_n2: waiting OS boot, L105-21R_n3: waiting OS boot
2026-09-30T08:20:47+08:00 Loop 92: still running — L105-21R_n1: waiting OS boot, L105-21R_n2: waiting OS boot, L105-21R_n3: waiting OS boot
2026-09-30T08:21:17+08:00 Loop 92: still running — L105-21R_n1: waiting OS boot, L105-21R_n2: waiting OS boot, L105-21R_n3: waiting OS boot
2026-09-30T08:21:47+08:00 Loop 92: still running — L105-21R_n1: waiting OS boot, L105-21R_n2: waiting OS boot, L105-21R_n3: waiting OS boot
2026-09-30T08:21:52+08:00 Loop 92: L105-21R_n1 | OS up, system check running
2026-09-30T08:21:59+08:00 Loop 92: L105-21R_n2 | OS up, system check running
2026-09-30T08:21:59+08:00 Loop 92: L105-21R_n3 | OS up, system check running
2026-09-30T08:22:15+08:00 Loop 92: L105-21R_n1 | system check done
2026-09-30T08:22:15+08:00 Loop 92: L105-21R_n1 | DONE
2026-09-30T08:22:15+08:00 L105-21R_n1 | LOOP 92 | FAIL
2026-09-30T08:22:15+08:00   FAIL BF4: Expected at least 1; detected 0
2026-09-30T08:22:15+08:00   FAIL 0004:01:00.0: Non-Volatile memory controller: KIOXIA Corporation NVMe SSD Controller XD8 (rev 01) (prog-if 02 [NVM Express]): LnkSta: Speed 32GT/s, Width x2 (downgraded)
2026-09-30T08:22:15+08:00   WARN PrMo0CPU0EnfEDP0: 2 rows share this sensor name with differing values; review each row
2026-09-30T08:22:15+08:00   WARN PrMo0CPU1EnfEDP0: 2 rows share this sensor name with differing values; review each row
2026-09-30T08:22:19+08:00 Loop 92: L105-21R_n2 | system check done
2026-09-30T08:22:19+08:00 Loop 92: L105-21R_n2 | DONE
2026-09-30T08:22:19+08:00 L105-21R_n2 | LOOP 92 | FAIL
2026-09-30T08:22:19+08:00   FAIL BF4: Expected at least 1; detected 0
2026-09-30T08:22:19+08:00   WARN PrMo0CPU0EnfEDP0: 2 rows share this sensor name with differing values; review each row
2026-09-30T08:22:19+08:00   WARN PrMo0CPU1EnfEDP0: 2 rows share this sensor name with differing values; review each row
2026-09-30T08:22:20+08:00 Loop 92: L105-21R_n3 | system check done
2026-09-30T08:22:20+08:00 Loop 92: L105-21R_n3 | DONE
2026-09-30T08:22:20+08:00 L105-21R_n3 | LOOP 92 | FAIL
2026-09-30T08:22:20+08:00   FAIL BF4: Expected at least 1; detected 0
2026-09-30T08:22:20+08:00   WARN PrMo0CPU0EnfEDP0: 2 rows share this sensor name with differing values; review each row
2026-09-30T08:22:20+08:00   WARN PrMo0CPU1EnfEDP0: 2 rows share this sensor name with differing values; review each row
2026-09-30T08:22:20+08:00 Loop 93: starting 3 target(s) concurrently
2026-09-30T08:22:22+08:00 Loop 93: L105-21R_n1 | aux cycle sent
2026-09-30T08:22:22+08:00 Loop 93: L105-21R_n1 | waiting OS boot
2026-09-30T08:22:22+08:00 Loop 93: L105-21R_n2 | aux cycle sent
2026-09-30T08:22:22+08:00 Loop 93: L105-21R_n2 | waiting OS boot
2026-09-30T08:22:22+08:00 Loop 93: L105-21R_n3 | aux cycle sent
2026-09-30T08:22:22+08:00 Loop 93: L105-21R_n3 | waiting OS boot
2026-09-30T08:22:50+08:00 Loop 93: still running — L105-21R_n1: waiting OS boot, L105-21R_n2: waiting OS boot, L105-21R_n3: waiting OS boot
2026-09-30T08:23:20+08:00 Loop 93: still running — L105-21R_n1: waiting OS boot, L105-21R_n2: waiting OS boot, L105-21R_n3: waiting OS boot
2026-09-30T08:23:50+08:00 Loop 93: still running — L105-21R_n1: waiting OS boot, L105-21R_n2: waiting OS boot, L105-21R_n3: waiting OS boot
2026-09-30T08:24:20+08:00 Loop 93: still running — L105-21R_n1: waiting OS boot, L105-21R_n2: waiting OS boot, L105-21R_n3: waiting OS boot
2026-09-30T08:24:50+08:00 Loop 93: still running — L105-21R_n1: waiting OS boot, L105-21R_n2: waiting OS boot, L105-21R_n3: waiting OS boot
2026-09-30T08:25:20+08:00 Loop 93: still running — L105-21R_n1: waiting OS boot, L105-21R_n2: waiting OS boot, L105-21R_n3: waiting OS boot
2026-09-30T08:25:50+08:00 Loop 93: still running — L105-21R_n1: waiting OS boot, L105-21R_n2: waiting OS boot, L105-21R_n3: waiting OS boot
2026-09-30T08:26:20+08:00 Loop 93: still running — L105-21R_n1: waiting OS boot, L105-21R_n2: waiting OS boot, L105-21R_n3: waiting OS boot
2026-09-30T08:26:50+08:00 Loop 93: still running — L105-21R_n1: waiting OS boot, L105-21R_n2: waiting OS boot, L105-21R_n3: waiting OS boot
2026-09-30T08:26:54+08:00 Loop 93: L105-21R_n1 | OS up, system check running
2026-09-30T08:27:00+08:00 Loop 93: L105-21R_n2 | OS up, system check running
2026-09-30T08:27:00+08:00 Loop 93: L105-21R_n3 | OS up, system check running
2026-09-30T08:27:16+08:00 Loop 93: L105-21R_n1 | system check done
2026-09-30T08:27:16+08:00 Loop 93: L105-21R_n1 | DONE
2026-09-30T08:27:16+08:00 L105-21R_n1 | LOOP 93 | FAIL
2026-09-30T08:27:16+08:00   FAIL BF4: Expected at least 1; detected 0
2026-09-30T08:27:16+08:00   FAIL 0004:01:00.0: Non-Volatile memory controller: KIOXIA Corporation NVMe SSD Controller XD8 (rev 01) (prog-if 02 [NVM Express]): LnkSta: Speed 32GT/s, Width x2 (downgraded)
2026-09-30T08:27:16+08:00   WARN PrMo0CPU0EnfEDP0: 2 rows share this sensor name with differing values; review each row
2026-09-30T08:27:16+08:00   WARN PrMo0CPU1EnfEDP0: 2 rows share this sensor name with differing values; review each row
2026-09-30T08:27:21+08:00 Loop 93: L105-21R_n3 | system check done
2026-09-30T08:27:21+08:00 Loop 93: L105-21R_n3 | DONE
2026-09-30T08:27:21+08:00 L105-21R_n3 | LOOP 93 | FAIL
2026-09-30T08:27:21+08:00   FAIL BF4: Expected at least 1; detected 0
2026-09-30T08:27:21+08:00   WARN PrMo0CPU0EnfEDP0: 2 rows share this sensor name with differing values; review each row
2026-09-30T08:27:21+08:00   WARN PrMo0CPU1EnfEDP0: 2 rows share this sensor name with differing values; review each row
2026-09-30T08:27:21+08:00 Loop 93: L105-21R_n2 | system check done
2026-09-30T08:27:21+08:00 Loop 93: L105-21R_n2 | DONE
2026-09-30T08:27:21+08:00 L105-21R_n2 | LOOP 93 | FAIL
2026-09-30T08:27:21+08:00   FAIL BF4: Expected at least 1; detected 0
2026-09-30T08:27:21+08:00   WARN PrMo0CPU0EnfEDP0: 2 rows share this sensor name with differing values; review each row
2026-09-30T08:27:21+08:00   WARN PrMo0CPU1EnfEDP0: 2 rows share this sensor name with differing values; review each row
2026-09-30T08:27:22+08:00 Loop 94: starting 3 target(s) concurrently
2026-09-30T08:27:23+08:00 Loop 94: L105-21R_n3 | aux cycle sent
2026-09-30T08:27:23+08:00 Loop 94: L105-21R_n3 | waiting OS boot
2026-09-30T08:27:23+08:00 Loop 94: L105-21R_n2 | aux cycle sent
2026-09-30T08:27:23+08:00 Loop 94: L105-21R_n2 | waiting OS boot
2026-09-30T08:27:23+08:00 Loop 94: L105-21R_n1 | aux cycle sent
2026-09-30T08:27:23+08:00 Loop 94: L105-21R_n1 | waiting OS boot
2026-09-30T08:27:52+08:00 Loop 94: still running — L105-21R_n1: waiting OS boot, L105-21R_n2: waiting OS boot, L105-21R_n3: waiting OS boot
2026-09-30T08:28:22+08:00 Loop 94: still running — L105-21R_n1: waiting OS boot, L105-21R_n2: waiting OS boot, L105-21R_n3: waiting OS boot
2026-09-30T08:28:52+08:00 Loop 94: still running — L105-21R_n1: waiting OS boot, L105-21R_n2: waiting OS boot, L105-21R_n3: waiting OS boot
2026-09-30T08:29:22+08:00 Loop 94: still running — L105-21R_n1: waiting OS boot, L105-21R_n2: waiting OS boot, L105-21R_n3: waiting OS boot
2026-09-30T08:29:52+08:00 Loop 94: still running — L105-21R_n1: waiting OS boot, L105-21R_n2: waiting OS boot, L105-21R_n3: waiting OS boot
2026-09-30T08:30:22+08:00 Loop 94: still running — L105-21R_n1: waiting OS boot, L105-21R_n2: waiting OS boot, L105-21R_n3: waiting OS boot
2026-09-30T08:30:52+08:00 Loop 94: still running — L105-21R_n1: waiting OS boot, L105-21R_n2: waiting OS boot, L105-21R_n3: waiting OS boot
2026-09-30T08:31:22+08:00 Loop 94: still running — L105-21R_n1: waiting OS boot, L105-21R_n2: waiting OS boot, L105-21R_n3: waiting OS boot
2026-09-30T08:31:52+08:00 Loop 94: still running — L105-21R_n1: waiting OS boot, L105-21R_n2: waiting OS boot, L105-21R_n3: waiting OS boot
2026-09-30T08:31:56+08:00 Loop 94: L105-21R_n1 | OS up, system check running
2026-09-30T08:32:03+08:00 Loop 94: L105-21R_n2 | OS up, system check running
2026-09-30T08:32:03+08:00 Loop 94: L105-21R_n3 | OS up, system check running
2026-09-30T08:32:18+08:00 Loop 94: L105-21R_n1 | system check done
2026-09-30T08:32:18+08:00 Loop 94: L105-21R_n1 | DONE
2026-09-30T08:32:18+08:00 L105-21R_n1 | LOOP 94 | FAIL
2026-09-30T08:32:18+08:00   FAIL BF4: Expected at least 1; detected 0
2026-09-30T08:32:18+08:00   FAIL 0004:01:00.0: Non-Volatile memory controller: KIOXIA Corporation NVMe SSD Controller XD8 (rev 01) (prog-if 02 [NVM Express]): LnkSta: Speed 32GT/s, Width x2 (downgraded)
2026-09-30T08:32:18+08:00   WARN PrMo0CPU0EnfEDP0: 2 rows share this sensor name with differing values; review each row
2026-09-30T08:32:18+08:00   WARN PrMo0CPU1EnfEDP0: 2 rows share this sensor name with differing values; review each row
2026-09-30T08:32:24+08:00 Loop 94: L105-21R_n2 | system check done
2026-09-30T08:32:24+08:00 Loop 94: L105-21R_n2 | DONE
2026-09-30T08:32:24+08:00 L105-21R_n2 | LOOP 94 | FAIL
2026-09-30T08:32:24+08:00   FAIL BF4: Expected at least 1; detected 0
2026-09-30T08:32:24+08:00   WARN PrMo0CPU0EnfEDP0: 2 rows share this sensor name with differing values; review each row
2026-09-30T08:32:24+08:00   WARN PrMo0CPU1EnfEDP0: 2 rows share this sensor name with differing values; review each row
2026-09-30T08:32:24+08:00 Loop 94: L105-21R_n3 | system check done
2026-09-30T08:32:24+08:00 Loop 94: L105-21R_n3 | DONE
2026-09-30T08:32:24+08:00 L105-21R_n3 | LOOP 94 | FAIL
2026-09-30T08:32:24+08:00   FAIL BF4: Expected at least 1; detected 0
2026-09-30T08:32:24+08:00   WARN PrMo0CPU0EnfEDP0: 2 rows share this sensor name with differing values; review each row
2026-09-30T08:32:24+08:00   WARN PrMo0CPU1EnfEDP0: 2 rows share this sensor name with differing values; review each row
2026-09-30T08:32:25+08:00 Loop 95: starting 3 target(s) concurrently
2026-09-30T08:32:26+08:00 Loop 95: L105-21R_n1 | aux cycle sent
2026-09-30T08:32:26+08:00 Loop 95: L105-21R_n1 | waiting OS boot
2026-09-30T08:32:26+08:00 Loop 95: L105-21R_n2 | aux cycle sent
2026-09-30T08:32:26+08:00 Loop 95: L105-21R_n2 | waiting OS boot
2026-09-30T08:32:26+08:00 Loop 95: L105-21R_n3 | aux cycle sent
2026-09-30T08:32:26+08:00 Loop 95: L105-21R_n3 | waiting OS boot
2026-09-30T08:32:55+08:00 Loop 95: still running — L105-21R_n1: waiting OS boot, L105-21R_n2: waiting OS boot, L105-21R_n3: waiting OS boot
2026-09-30T08:33:25+08:00 Loop 95: still running — L105-21R_n1: waiting OS boot, L105-21R_n2: waiting OS boot, L105-21R_n3: waiting OS boot
2026-09-30T08:33:55+08:00 Loop 95: still running — L105-21R_n1: waiting OS boot, L105-21R_n2: waiting OS boot, L105-21R_n3: waiting OS boot
2026-09-30T08:34:25+08:00 Loop 95: still running — L105-21R_n1: waiting OS boot, L105-21R_n2: waiting OS boot, L105-21R_n3: waiting OS boot
2026-09-30T08:34:55+08:00 Loop 95: still running — L105-21R_n1: waiting OS boot, L105-21R_n2: waiting OS boot, L105-21R_n3: waiting OS boot
2026-09-30T08:35:25+08:00 Loop 95: still running — L105-21R_n1: waiting OS boot, L105-21R_n2: waiting OS boot, L105-21R_n3: waiting OS boot
2026-09-30T08:35:55+08:00 Loop 95: still running — L105-21R_n1: waiting OS boot, L105-21R_n2: waiting OS boot, L105-21R_n3: waiting OS boot
2026-09-30T08:36:25+08:00 Loop 95: still running — L105-21R_n1: waiting OS boot, L105-21R_n2: waiting OS boot, L105-21R_n3: waiting OS boot
2026-09-30T08:36:55+08:00 Loop 95: still running — L105-21R_n1: waiting OS boot, L105-21R_n2: waiting OS boot, L105-21R_n3: waiting OS boot
2026-09-30T08:36:59+08:00 Loop 95: L105-21R_n1 | OS up, system check running
2026-09-30T08:37:04+08:00 Loop 95: L105-21R_n3 | OS up, system check running
2026-09-30T08:37:04+08:00 Loop 95: L105-21R_n2 | OS up, system check running
2026-09-30T08:37:21+08:00 Loop 95: L105-21R_n1 | system check done
2026-09-30T08:37:21+08:00 Loop 95: L105-21R_n1 | DONE
2026-09-30T08:37:21+08:00 L105-21R_n1 | LOOP 95 | FAIL
2026-09-30T08:37:21+08:00   FAIL BF4: Expected at least 1; detected 0
2026-09-30T08:37:21+08:00   FAIL 0004:01:00.0: Non-Volatile memory controller: KIOXIA Corporation NVMe SSD Controller XD8 (rev 01) (prog-if 02 [NVM Express]): LnkSta: Speed 32GT/s, Width x2 (downgraded)
2026-09-30T08:37:21+08:00   WARN PrMo0CPU0EnfEDP0: 2 rows share this sensor name with differing values; review each row
2026-09-30T08:37:21+08:00   WARN PrMo0CPU1EnfEDP0: 2 rows share this sensor name with differing values; review each row
2026-09-30T08:37:25+08:00 Loop 95: L105-21R_n2 | system check done
2026-09-30T08:37:25+08:00 Loop 95: L105-21R_n2 | DONE
2026-09-30T08:37:25+08:00 L105-21R_n2 | LOOP 95 | FAIL
2026-09-30T08:37:25+08:00   FAIL BF4: Expected at least 1; detected 0
2026-09-30T08:37:25+08:00   WARN PrMo0CPU0EnfEDP0: 2 rows share this sensor name with differing values; review each row
2026-09-30T08:37:25+08:00   WARN PrMo0CPU1EnfEDP0: 2 rows share this sensor name with differing values; review each row
2026-09-30T08:37:25+08:00 Loop 95: L105-21R_n3 | system check done
2026-09-30T08:37:25+08:00 Loop 95: L105-21R_n3 | DONE
2026-09-30T08:37:25+08:00 L105-21R_n3 | LOOP 95 | FAIL
2026-09-30T08:37:25+08:00   FAIL BF4: Expected at least 1; detected 0
2026-09-30T08:37:25+08:00   WARN PrMo0CPU0EnfEDP0: 2 rows share this sensor name with differing values; review each row
2026-09-30T08:37:25+08:00   WARN PrMo0CPU1EnfEDP0: 2 rows share this sensor name with differing values; review each row
2026-09-30T08:37:26+08:00 ============================================================
2026-09-30T08:37:26+08:00 FINISHED: COMPLETE | Health: FAIL | Completed node-loops: 285
2026-09-30T08:37:26+08:00 Report: /root/vera-cycle/campaigns/neutrino_20260930_003414+0800_ca731e/CYCLE_REVIEW_REPORT.html
2026-09-30T08:37:26+08:00 ============================================================
